Longitude,Latitude,Crop,Olsen-P,MAP,MAT,PET,SOC,pH,BULK,CEC,CLAY,SILT,SAND,SLOPE,IRR,Pfer,Nfer,Kfer,P loss,
119.33,31.45,Rice,27.34,1260.91,16.68,981.51,15.72,6.18,1.75,14.01,22.99,36.68,40.33,0.40,1.00,1.00,1.00,1.00,0.50,
119.33,31.45,Rice,27.34,1260.91,16.68,981.51,15.72,6.18,1.75,14.01,22.99,36.68,40.33,0.40,1.00,1.00,1.00,1.00,0.63,
119.33,31.45,Rice,27.34,1260.91,16.68,981.51,15.72,6.18,1.75,14.01,22.99,36.68,40.33,0.40,1.00,1.00,1.00,1.00,0.78,
119.33,31.45,Rice,27.34,1260.91,16.68,981.51,15.72,6.18,1.75,14.01,22.99,36.68,40.33,0.40,1.00,1.00,1.00,1.00,0.39,
119.33,31.45,Rice,27.34,1260.91,16.68,981.51,15.72,6.18,1.75,14.01,22.99,36.68,40.33,0.40,1.00,1.00,1.00,1.00,0.51,
119.33,31.45,Rice,27.34,1260.91,16.68,981.51,15.72,6.18,1.75,14.01,22.99,36.68,40.33,0.40,1.00,1.00,1.00,1.00,0.70,
128.83,45.85,Rice,56.51,579.70,3.25,731.89,18.42,6.19,1.77,20.91,24.91,47.53,27.57,0.16,0.00,1.30,1.00,1.00,0.63,
128.83,45.85,Rice,56.51,579.70,3.25,731.89,18.42,6.19,1.77,20.91,24.91,47.53,27.57,0.16,0.00,1.30,1.00,1.00,0.59,
128.83,45.85,Rice,56.51,579.70,3.25,731.89,18.42,6.19,1.77,20.91,24.91,47.53,27.57,0.16,0.00,1.00,1.00,1.00,0.34,
128.83,45.85,Rice,56.51,579.70,3.25,731.89,18.42,6.19,1.77,20.91,24.91,47.53,27.57,0.16,0.00,1.52,1.00,1.00,0.49,
128.83,45.85,Rice,56.51,579.70,3.25,731.89,18.42,6.19,1.77,20.91,24.91,47.53,27.57,0.16,0.00,1.91,1.00,1.00,0.87,
113.82,28.33,Maize,12.23,1552.30,17.30,979.60,6.55,5.69,1.73,9.95,21.76,31.78,46.46,5.12,0.00,0.00,0.00,0.00,0.29,
113.82,28.33,Maize,12.23,1552.30,17.30,979.60,6.55,5.69,1.73,9.95,21.76,31.78,46.46,5.12,0.00,1.43,1.00,1.00,1.14,
113.82,28.33,Maize,12.23,1552.30,17.30,979.60,6.55,5.69,1.73,9.95,21.76,31.78,46.46,5.12,0.00,1.29,1.00,1.00,0.72,
113.82,28.33,Maize,12.23,1552.30,17.30,979.60,6.55,5.69,1.73,9.95,21.76,31.78,46.46,5.12,0.00,1.14,1.00,1.00,0.78,
113.82,28.33,Maize,12.23,1552.30,17.30,979.60,6.55,5.69,1.73,9.95,21.76,31.78,46.46,5.12,0.00,1.00,1.00,1.00,0.69,
113.13,28.29,Rice,9.17,1422.00,17.50,1272.00,17.50,5.10,1.31,15.90,21.97,35.83,42.20,0.80,1.00,1.00,1.00,1.00,0.26,
113.13,28.29,Rice,9.17,1422.00,17.50,1272.00,17.50,5.10,1.31,15.90,21.97,35.83,42.20,0.80,1.00,1.00,1.00,1.00,0.67,
113.13,28.29,Rice,9.17,1422.00,17.50,1272.00,17.50,5.10,1.31,15.90,21.97,35.83,42.20,0.80,1.00,1.00,1.00,1.00,0.47,
113.13,28.29,Rice,9.17,1422.00,17.50,1272.00,17.50,5.10,1.31,15.90,21.97,35.83,42.20,0.80,1.00,1.00,1.00,1.00,0.81,
113.13,28.29,Rice,9.17,1422.00,17.50,1272.00,17.50,5.10,1.31,15.90,21.97,35.83,42.20,0.80,1.00,1.00,1.00,1.00,0.30,
113.13,28.29,Rice,9.17,1422.00,17.50,1272.00,17.50,5.10,1.31,15.90,21.97,35.83,42.20,0.80,1.00,1.00,1.00,1.00,0.94,
113.13,28.29,Rice,9.17,1422.00,17.50,1272.00,17.50,5.10,1.31,15.90,21.97,35.83,42.20,0.80,1.00,1.00,1.00,1.00,0.24,
113.13,28.29,Rice,9.17,1422.00,17.50,1272.00,17.50,5.10,1.31,15.90,21.97,35.83,42.20,0.80,1.00,1.00,1.00,1.00,0.65,
113.13,28.29,Rice,9.17,1422.00,17.50,1272.00,17.50,5.10,1.31,15.90,21.97,35.83,42.20,0.80,1.00,1.00,1.00,1.00,0.46,
113.13,28.29,Rice,9.17,1422.00,17.50,1272.00,17.50,5.10,1.31,15.90,21.97,35.83,42.20,0.80,1.00,1.00,1.00,1.00,1.15,
113.13,28.29,Rice,9.17,1422.00,17.50,1272.00,17.50,5.10,1.31,15.90,21.97,35.83,42.20,0.80,1.00,1.45,1.00,1.00,1.55,
113.13,28.29,Rice,9.17,1422.00,17.50,1272.00,17.50,5.10,1.31,15.90,21.97,35.83,42.20,0.80,1.00,1.81,1.00,1.00,1.27,
113.13,28.29,Rice,9.17,1422.00,17.50,1272.00,17.50,5.10,1.31,15.90,21.97,35.83,42.20,0.80,1.00,1.00,1.00,1.00,0.37,
113.13,28.29,Rice,9.17,1422.00,17.50,1272.00,17.50,5.10,1.31,15.90,21.97,35.83,42.20,0.80,1.00,1.00,1.00,1.00,0.60,
113.13,28.29,Rice,9.17,1422.00,17.50,1272.00,17.50,5.10,1.31,15.90,21.97,35.83,42.20,0.80,1.00,1.00,1.00,1.00,0.54,
113.13,28.29,Rice,9.17,1422.00,17.50,1272.00,17.50,5.10,1.31,15.90,21.97,35.83,42.20,0.80,1.00,1.00,1.00,1.00,1.11,
104.19,30.03,Maize,4.02,1307.37,17.40,814.82,2.96,8.18,1.75,16.81,22.38,33.62,44.00,15.00,1.00,0.00,0.00,0.00,0.01,
104.19,30.03,Maize,4.02,1307.37,17.40,814.82,2.96,8.18,1.75,16.81,22.38,33.62,44.00,15.00,1.00,0.82,1.00,1.00,0.02,
104.19,30.03,Maize,4.02,1307.37,17.40,814.82,2.96,8.18,1.75,16.81,22.38,33.62,44.00,15.00,1.00,1.00,1.00,1.00,0.02,
104.19,30.03,Maize,4.02,1307.37,17.40,814.82,2.96,8.18,1.75,16.81,22.38,33.62,44.00,15.00,1.00,1.36,1.00,1.00,0.02,
104.19,30.03,Maize,4.02,1307.37,17.40,814.82,2.96,8.18,1.75,16.81,22.38,33.62,44.00,15.00,1.00,1.00,1.00,1.00,0.02,
104.19,30.03,Maize,4.02,1307.37,17.40,814.82,2.96,8.18,1.75,16.81,22.38,33.62,44.00,15.00,1.00,1.00,1.00,1.00,0.02,
120.48,28.77,Rice,19.90,1796.80,17.70,928.30,25.75,4.99,1.74,13.75,23.02,35.50,41.48,10.05,0.00,0.53,1.00,1.00,2.33,
120.48,28.77,Rice,19.90,1796.80,17.70,928.30,25.75,4.99,1.74,13.75,23.02,35.50,41.48,10.05,0.00,1.00,1.00,1.00,2.19,
120.48,28.77,Rice,19.90,1796.80,17.70,928.30,25.75,4.99,1.74,13.75,23.02,35.50,41.48,10.05,0.00,0.53,1.00,1.00,2.61,
120.48,28.77,Other crops,19.90,1796.80,17.70,928.30,25.75,4.99,1.74,13.75,23.02,35.50,41.48,10.05,0.00,0.60,1.00,1.00,0.44,
120.48,28.77,Other crops,19.90,1796.80,17.70,928.30,25.75,4.99,1.74,13.75,23.02,35.50,41.48,10.05,0.00,1.00,1.00,1.00,0.35,
120.48,28.77,Other crops,19.90,1796.80,17.70,928.30,25.75,4.99,1.74,13.75,23.02,35.50,41.48,10.05,0.00,0.60,1.00,1.00,0.36,
121.14,43.66,Maize,15.62,338.30,5.90,1030.41,7.07,8.22,1.65,12.28,17.86,28.65,53.50,0.16,0.00,1.36,1.00,1.00,0.23,
121.14,43.66,Maize,15.62,338.30,5.90,1030.41,7.07,8.22,1.65,12.28,17.86,28.65,53.50,0.16,0.00,1.00,1.00,1.00,0.14,
121.14,43.66,Maize,15.62,338.30,5.90,1030.41,7.07,8.22,1.65,12.28,17.86,28.65,53.50,0.16,0.00,1.00,1.00,1.00,0.09,
119.82,31.35,Other crops,26.67,1103.40,17.10,972.18,11.53,6.23,1.75,14.14,23.27,36.12,40.61,1.12,0.00,1.00,1.00,1.00,0.26,
119.82,31.35,Other crops,26.67,1103.40,17.10,972.18,11.53,6.23,1.75,14.14,23.27,36.12,40.61,1.12,0.00,1.00,1.00,1.00,1.97,
119.82,31.35,Other crops,26.67,1103.40,17.10,972.18,11.53,6.23,1.75,14.14,23.27,36.12,40.61,1.12,0.00,1.00,1.00,1.00,0.34,
119.82,31.35,Other crops,26.67,1103.40,17.10,972.18,11.53,6.23,1.75,14.14,23.27,36.12,40.61,1.12,0.00,1.00,1.00,1.00,3.21,
119.82,31.35,Other crops,26.67,1103.40,17.10,972.18,11.53,6.23,1.75,14.14,23.27,36.12,40.61,1.12,0.00,1.00,1.00,1.00,0.31,
119.82,31.35,Other crops,26.67,1103.40,17.10,972.18,11.53,6.23,1.75,14.14,23.27,36.12,40.61,1.12,0.00,1.00,1.00,1.00,2.73,
119.82,31.35,Other crops,26.67,1103.40,17.10,972.18,11.53,6.23,1.75,14.14,23.27,36.12,40.61,1.12,0.00,1.00,1.00,1.00,0.36,
119.82,31.35,Other crops,26.67,1103.40,17.10,972.18,11.53,6.23,1.75,14.14,23.27,36.12,40.61,1.12,0.00,1.00,1.00,1.00,3.29,
119.82,31.35,Other crops,26.67,1103.40,17.10,972.18,11.53,6.23,1.75,14.14,23.27,36.12,40.61,1.12,0.00,1.00,1.00,1.00,0.34,
119.82,31.35,Other crops,26.67,1103.40,17.10,972.18,11.53,6.23,1.75,14.14,23.27,36.12,40.61,1.12,0.00,1.00,1.00,1.00,3.32,
119.82,31.35,Other crops,26.67,1103.40,17.10,972.18,11.53,6.23,1.75,14.14,23.27,36.12,40.61,1.12,0.00,1.00,1.00,1.00,0.41,
119.82,31.35,Other crops,26.67,1103.40,17.10,972.18,11.53,6.23,1.75,14.14,23.27,36.12,40.61,1.12,0.00,1.00,1.00,1.00,3.48,
112.49,28.52,Rice,13.77,1432.80,16.50,951.83,20.78,5.16,1.77,13.56,41.75,21.96,36.29,0.33,0.00,0.00,0.00,0.00,0.08,
112.49,28.52,Rice,13.77,1432.80,16.50,951.83,20.78,5.16,1.77,13.56,41.75,21.96,36.29,0.33,0.00,1.25,1.00,1.00,0.26,
112.49,28.52,Rice,13.77,1432.80,16.50,951.83,20.78,5.16,1.77,13.56,41.75,21.96,36.29,0.33,0.00,1.25,1.00,1.00,0.33,
112.49,28.52,Rice,13.77,1432.80,16.50,951.83,20.78,5.16,1.77,13.56,41.75,21.96,36.29,0.33,0.00,1.00,1.00,1.00,0.19,
112.49,28.52,Rice,13.77,1432.80,16.50,951.83,20.78,5.16,1.77,13.56,41.75,21.96,36.29,0.33,0.00,1.25,1.00,1.00,0.25,
113.43,23.39,Other crops,33.90,1694.10,21.80,1088.17,9.57,6.36,1.79,11.11,25.49,30.68,43.83,1.04,1.00,0.00,0.00,0.00,4.93,
113.43,23.39,Other crops,33.90,1694.10,21.80,1088.17,9.57,6.36,1.79,11.11,25.49,30.68,43.83,1.04,1.00,1.00,1.00,1.00,4.51,
113.43,23.39,Other crops,33.90,1694.10,21.80,1088.17,9.57,6.36,1.79,11.11,25.49,30.68,43.83,1.04,1.00,1.00,1.00,1.00,4.69,
113.43,23.39,Other crops,33.90,1694.10,21.80,1088.17,9.57,6.36,1.79,11.11,25.49,30.68,43.83,1.04,1.00,1.00,1.00,1.00,4.42,
113.43,23.39,Other crops,33.90,1694.10,21.80,1088.17,9.57,6.36,1.79,11.11,25.49,30.68,43.83,1.04,1.00,1.00,1.00,1.00,4.37,
113.43,23.39,Other crops,33.90,1694.10,21.80,1088.17,9.57,6.36,1.79,11.11,25.49,30.68,43.83,1.04,1.00,1.31,1.00,1.00,4.87,
113.43,23.39,Other crops,33.90,1694.10,21.80,1088.17,9.57,6.36,1.79,11.11,25.49,30.68,43.83,1.04,1.00,1.31,1.00,1.00,4.50,
108.15,23.28,Other crops,31.00,1400.00,21.00,1016.16,15.49,5.20,1.80,8.08,25.67,25.95,48.38,0.61,0.00,1.00,1.00,1.00,0.25,
108.15,23.28,Maize,24.00,1400.00,21.00,1016.16,14.85,5.60,1.80,8.08,25.67,25.95,48.38,0.61,0.00,1.53,1.00,1.00,0.16,
117.79,31.65,Wheat,25.97,996.00,16.00,1020.16,19.76,6.99,1.77,14.24,24.05,35.87,40.08,0.23,0.00,0.00,0.00,0.00,0.03,
117.79,31.65,Wheat,25.97,996.00,16.00,1020.16,19.76,6.99,1.77,14.24,24.05,35.87,40.08,0.23,0.00,0.75,1.00,1.00,0.09,
117.79,31.65,Wheat,25.97,996.00,16.00,1020.16,19.76,6.99,1.77,14.24,24.05,35.87,40.08,0.23,0.00,1.00,1.00,1.00,0.08,
117.79,31.65,Wheat,25.97,996.00,16.00,1020.16,19.76,6.99,1.77,14.24,24.05,35.87,40.08,0.23,0.00,1.00,1.00,1.00,0.05,
117.79,31.65,Wheat,25.97,996.00,16.00,1020.16,19.76,6.99,1.77,14.24,24.05,35.87,40.08,0.23,0.00,0.50,1.00,1.00,0.05,
117.79,31.65,Wheat,25.97,996.00,16.00,1020.16,19.76,6.99,1.77,14.24,24.05,35.87,40.08,0.23,0.00,1.00,1.00,1.00,0.11,
117.79,31.65,Rice,25.97,996.00,16.00,1020.16,19.76,6.99,1.77,14.24,24.05,35.87,40.08,0.23,0.00,0.00,0.00,0.00,0.27,
117.79,31.65,Rice,25.97,996.00,16.00,1020.16,19.76,6.99,1.77,14.24,24.05,35.87,40.08,0.23,0.00,1.24,1.00,1.00,0.52,
117.79,31.65,Rice,25.97,996.00,16.00,1020.16,19.76,6.99,1.77,14.24,24.05,35.87,40.08,0.23,0.00,1.00,1.00,1.00,0.71,
117.79,31.65,Rice,25.97,996.00,16.00,1020.16,19.76,6.99,1.77,14.24,24.05,35.87,40.08,0.23,0.00,1.00,1.00,1.00,0.80,
117.79,31.65,Rice,25.97,996.00,16.00,1020.16,19.76,6.99,1.77,14.24,24.05,35.87,40.08,0.23,0.00,0.50,1.00,1.00,0.62,
117.79,31.65,Rice,25.97,996.00,16.00,1020.16,19.76,6.99,1.77,14.24,24.05,35.87,40.08,0.23,0.00,0.92,1.00,1.00,0.88,
103.86,30.25,Wheat,24.36,1346.42,17.35,825.25,14.81,6.53,1.77,15.67,24.04,35.64,40.32,0.80,0.00,0.00,0.00,0.00,0.01,
103.86,30.25,Rice,24.36,1346.42,17.35,825.25,14.81,6.53,1.77,15.67,24.04,35.64,40.32,0.80,0.00,0.00,0.00,0.00,0.01,
103.86,30.25,Wheat,24.36,1346.42,17.35,825.25,14.81,6.53,1.77,15.67,24.04,35.64,40.32,0.80,0.00,1.00,1.00,1.00,0.02,
103.86,30.25,Rice,24.36,1346.42,17.35,825.25,14.81,6.53,1.77,15.67,24.04,35.64,40.32,0.80,0.00,1.00,1.00,1.00,0.02,
103.86,30.25,Wheat,24.36,1346.42,17.35,825.25,14.81,6.53,1.77,15.67,24.04,35.64,40.32,0.80,0.00,1.00,1.00,1.00,0.03,
103.86,30.25,Rice,24.36,1346.42,17.35,825.25,14.81,6.53,1.77,15.67,24.04,35.64,40.32,0.80,0.00,1.00,1.00,1.00,0.03,
103.86,30.25,Wheat,24.36,1346.42,17.35,825.25,14.81,6.53,1.77,15.67,24.04,35.64,40.32,0.80,0.00,1.00,1.00,1.00,0.03,
103.86,30.25,Rice,24.36,1346.42,17.35,825.25,14.81,6.53,1.77,15.67,24.04,35.64,40.32,0.80,0.00,1.00,1.00,1.00,0.03,
103.86,30.25,Wheat,24.36,1346.42,17.35,825.25,14.81,6.53,1.77,15.67,24.04,35.64,40.32,0.80,0.00,1.50,1.00,1.00,0.05,
103.86,30.25,Rice,24.36,1346.42,17.35,825.25,14.81,6.53,1.77,15.67,24.04,35.64,40.32,0.80,0.00,1.50,1.00,1.00,0.05,
103.86,30.25,Wheat,24.36,1346.42,17.35,825.25,14.81,6.53,1.77,15.67,24.04,35.64,40.32,0.80,0.00,1.00,1.00,1.00,0.02,
103.86,30.25,Rice,24.36,1346.42,17.35,825.25,14.81,6.53,1.77,15.67,24.04,35.64,40.32,0.80,0.00,1.00,1.00,1.00,0.02,
117.69,31.66,Other crops,12.87,1200.00,16.50,1024.46,14.09,6.03,1.77,14.22,24.02,35.82,40.16,0.40,0.00,0.00,0.00,0.00,2.35,
117.69,31.66,Other crops,12.87,1200.00,16.50,1024.46,14.09,6.03,1.77,14.22,24.02,35.82,40.16,0.40,0.00,1.00,1.00,1.00,2.78,
117.69,31.66,Other crops,12.87,1200.00,16.50,1024.46,14.09,6.03,1.77,14.22,24.02,35.82,40.16,0.40,0.00,1.00,1.00,1.00,3.06,
117.69,31.66,Other crops,12.87,1200.00,16.50,1024.46,14.09,6.03,1.77,14.22,24.02,35.82,40.16,0.40,0.00,0.85,1.00,1.00,2.84,
117.69,31.66,Rice,12.87,1200.00,16.50,1024.46,14.09,6.03,1.77,14.22,24.02,35.82,40.16,0.40,0.00,0.00,0.00,0.00,1.53,
117.69,31.66,Rice,12.87,1200.00,16.50,1024.46,14.09,6.03,1.77,14.22,24.02,35.82,40.16,0.40,0.00,1.00,1.00,1.00,2.04,
117.69,31.66,Rice,12.87,1200.00,16.50,1024.46,14.09,6.03,1.77,14.22,24.02,35.82,40.16,0.40,0.00,1.00,1.00,1.00,2.01,
117.69,31.66,Rice,12.87,1200.00,16.50,1024.46,14.09,6.03,1.77,14.22,24.02,35.82,40.16,0.40,0.00,0.85,1.00,1.00,1.90,
117.69,31.66,Other crops,12.87,1200.00,16.50,1024.46,14.09,6.03,1.77,14.22,24.02,35.82,40.16,0.40,0.00,0.00,0.00,0.00,1.75,
117.69,31.66,Other crops,12.87,1200.00,16.50,1024.46,14.09,6.03,1.77,14.22,24.02,35.82,40.16,0.40,0.00,1.00,1.00,1.00,1.90,
117.69,31.66,Other crops,12.87,1200.00,16.50,1024.46,14.09,6.03,1.77,14.22,24.02,35.82,40.16,0.40,0.00,1.00,1.00,1.00,1.83,
117.69,31.66,Other crops,12.87,1200.00,16.50,1024.46,14.09,6.03,1.77,14.22,24.02,35.82,40.16,0.40,0.00,0.85,1.00,1.00,1.79,
117.69,31.66,Rice,12.87,1200.00,16.50,1024.46,14.09,6.03,1.77,14.22,24.02,35.82,40.16,0.40,0.00,0.00,0.00,0.00,0.87,
117.69,31.66,Rice,12.87,1200.00,16.50,1024.46,14.09,6.03,1.77,14.22,24.02,35.82,40.16,0.40,0.00,1.00,1.00,1.00,1.17,
117.69,31.66,Rice,12.87,1200.00,16.50,1024.46,14.09,6.03,1.77,14.22,24.02,35.82,40.16,0.40,0.00,1.00,1.00,1.00,1.12,
117.69,31.66,Rice,12.87,1200.00,16.50,1024.46,14.09,6.03,1.77,14.22,24.02,35.82,40.16,0.40,0.00,0.85,1.00,1.00,1.04,
117.69,31.66,Other crops,12.87,1200.00,16.50,1024.46,14.09,6.03,1.77,14.22,24.02,35.82,40.16,0.40,0.00,0.00,0.00,0.00,1.11,
117.69,31.66,Other crops,12.87,1200.00,16.50,1024.46,14.09,6.03,1.77,14.22,24.02,35.82,40.16,0.40,0.00,1.00,1.00,1.00,1.29,
117.69,31.66,Other crops,12.87,1200.00,16.50,1024.46,14.09,6.03,1.77,14.22,24.02,35.82,40.16,0.40,0.00,1.00,1.00,1.00,1.27,
117.69,31.66,Other crops,12.87,1200.00,16.50,1024.46,14.09,6.03,1.77,14.22,24.02,35.82,40.16,0.40,0.00,0.85,1.00,1.00,1.20,
117.69,31.66,Rice,12.87,1200.00,16.50,1024.46,14.09,6.03,1.77,14.22,24.02,35.82,40.16,0.40,0.00,0.00,0.00,0.00,0.43,
117.69,31.66,Rice,12.87,1200.00,16.50,1024.46,14.09,6.03,1.77,14.22,24.02,35.82,40.16,0.40,0.00,1.00,1.00,1.00,0.76,
117.69,31.66,Rice,12.87,1200.00,16.50,1024.46,14.09,6.03,1.77,14.22,24.02,35.82,40.16,0.40,0.00,1.00,1.00,1.00,0.71,
117.69,31.66,Rice,12.87,1200.00,16.50,1024.46,14.09,6.03,1.77,14.22,24.02,35.82,40.16,0.40,0.00,0.85,1.00,1.00,0.69,
117.37,33.15,Other crops,38.15,911.30,15.00,916.70,6.90,7.13,1.36,12.68,41.00,55.00,4.00,0.05,0.00,1.00,1.00,1.00,0.26,
117.37,33.15,Maize,38.15,911.30,15.00,916.70,6.90,7.13,1.36,12.68,41.00,55.00,4.00,0.05,0.00,1.00,1.00,1.00,0.06,
117.37,33.15,Other crops,38.15,911.30,15.00,916.70,6.90,7.13,1.36,12.68,41.00,55.00,4.00,0.05,0.00,1.00,1.00,1.00,0.07,
117.37,33.15,Other crops,38.15,911.30,15.00,916.70,6.90,7.13,1.36,12.68,41.00,55.00,4.00,0.05,0.00,1.00,1.00,1.00,0.01,
113.09,29.27,Other crops,17.18,1400.00,17.00,977.51,9.49,5.05,1.79,16.15,26.85,43.08,30.08,0.80,0.00,0.00,0.00,0.00,0.29,
113.09,29.27,Other crops,17.18,1400.00,17.00,977.51,9.49,5.05,1.79,16.15,26.85,43.08,30.08,0.80,0.00,1.00,1.00,1.00,0.54,
113.09,29.27,Other crops,17.18,1400.00,17.00,977.51,9.49,5.05,1.79,16.15,26.85,43.08,30.08,0.80,0.00,0.90,1.00,1.00,0.45,
113.09,29.27,Other crops,17.18,1400.00,17.00,977.51,9.49,5.05,1.79,16.15,26.85,43.08,30.08,0.80,0.00,0.80,1.00,1.00,0.36,
113.09,29.27,Other crops,17.18,1400.00,17.00,977.51,9.49,5.05,1.79,16.15,26.85,43.08,30.08,0.80,0.00,0.70,1.00,1.00,0.30,
113.09,29.27,Other crops,17.18,1400.00,17.00,977.51,9.49,5.05,1.79,16.15,26.85,43.08,30.08,0.80,0.00,0.00,0.00,0.00,0.28,
113.09,29.27,Other crops,17.18,1400.00,17.00,977.51,9.49,5.05,1.79,16.15,26.85,43.08,30.08,0.80,0.00,1.00,1.00,1.00,0.45,
113.09,29.27,Other crops,17.18,1400.00,17.00,977.51,9.49,5.05,1.79,16.15,26.85,43.08,30.08,0.80,0.00,0.90,1.00,1.00,0.40,
113.09,29.27,Other crops,17.18,1400.00,17.00,977.51,9.49,5.05,1.79,16.15,26.85,43.08,30.08,0.80,0.00,0.80,1.00,1.00,0.39,
113.09,29.27,Other crops,17.18,1400.00,17.00,977.51,9.49,5.05,1.79,16.15,26.85,43.08,30.08,0.80,0.00,0.70,1.00,1.00,0.34,
113.09,29.27,Other crops,17.18,1400.00,17.00,977.51,9.49,5.05,1.79,16.15,26.85,43.08,30.08,0.80,0.00,0.00,0.00,0.00,0.32,
113.09,29.27,Other crops,17.18,1400.00,17.00,977.51,9.49,5.05,1.79,16.15,26.85,43.08,30.08,0.80,0.00,1.00,1.00,1.00,0.65,
113.09,29.27,Other crops,17.18,1400.00,17.00,977.51,9.49,5.05,1.79,16.15,26.85,43.08,30.08,0.80,0.00,0.90,1.00,1.00,0.57,
113.09,29.27,Other crops,17.18,1400.00,17.00,977.51,9.49,5.05,1.79,16.15,26.85,43.08,30.08,0.80,0.00,0.80,1.00,1.00,0.49,
113.09,29.27,Other crops,17.18,1400.00,17.00,977.51,9.49,5.05,1.79,16.15,26.85,43.08,30.08,0.80,0.00,0.70,1.00,1.00,0.42,
119.03,31.66,Rice,11.84,1036.90,15.50,993.02,9.64,6.21,1.75,13.35,22.41,35.38,42.21,0.78,0.00,1.25,1.00,1.00,0.19,
119.03,31.66,Rice,11.84,1036.90,15.50,993.02,9.64,6.21,1.75,13.35,22.41,35.38,42.21,0.78,0.00,1.25,1.00,1.00,0.14,
119.03,31.66,Rice,11.84,1036.90,15.50,993.02,9.64,6.21,1.75,13.35,22.41,35.38,42.21,0.78,0.00,1.00,1.00,1.00,0.13,
119.03,31.66,Rice,11.84,1036.90,15.50,993.02,9.64,6.21,1.75,13.35,22.41,35.38,42.21,0.78,0.00,1.25,1.00,1.00,0.17,
119.77,30.78,Rice,41.60,1413.20,15.60,961.02,19.54,5.50,1.77,13.60,24.77,37.58,37.64,1.11,0.00,1.16,1.00,1.00,0.27,
119.77,30.78,Rice,41.60,1413.20,15.60,961.02,19.54,5.50,1.77,13.60,24.77,37.58,37.64,1.11,0.00,1.00,1.00,1.00,0.21,
119.77,30.78,Wheat,41.60,1413.20,15.60,961.02,19.54,5.50,1.77,13.60,24.77,37.58,37.64,1.11,0.00,1.14,1.00,1.00,0.11,
119.77,30.78,Wheat,41.60,1413.20,15.60,961.02,19.54,5.50,1.77,13.60,24.77,37.58,37.64,1.11,0.00,1.00,1.00,1.00,0.10,
112.91,28.79,Maize,18.80,1392.62,17.00,972.56,9.45,4.87,1.73,16.54,21.89,40.87,37.24,3.00,0.00,0.78,1.00,1.00,0.05,
112.91,28.79,Maize,18.80,1392.62,17.00,972.56,9.45,4.87,1.73,16.54,21.89,40.87,37.24,4.00,0.00,0.62,1.00,1.00,0.05,
112.91,28.79,Maize,18.80,1392.62,17.00,972.56,9.45,4.87,1.73,16.54,21.89,40.87,37.24,5.00,0.00,1.00,1.00,1.00,0.05,
112.91,28.79,Maize,18.80,1392.62,17.00,972.56,9.45,4.87,1.73,16.54,21.89,40.87,37.24,6.00,0.00,0.62,1.00,1.00,0.06,
100.17,25.89,Other crops,35.30,908.80,14.60,1015.33,25.16,5.96,1.81,15.21,27.97,32.95,39.08,5.99,0.00,1.12,1.00,1.00,0.27,
100.17,25.89,Maize,35.30,908.80,14.60,1015.33,25.16,5.96,1.81,15.21,27.97,32.95,39.08,5.99,0.00,1.23,1.00,1.00,0.27,
100.17,25.89,Other crops,35.30,908.80,14.60,1015.33,25.16,5.96,1.81,15.21,27.97,32.95,39.08,5.99,0.00,1.00,1.00,1.00,0.17,
100.17,25.89,Maize,35.30,908.80,14.60,1015.33,25.16,5.96,1.81,15.21,27.97,32.95,39.08,5.99,0.00,1.00,1.00,1.00,0.17,
100.17,25.89,Other crops,35.30,908.80,14.60,1015.33,25.16,5.96,1.81,15.21,27.97,32.95,39.08,5.99,0.00,0.00,0.00,0.00,0.11,
100.17,25.89,Maize,35.30,908.80,14.60,1015.33,25.16,5.96,1.81,15.21,27.97,32.95,39.08,5.99,0.00,0.00,0.00,0.00,0.11,
100.17,25.89,Other crops,35.30,908.80,14.60,1015.33,31.92,5.96,1.81,15.21,27.97,32.95,39.08,5.99,0.00,1.07,1.00,1.00,0.11,
100.17,25.89,Rice,35.30,908.80,14.60,1015.33,31.92,5.96,1.81,15.21,27.97,32.95,39.08,5.99,0.00,5.33,1.00,1.00,0.11,
100.17,25.89,Other crops,35.30,908.80,14.60,1015.33,31.92,5.96,1.81,15.21,27.97,32.95,39.08,5.99,0.00,1.00,1.00,1.00,0.09,
100.17,25.89,Rice,35.30,908.80,14.60,1015.33,31.92,5.96,1.81,15.21,27.97,32.95,39.08,5.99,0.00,1.00,1.00,1.00,0.09,
100.17,25.89,Other crops,35.30,908.80,14.60,1015.33,31.92,5.96,1.81,15.21,27.97,32.95,39.08,5.99,0.00,0.00,0.00,0.00,0.05,
100.17,25.89,Rice,35.30,908.80,14.60,1015.33,31.92,5.96,1.81,15.21,27.97,32.95,39.08,5.99,0.00,0.00,0.00,0.00,0.05,
100.17,25.89,Other crops,35.30,908.80,14.60,1015.33,36.76,5.96,1.81,15.21,27.97,32.95,39.08,5.99,0.00,1.13,1.00,1.00,0.52,
100.17,25.89,Rice,35.30,908.80,14.60,1015.33,36.76,5.96,1.81,15.21,27.97,32.95,39.08,5.99,0.00,1.11,1.00,1.00,0.52,
100.17,25.89,Other crops,35.30,908.80,14.60,1015.33,36.76,5.96,1.81,15.21,27.97,32.95,39.08,5.99,0.00,1.00,1.00,1.00,0.30,
100.17,25.89,Rice,35.30,908.80,14.60,1015.33,36.76,5.96,1.81,15.21,27.97,32.95,39.08,5.99,0.00,1.00,1.00,1.00,0.30,
100.17,25.89,Other crops,35.30,908.80,14.60,1015.33,36.76,5.96,1.81,15.21,27.97,32.95,39.08,5.99,0.00,0.00,0.00,0.00,0.17,
100.17,25.89,Rice,35.30,908.80,14.60,1015.33,36.76,5.96,1.81,15.21,27.97,32.95,39.08,5.99,0.00,0.00,0.00,0.00,0.17,
100.17,25.89,Other crops,35.30,908.80,14.60,1015.33,22.23,5.96,1.81,15.21,27.97,32.95,39.08,5.99,0.00,1.29,1.00,1.00,0.22,
100.17,25.89,Other crops,35.30,908.80,14.60,1015.33,22.23,5.96,1.81,15.21,27.97,32.95,39.08,5.99,0.00,1.53,1.00,1.00,0.22,
100.17,25.89,Other crops,35.30,908.80,14.60,1015.33,22.23,5.96,1.81,15.21,27.97,32.95,39.08,5.99,0.00,1.00,1.00,1.00,0.17,
100.17,25.89,Other crops,35.30,908.80,14.60,1015.33,22.23,5.96,1.81,15.21,27.97,32.95,39.08,5.99,0.00,1.00,1.00,1.00,0.17,
100.17,25.89,Other crops,35.30,908.80,14.60,1015.33,22.23,5.96,1.81,15.21,27.97,32.95,39.08,5.99,0.00,0.00,0.00,0.00,0.10,
100.17,25.89,Other crops,35.30,908.80,14.60,1015.33,22.23,5.96,1.81,15.21,27.97,32.95,39.08,5.99,0.00,0.00,0.00,0.00,0.10,
100.17,25.89,Other crops,35.30,908.80,14.60,1015.33,27.35,5.96,1.81,15.21,27.97,32.95,39.08,5.99,0.00,1.11,1.00,1.00,0.41,
100.17,25.89,Other crops,35.30,908.80,14.60,1015.33,27.35,5.96,1.81,15.21,27.97,32.95,39.08,5.99,0.00,1.16,1.00,1.00,0.41,
100.17,25.89,Other crops,35.30,908.80,14.60,1015.33,27.35,5.96,1.81,15.21,27.97,32.95,39.08,5.99,0.00,1.00,1.00,1.00,0.30,
100.17,25.89,Other crops,35.30,908.80,14.60,1015.33,27.35,5.96,1.81,15.21,27.97,32.95,39.08,5.99,0.00,1.00,1.00,1.00,0.30,
100.17,25.89,Other crops,35.30,908.80,14.60,1015.33,27.35,5.96,1.81,15.21,27.97,32.95,39.08,5.99,0.00,0.00,0.00,0.00,0.28,
100.17,25.89,Other crops,35.30,908.80,14.60,1015.33,27.35,5.96,1.81,15.21,27.97,32.95,39.08,5.99,0.00,0.00,0.00,0.00,0.28,
100.17,25.89,Other crops,35.30,908.80,14.60,1015.33,19.62,5.96,1.81,15.21,27.97,32.95,39.08,5.99,0.00,2.48,1.00,1.00,0.32,
100.17,25.89,Rice,35.30,908.80,14.60,1015.33,19.62,5.96,1.81,15.21,27.97,32.95,39.08,5.99,0.00,5.33,1.00,1.00,0.32,
100.17,25.89,Other crops,35.30,908.80,14.60,1015.33,19.62,5.96,1.81,15.21,27.97,32.95,39.08,5.99,0.00,1.00,1.00,1.00,0.17,
100.17,25.89,Rice,35.30,908.80,14.60,1015.33,19.62,5.96,1.81,15.21,27.97,32.95,39.08,5.99,0.00,1.00,1.00,1.00,0.17,
100.17,25.89,Other crops,35.30,908.80,14.60,1015.33,19.62,5.96,1.81,15.21,27.97,32.95,39.08,5.99,0.00,0.00,0.00,0.00,0.15,
100.17,25.89,Rice,35.30,908.80,14.60,1015.33,19.62,5.96,1.81,15.21,27.97,32.95,39.08,5.99,0.00,0.00,0.00,0.00,0.15,
100.17,25.89,Other crops,35.30,908.80,14.60,1015.33,21.06,5.96,1.81,15.21,27.97,32.95,39.08,5.99,0.00,1.87,1.00,1.00,0.25,
100.17,25.89,Rice,35.30,908.80,14.60,1015.33,21.06,5.96,1.81,15.21,27.97,32.95,39.08,5.99,0.00,5.33,1.00,1.00,0.25,
100.17,25.89,Other crops,35.30,908.80,14.60,1015.33,21.06,5.96,1.81,15.21,27.97,32.95,39.08,5.99,0.00,1.00,1.00,1.00,0.13,
100.17,25.89,Rice,35.30,908.80,14.60,1015.33,21.06,5.96,1.81,15.21,27.97,32.95,39.08,5.99,0.00,1.00,1.00,1.00,0.13,
100.17,25.89,Other crops,35.30,908.80,14.60,1015.33,21.06,5.96,1.81,15.21,27.97,32.95,39.08,5.99,0.00,0.00,0.00,0.00,0.11,
100.17,25.89,Rice,35.30,908.80,14.60,1015.33,21.06,5.96,1.81,15.21,27.97,32.95,39.08,5.99,0.00,0.00,0.00,0.00,0.11,
100.17,25.89,Rice,35.30,1048.00,14.60,1015.33,33.24,7.10,1.81,15.21,27.97,32.95,39.08,5.99,0.00,0.00,0.00,0.00,0.73,
100.17,25.89,Rice,35.30,1048.00,14.60,1015.33,33.24,7.10,1.81,15.21,27.97,32.95,39.08,5.99,0.00,1.10,1.00,1.00,0.86,
100.17,25.89,Rice,35.30,1048.00,14.60,1015.33,33.24,7.10,1.81,15.21,27.97,32.95,39.08,5.99,0.00,0.88,1.00,1.00,1.00,
100.17,25.89,Rice,35.30,1048.00,14.60,1015.33,33.24,7.10,1.81,15.21,27.97,32.95,39.08,5.99,0.00,2.21,1.00,1.00,0.88,
100.17,25.89,Rice,35.30,1048.00,14.60,1015.33,33.24,7.10,1.81,15.21,27.97,32.95,39.08,5.99,0.00,0.88,1.00,1.00,0.66,
100.17,25.89,Rice,35.30,1048.00,14.60,1015.33,33.24,7.10,1.81,15.21,27.97,32.95,39.08,5.99,0.00,8.79,1.00,1.00,1.43,
100.17,25.89,Rice,35.30,1048.00,14.60,1015.33,33.24,7.10,1.81,15.21,27.97,32.95,39.08,5.99,0.00,3.53,1.00,1.00,0.71,
100.17,25.89,Rice,35.30,1003.21,14.50,1015.33,33.24,7.10,1.81,15.21,27.97,32.95,39.08,5.99,0.00,1.00,1.00,1.00,1.25,
100.27,25.62,Other crops,35.30,908.80,15.10,1026.15,33.24,7.10,1.78,15.56,25.37,36.83,37.80,4.30,1.00,1.00,1.00,1.00,0.03,
100.27,25.62,Other crops,35.30,908.80,15.10,1026.15,33.24,7.10,1.78,15.56,25.37,36.83,37.80,4.30,1.00,1.00,1.00,1.00,0.03,
100.27,25.62,Other crops,35.30,908.80,15.10,1026.15,33.24,7.10,1.78,15.56,25.37,36.83,37.80,4.30,1.00,1.00,1.00,1.00,0.04,
100.27,25.62,Other crops,35.30,908.80,15.10,1026.15,33.24,7.10,1.78,15.56,25.37,36.83,37.80,4.30,1.00,1.00,1.00,1.00,0.04,
100.27,25.62,Other crops,35.30,908.80,15.10,1026.15,33.24,7.10,1.78,15.56,25.37,36.83,37.80,4.30,1.00,1.00,1.00,1.00,0.04,
100.27,25.62,Other crops,35.30,908.80,15.10,1026.15,33.24,7.10,1.78,15.56,25.37,36.83,37.80,4.30,1.00,1.00,1.00,1.00,0.03,
118.37,39.55,Other crops,23.05,642.00,11.20,1157.01,5.63,8.38,1.71,16.30,19.80,39.59,40.61,0.12,1.00,0.00,0.00,0.00,2.47,
118.37,39.55,Other crops,23.05,642.00,11.20,1157.01,5.63,8.38,1.71,16.30,19.80,39.59,40.61,0.12,1.00,1.67,1.00,1.00,6.81,
118.37,39.55,Other crops,23.05,642.00,11.20,1157.01,5.63,8.38,1.71,16.30,19.80,39.59,40.61,0.12,1.00,1.67,1.00,1.00,5.57,
118.37,39.55,Other crops,23.05,642.00,11.20,1157.01,5.63,8.38,1.71,16.30,19.80,39.59,40.61,0.12,1.00,1.33,1.00,1.00,4.91,
118.37,39.55,Other crops,23.05,642.00,11.20,1157.01,5.63,8.38,1.71,16.30,19.80,39.59,40.61,0.12,1.00,1.00,1.00,1.00,3.55,
118.37,39.55,Other crops,23.05,642.00,11.20,1157.01,5.63,8.38,1.71,16.30,19.80,39.59,40.61,0.12,1.00,1.00,1.00,1.00,5.54,
118.37,39.55,Other crops,23.05,642.00,11.20,1157.01,5.63,8.38,1.71,16.30,19.80,39.59,40.61,0.12,1.00,1.00,1.00,1.00,5.50,
108.03,23.26,Other crops,11.00,1384.64,22.09,1016.89,11.66,5.68,1.73,10.57,21.43,33.91,44.67,2.69,0.00,0.00,0.00,0.00,1.12,
108.03,23.26,Other crops,11.00,1384.64,22.09,1016.89,11.66,5.68,1.73,10.57,21.43,33.91,44.67,2.69,0.00,1.00,1.00,1.00,1.73,
108.03,23.26,Other crops,11.00,1384.64,22.09,1016.89,11.66,5.68,1.73,10.57,21.43,33.91,44.67,2.69,0.00,1.00,1.00,1.00,1.54,
108.03,23.26,Other crops,11.00,1384.64,22.09,1016.89,11.66,5.68,1.73,10.57,21.43,33.91,44.67,2.69,0.00,1.00,1.00,1.00,1.68,
108.03,23.26,Other crops,11.00,1384.64,22.09,1016.89,11.66,5.68,1.73,10.57,21.43,33.91,44.67,2.69,0.00,1.50,1.00,1.00,1.98,
108.03,23.26,Other crops,11.00,1384.64,22.09,1016.89,11.66,5.68,1.73,10.57,21.43,33.91,44.67,2.69,0.00,0.00,0.00,0.00,0.99,
108.03,23.26,Other crops,11.00,1384.64,22.09,1016.89,11.66,5.68,1.73,10.57,21.43,33.91,44.67,2.69,0.00,1.00,1.00,1.00,1.51,
108.03,23.26,Other crops,11.00,1384.64,22.09,1016.89,11.66,5.68,1.73,10.57,21.43,33.91,44.67,2.69,0.00,1.00,1.00,1.00,1.33,
108.03,23.26,Other crops,11.00,1384.64,22.09,1016.89,11.66,5.68,1.73,10.57,21.43,33.91,44.67,2.69,0.00,1.00,1.00,1.00,1.56,
108.03,23.26,Other crops,11.00,1384.64,22.09,1016.89,11.66,5.68,1.73,10.57,21.43,33.91,44.67,2.69,0.00,1.50,1.00,1.00,1.84,
108.03,23.26,Other crops,11.00,1384.64,22.09,1016.89,11.66,5.68,1.73,10.57,21.43,33.91,44.67,2.69,0.00,0.00,0.00,0.00,0.81,
108.03,23.26,Other crops,11.00,1384.64,22.09,1016.89,11.66,5.68,1.73,10.57,21.43,33.91,44.67,2.69,0.00,1.00,1.00,1.00,1.82,
108.03,23.26,Other crops,11.00,1384.64,22.09,1016.89,11.66,5.68,1.73,10.57,21.43,33.91,44.67,2.69,0.00,1.00,1.00,1.00,1.79,
108.03,23.26,Other crops,11.00,1384.64,22.09,1016.89,11.66,5.68,1.73,10.57,21.43,33.91,44.67,2.69,0.00,1.00,1.00,1.00,1.92,
108.03,23.26,Other crops,11.00,1384.64,22.09,1016.89,11.66,5.68,1.73,10.57,21.43,33.91,44.67,2.69,0.00,1.50,1.00,1.00,2.49,
117.79,37.70,Rice,23.09,1079.00,15.50,1181.05,22.04,6.95,1.77,14.29,23.66,35.60,40.73,0.03,1.00,0.00,0.00,0.00,0.28,
117.79,37.70,Rice,23.09,1079.00,15.50,1181.05,22.04,6.95,1.77,14.29,23.66,35.60,40.73,0.03,1.00,0.00,0.00,0.00,0.24,
117.79,37.70,Rice,23.09,1079.00,15.50,1181.05,22.04,6.95,1.77,14.29,23.66,35.60,40.73,0.03,1.00,1.00,1.00,1.00,0.44,
117.79,37.70,Rice,23.09,1079.00,15.50,1181.05,22.04,6.95,1.77,14.29,23.66,35.60,40.73,0.03,1.00,1.00,1.00,1.00,0.43,
117.79,37.70,Rice,23.09,1079.00,15.50,1181.05,22.04,6.95,1.77,14.29,23.66,35.60,40.73,0.03,1.00,0.80,1.00,1.00,0.39,
117.79,37.70,Rice,23.09,1079.00,15.50,1181.05,22.04,6.95,1.77,14.29,23.66,35.60,40.73,0.03,1.00,0.80,1.00,1.00,0.33,
117.79,37.70,Rice,23.09,1079.00,15.50,1181.05,22.04,6.95,1.77,14.29,23.66,35.60,40.73,0.03,1.00,0.80,1.00,1.00,0.37,
117.79,37.70,Rice,23.09,1079.00,15.50,1181.05,22.04,6.95,1.77,14.29,23.66,35.60,40.73,0.03,1.00,0.80,1.00,1.00,0.33,
117.79,37.70,Rice,23.09,1079.00,15.50,1181.05,22.04,6.95,1.77,14.29,23.66,35.60,40.73,0.03,1.00,0.80,1.00,1.00,0.39,
117.79,37.70,Rice,23.09,1079.00,15.50,1181.05,22.04,6.95,1.77,14.29,23.66,35.60,40.73,0.03,1.00,0.80,1.00,1.00,0.39,
112.94,24.35,Rice,23.80,1876.00,20.30,1012.97,13.23,6.20,1.69,11.69,18.88,37.81,43.31,5.16,0.00,0.00,0.00,0.00,1.66,
112.94,24.35,Rice,23.80,1876.00,20.30,1012.97,13.23,6.20,1.69,11.69,18.88,37.81,43.31,5.16,0.00,1.00,1.00,1.00,1.73,
113.86,23.37,Rice,12.50,1922.00,21.80,1099.34,14.04,6.40,1.81,7.23,25.97,24.37,49.66,1.54,0.00,0.00,0.00,0.00,2.36,
113.86,23.37,Rice,12.50,1922.00,21.80,1099.34,14.04,6.40,1.81,7.23,25.97,24.37,49.66,1.54,0.00,1.00,1.00,1.00,2.10,
110.78,21.79,Rice,25.00,1893.00,22.80,1085.34,12.47,5.60,1.81,11.96,27.32,31.69,40.99,0.81,0.00,0.00,0.00,0.00,6.18,
110.78,21.79,Rice,25.00,1893.00,22.80,1085.34,12.47,5.60,1.81,11.96,27.32,31.69,40.99,0.81,0.00,1.00,1.00,1.00,6.68,
112.94,24.35,Rice,23.80,1876.00,20.30,1012.97,13.23,6.20,1.69,11.69,18.88,37.81,43.31,5.16,0.00,0.00,0.00,0.00,0.69,
112.94,24.35,Rice,23.80,1876.00,20.30,1012.97,13.23,6.20,1.69,11.69,18.88,37.81,43.31,5.16,0.00,1.00,1.00,1.00,1.10,
113.86,23.37,Rice,12.50,1922.00,21.80,1099.34,14.04,6.40,1.81,7.23,25.97,24.37,49.66,1.54,0.00,0.00,0.00,0.00,2.13,
113.86,23.37,Rice,12.50,1922.00,21.80,1099.34,14.04,6.40,1.81,7.23,25.97,24.37,49.66,1.54,0.00,1.00,1.00,1.00,3.29,
110.78,21.79,Rice,25.00,1893.00,22.80,1085.34,12.47,5.60,1.81,11.96,27.32,31.69,40.99,0.81,0.00,0.00,0.00,0.00,2.85,
110.78,21.79,Rice,25.00,1893.00,22.80,1085.34,12.47,5.60,1.81,11.96,27.32,31.69,40.99,0.81,0.00,1.00,1.00,1.00,3.78,
112.94,24.35,Rice,23.80,1876.00,20.30,1012.97,13.23,6.20,1.69,11.69,18.88,37.81,43.31,5.16,0.00,0.00,0.00,0.00,1.34,
112.94,24.35,Rice,23.80,1876.00,20.30,1012.97,13.23,6.20,1.69,11.69,18.88,37.81,43.31,5.16,0.00,1.00,1.00,1.00,2.44,
113.86,23.37,Rice,12.50,1922.00,21.80,1099.34,14.04,6.40,1.81,7.23,25.97,24.37,49.66,1.54,0.00,0.00,0.00,0.00,1.03,
113.86,23.37,Rice,12.50,1922.00,21.80,1099.34,14.04,6.40,1.81,7.23,25.97,24.37,49.66,1.54,0.00,1.00,1.00,1.00,2.23,
110.78,21.79,Rice,25.00,1893.00,22.80,1085.34,12.47,5.60,1.81,11.96,27.32,31.69,40.99,0.81,0.00,0.00,0.00,0.00,2.73,
110.78,21.79,Rice,25.00,1893.00,22.80,1085.34,12.47,5.60,1.81,11.96,27.32,31.69,40.99,0.81,0.00,1.00,1.00,1.00,5.35,
112.94,24.35,Rice,23.80,1876.00,20.30,1012.97,13.23,6.20,1.69,11.69,18.88,37.81,43.31,5.16,0.00,0.00,0.00,0.00,1.37,
112.94,24.35,Rice,23.80,1876.00,20.30,1012.97,13.23,6.20,1.69,11.69,18.88,37.81,43.31,5.16,0.00,1.00,1.00,1.00,1.60,
113.86,23.37,Rice,12.50,1922.00,21.80,1099.34,14.04,6.40,1.81,7.23,25.97,24.37,49.66,1.54,0.00,0.00,0.00,0.00,0.60,
113.86,23.37,Rice,12.50,1922.00,21.80,1099.34,14.04,6.40,1.81,7.23,25.97,24.37,49.66,1.54,0.00,1.00,1.00,1.00,1.32,
110.78,21.79,Rice,25.00,1893.00,22.80,1085.34,12.47,5.60,1.81,11.96,27.32,31.69,40.99,0.81,0.00,0.00,0.00,0.00,0.97,
110.78,21.79,Rice,25.00,1893.00,22.80,1085.34,12.47,5.60,1.81,11.96,27.32,31.69,40.99,0.81,0.00,1.00,1.00,1.00,1.28,
112.94,24.35,Rice,23.80,1876.00,20.30,1012.97,13.23,6.20,1.69,11.69,18.88,37.81,43.31,5.16,0.00,0.00,0.00,0.00,1.28,
112.94,24.35,Rice,23.80,1876.00,20.30,1012.97,13.23,6.20,1.69,11.69,18.88,37.81,43.31,5.16,0.00,1.00,1.00,1.00,1.57,
113.86,23.37,Rice,12.50,1922.00,21.80,1099.34,14.04,6.40,1.81,7.23,25.97,24.37,49.66,1.54,0.00,0.00,0.00,0.00,1.27,
113.86,23.37,Rice,12.50,1922.00,21.80,1099.34,14.04,6.40,1.81,7.23,25.97,24.37,49.66,1.54,0.00,1.00,1.00,1.00,1.58,
110.78,21.79,Rice,25.00,1893.00,22.80,1085.34,12.47,5.60,1.81,11.96,27.32,31.69,40.99,0.81,0.00,0.00,0.00,0.00,3.35,
110.78,21.79,Rice,25.00,1893.00,22.80,1085.34,12.47,5.60,1.81,11.96,27.32,31.69,40.99,0.81,0.00,1.00,1.00,1.00,5.88,
106.88,26.38,Other crops,6.44,1252.90,14.00,850.68,18.50,5.98,1.77,14.85,24.84,36.74,38.42,7.69,0.00,1.00,1.00,1.00,0.46,
106.88,26.38,Other crops,6.44,1243.96,15.33,850.68,18.50,5.98,1.77,14.85,24.84,36.74,38.42,7.69,0.00,1.00,1.00,1.00,0.18,
106.88,26.38,Other crops,6.44,1243.96,15.33,850.68,18.50,5.98,1.77,14.85,24.84,36.74,38.42,7.69,0.00,1.00,1.00,1.00,0.36,
117.77,39.33,Rice,19.63,560.00,13.41,1150.85,10.13,8.42,1.65,7.36,16.36,35.70,47.95,0.03,0.00,1.00,1.00,1.00,1.23,
117.77,39.33,Rice,19.63,560.00,13.41,1150.85,10.13,8.42,1.65,7.36,16.36,35.70,47.95,0.03,0.00,1.00,1.00,1.00,1.74,
113.32,30.92,Rice,28.84,1179.00,16.30,982.33,23.35,6.77,1.74,14.25,22.46,38.05,39.50,1.14,0.00,0.00,1.00,1.00,0.39,
113.32,30.92,Rice,28.84,1179.00,16.30,982.33,23.35,6.77,1.74,14.25,22.46,38.05,39.50,1.14,0.00,1.00,1.00,1.00,0.57,
114.67,30.06,Rice,8.02,1282.80,17.00,1027.97,13.53,5.07,1.77,12.38,24.53,43.31,32.16,1.52,0.00,0.00,1.00,1.00,0.56,
114.67,30.06,Rice,8.02,1282.80,17.00,1027.97,13.53,5.07,1.77,12.38,24.53,43.31,32.16,1.52,0.00,1.00,1.00,1.00,0.71,
112.79,30.34,Rice,10.01,1112.60,16.10,964.50,12.45,6.58,1.76,14.01,23.01,38.49,38.49,0.06,0.00,0.00,1.00,1.00,0.86,
112.79,30.34,Rice,10.01,1112.60,16.10,964.50,12.45,6.58,1.76,14.01,23.01,38.49,38.49,0.06,0.00,1.00,1.00,1.00,1.32,
113.20,28.15,Rice,12.63,1400.00,16.80,977.67,21.85,5.88,1.73,12.59,21.23,33.35,45.42,0.50,0.00,0.00,0.00,0.00,0.20,
113.20,28.15,Rice,12.63,1400.00,16.80,977.67,21.85,5.88,1.73,12.59,21.23,33.35,45.42,0.50,0.00,0.50,1.00,1.00,0.22,
113.20,28.15,Rice,12.63,1400.00,16.80,977.67,21.85,5.88,1.73,12.59,21.23,33.35,45.42,0.50,0.00,1.00,1.00,1.00,0.25,
113.20,28.15,Rice,12.63,1400.00,16.80,977.67,21.85,5.88,1.73,12.59,21.23,33.35,45.42,0.50,0.00,1.74,1.00,1.00,0.29,
113.20,28.15,Rice,12.63,1400.00,16.80,977.67,21.85,5.88,1.73,12.59,21.23,33.35,45.42,0.50,0.00,1.96,1.00,1.00,0.32,
112.74,28.95,Maize,22.41,1400.00,17.00,968.98,9.45,5.67,1.75,16.53,23.22,39.76,37.02,0.03,0.00,1.00,1.00,1.00,0.01,
112.74,28.95,Maize,22.41,1400.00,17.00,968.98,9.45,5.67,1.75,16.53,23.22,39.76,37.02,0.03,0.00,1.00,1.00,1.00,0.02,
112.74,28.95,Maize,22.41,1400.00,17.00,968.98,9.45,5.67,1.75,16.53,23.22,39.76,37.02,0.03,0.00,1.00,1.00,1.00,0.01,
112.74,28.95,Maize,22.41,1400.00,17.00,968.98,9.45,5.67,1.75,16.53,23.22,39.76,37.02,0.03,0.00,0.80,1.00,1.00,0.01,
112.74,28.95,Other crops,22.41,1400.00,17.00,968.98,9.45,5.67,1.75,16.53,23.22,39.76,37.02,0.03,0.00,1.00,1.00,1.00,0.01,
112.74,28.95,Other crops,22.41,1400.00,17.00,968.98,9.45,5.67,1.75,16.53,23.22,39.76,37.02,0.03,0.00,1.00,1.00,1.00,0.02,
112.74,28.95,Other crops,22.41,1400.00,17.00,968.98,9.45,5.67,1.75,16.53,23.22,39.76,37.02,0.03,0.00,1.00,1.00,1.00,0.01,
112.74,28.95,Other crops,22.41,1400.00,17.00,968.98,9.45,5.67,1.75,16.53,23.22,39.76,37.02,0.03,0.00,0.80,1.00,1.00,0.01,
112.74,28.95,Maize,22.41,1400.00,17.00,968.98,9.45,5.67,1.75,16.53,23.22,39.76,37.02,0.03,0.00,1.00,1.00,1.00,0.01,
112.74,28.95,Other crops,22.41,1400.00,17.00,968.98,9.45,5.67,1.75,16.53,23.22,39.76,37.02,0.03,0.00,1.00,1.00,1.00,0.01,
120.47,31.62,Wheat,49.90,1150.00,16.00,971.10,14.31,6.80,1.20,14.85,24.88,37.18,37.94,0.05,0.00,1.00,1.00,1.00,0.67,
120.47,31.62,Wheat,49.90,1150.00,16.00,971.10,14.31,6.80,1.20,14.85,24.88,37.18,37.94,0.05,0.00,1.00,1.00,1.00,0.62,
120.47,31.62,Wheat,49.90,1150.00,16.00,971.10,14.31,6.80,1.20,14.85,24.88,37.18,37.94,0.05,0.00,0.80,1.00,1.00,0.58,
120.47,31.62,Wheat,49.90,1150.00,16.00,971.10,14.31,6.80,1.20,14.85,24.88,37.18,37.94,0.05,0.00,1.00,1.00,1.00,0.70,
120.47,31.62,Wheat,49.90,1150.00,16.00,971.10,14.31,6.80,1.20,14.85,24.88,37.18,37.94,0.05,0.00,1.00,1.00,1.00,0.70,
120.47,31.62,Rice,49.90,1150.00,16.00,971.10,14.31,6.80,1.20,14.85,24.88,37.18,37.94,0.05,0.00,1.00,1.00,1.00,0.58,
120.47,31.62,Rice,49.90,1150.00,16.00,971.10,14.31,6.80,1.20,14.85,24.88,37.18,37.94,0.05,0.00,1.00,1.00,1.00,0.56,
120.47,31.62,Rice,49.90,1150.00,16.00,971.10,14.31,6.80,1.20,14.85,24.88,37.18,37.94,0.05,0.00,0.80,1.00,1.00,0.50,
120.47,31.62,Rice,49.90,1150.00,16.00,971.10,14.31,6.80,1.20,14.85,24.88,37.18,37.94,0.05,0.00,1.00,1.00,1.00,0.57,
120.47,31.62,Rice,49.90,1150.00,16.00,971.10,14.31,6.80,1.20,14.85,24.88,37.18,37.94,0.05,0.00,1.00,1.00,1.00,0.59,
113.20,28.14,Rice,23.50,1500.00,17.10,977.77,17.40,5.20,1.73,12.50,21.16,33.26,45.58,0.49,0.00,1.00,1.00,1.00,0.19,
113.20,28.14,Rice,23.50,1500.00,17.10,977.77,17.40,5.20,1.73,12.50,21.16,33.26,45.58,0.49,0.00,1.00,1.00,1.00,0.18,
113.20,28.14,Rice,23.50,1500.00,17.10,977.77,17.40,5.20,1.73,12.50,21.16,33.26,45.58,0.49,0.00,1.00,1.00,1.00,0.19,
113.20,28.14,Rice,23.50,1500.00,17.10,977.77,17.40,5.20,1.73,12.50,21.16,33.26,45.58,0.49,0.00,1.69,1.00,1.00,0.18,
113.20,28.14,Rice,23.50,1500.00,17.10,977.77,17.40,5.20,1.73,12.50,21.16,33.26,45.58,0.49,0.00,1.00,1.00,1.00,0.09,
113.20,28.14,Rice,23.50,1500.00,17.10,977.77,17.40,5.20,1.73,12.50,21.16,33.26,45.58,0.49,0.00,1.00,1.00,1.00,0.08,
113.20,28.14,Rice,23.50,1500.00,17.10,977.77,17.40,5.20,1.73,12.50,21.16,33.26,45.58,0.49,0.00,1.00,1.00,1.00,0.09,
113.20,28.14,Rice,23.50,1500.00,17.10,977.77,17.40,5.20,1.73,12.50,21.16,33.26,45.58,0.49,0.00,1.69,1.00,1.00,0.08,
113.20,28.14,Rice,23.50,1500.00,17.10,977.77,17.40,5.20,1.73,12.50,21.16,33.26,45.58,0.49,0.00,1.00,1.00,1.00,0.22,
113.20,28.14,Rice,23.50,1500.00,17.10,977.77,17.40,5.20,1.73,12.50,21.16,33.26,45.58,0.49,0.00,1.00,1.00,1.00,0.21,
113.20,28.14,Rice,23.50,1500.00,17.10,977.77,17.40,5.20,1.73,12.50,21.16,33.26,45.58,0.49,0.00,1.00,1.00,1.00,0.22,
113.20,28.14,Rice,23.50,1500.00,17.10,977.77,17.40,5.20,1.73,12.50,21.16,33.26,45.58,0.49,0.00,1.69,1.00,1.00,0.21,
113.20,28.14,Rice,23.50,1500.00,17.10,977.77,17.40,5.20,1.73,12.50,21.16,33.26,45.58,0.49,0.00,1.00,1.00,1.00,0.20,
113.20,28.14,Rice,23.50,1500.00,17.10,977.77,17.40,5.20,1.73,12.50,21.16,33.26,45.58,0.49,0.00,1.00,1.00,1.00,0.19,
113.20,28.14,Rice,23.50,1500.00,17.10,977.77,17.40,5.20,1.73,12.50,21.16,33.26,45.58,0.49,0.00,1.00,1.00,1.00,0.20,
113.20,28.14,Rice,23.50,1500.00,17.10,977.77,17.40,5.20,1.73,12.50,21.16,33.26,45.58,0.49,0.00,1.69,1.00,1.00,0.19,
113.20,28.14,Rice,23.50,1500.00,17.10,977.77,17.40,5.20,1.73,12.50,21.16,33.26,45.58,0.49,0.00,1.00,1.00,1.00,0.58,
113.20,28.14,Rice,23.50,1500.00,17.10,977.77,17.40,5.20,1.73,12.50,21.16,33.26,45.58,0.49,0.00,1.00,1.00,1.00,0.56,
113.20,28.14,Rice,23.50,1500.00,17.10,977.77,17.40,5.20,1.73,12.50,21.16,33.26,45.58,0.49,0.00,1.00,1.00,1.00,0.58,
113.20,28.14,Rice,23.50,1500.00,17.10,977.77,17.40,5.20,1.73,12.50,21.16,33.26,45.58,0.49,0.00,1.69,1.00,1.00,0.56,
113.20,28.14,Rice,23.50,1500.00,17.10,977.77,17.40,5.20,1.73,12.50,21.16,33.26,45.58,0.49,0.00,1.00,1.00,1.00,0.50,
113.20,28.14,Rice,23.50,1500.00,17.10,977.77,17.40,5.20,1.73,12.50,21.16,33.26,45.58,0.49,0.00,1.00,1.00,1.00,0.54,
113.20,28.14,Rice,23.50,1500.00,17.10,977.77,17.40,5.20,1.73,12.50,21.16,33.26,45.58,0.49,0.00,1.00,1.00,1.00,0.50,
113.20,28.14,Rice,23.50,1500.00,17.10,977.77,17.40,5.20,1.73,12.50,21.16,33.26,45.58,0.49,0.00,1.69,1.00,1.00,0.54,
113.20,28.14,Rice,23.50,1500.00,17.10,977.77,17.40,5.20,1.73,12.50,21.16,33.26,45.58,0.49,0.00,1.00,1.00,1.00,0.40,
113.20,28.14,Rice,23.50,1500.00,17.10,977.77,17.40,5.20,1.73,12.50,21.16,33.26,45.58,0.49,0.00,1.00,1.00,1.00,0.37,
113.20,28.14,Rice,23.50,1500.00,17.10,977.77,17.40,5.20,1.73,12.50,21.16,33.26,45.58,0.49,0.00,1.00,1.00,1.00,0.40,
113.20,28.14,Rice,23.50,1500.00,17.10,977.77,17.40,5.20,1.73,12.50,21.16,33.26,45.58,0.49,0.00,1.69,1.00,1.00,0.37,
106.34,31.03,Wheat,4.16,826.00,17.85,824.63,5.08,8.83,1.76,15.55,23.69,33.04,43.28,1.86,0.00,1.67,1.00,1.00,0.54,
106.34,31.03,Wheat,4.16,826.00,17.85,824.63,5.08,8.83,1.76,15.55,23.69,33.04,43.28,1.86,0.00,0.00,1.00,1.00,0.19,
106.34,31.03,Wheat,4.16,826.00,17.85,824.63,5.08,8.83,1.76,15.55,23.69,33.04,43.28,1.86,0.00,0.00,1.00,1.00,0.09,
106.34,31.03,Wheat,4.16,826.00,17.85,824.63,5.08,8.83,1.76,15.55,23.69,33.04,43.28,1.86,0.00,1.00,1.00,1.00,0.13,
106.34,31.03,Wheat,4.16,826.00,17.85,824.63,5.08,8.83,1.76,15.55,23.69,33.04,43.28,1.86,0.00,1.00,1.00,1.00,0.13,
116.12,28.94,Rice,15.10,1609.80,17.30,1082.28,10.32,6.45,1.78,15.07,25.12,36.82,38.06,0.09,0.00,1.25,1.00,1.00,0.20,
116.12,28.94,Rice,15.10,1609.80,17.30,1082.28,10.32,6.45,1.78,15.07,25.12,36.82,38.06,0.09,0.00,1.00,1.00,1.00,0.18,
116.12,28.94,Rice,15.10,1609.80,17.30,1082.28,10.32,6.45,1.78,15.07,25.12,36.82,38.06,0.09,0.00,1.25,1.00,1.00,0.28,
116.12,28.94,Rice,15.10,1609.80,17.30,1082.28,10.32,6.45,1.78,15.07,25.12,36.82,38.06,0.09,0.00,1.00,1.00,1.00,0.19,
117.09,31.85,Rice,25.29,1094.08,17.02,1057.56,13.25,6.25,1.77,14.05,23.81,35.57,40.62,0.37,0.00,1.25,1.00,1.00,0.78,
117.09,31.85,Rice,25.29,1094.08,17.02,1057.56,13.25,6.25,1.77,14.05,23.81,35.57,40.62,0.37,0.00,1.25,1.00,1.00,0.49,
117.09,31.85,Rice,25.29,1094.08,17.02,1057.56,13.25,6.25,1.77,14.05,23.81,35.57,40.62,0.37,0.00,1.00,1.00,1.00,0.28,
117.09,31.85,Maize,25.29,1094.08,17.02,1057.56,13.25,6.25,1.77,14.05,23.81,35.57,40.62,0.37,0.00,1.25,1.00,1.00,0.27,
117.09,31.85,Maize,25.29,1094.08,17.02,1057.56,13.25,6.25,1.77,14.05,23.81,35.57,40.62,0.37,0.00,1.25,1.00,1.00,0.18,
117.09,31.85,Maize,25.29,1094.08,17.02,1057.56,13.25,6.25,1.77,14.05,23.81,35.57,40.62,0.37,0.00,1.00,1.00,1.00,0.18,
117.12,36.19,Other crops,22.46,697.00,14.11,1175.12,8.18,6.85,1.64,15.64,16.44,38.18,45.39,0.00,0.00,1.00,1.00,1.00,0.12,
117.12,36.19,Other crops,22.46,697.00,14.11,1175.12,8.18,6.85,1.64,15.64,16.44,38.18,45.39,0.00,0.00,1.00,1.00,1.00,0.07,
117.12,36.19,Other crops,22.46,697.00,14.11,1175.12,8.18,6.85,1.64,15.64,16.44,38.18,45.39,5.00,0.00,1.00,1.00,1.00,0.35,
117.12,36.19,Other crops,22.46,697.00,14.11,1175.12,8.18,6.85,1.64,15.64,16.44,38.18,45.39,5.00,0.00,1.00,1.00,1.00,0.27,
117.12,36.19,Other crops,22.46,697.00,14.11,1175.12,8.18,6.85,1.64,15.64,16.44,38.18,45.39,10.00,0.00,1.00,1.00,1.00,0.43,
117.12,36.19,Other crops,22.46,697.00,14.11,1175.12,8.18,6.85,1.64,15.64,16.44,38.18,45.39,10.00,0.00,1.00,1.00,1.00,0.36,
117.12,36.19,Other crops,22.46,697.00,14.11,1175.12,8.18,6.85,1.64,15.64,16.44,38.18,45.39,15.00,0.00,1.00,1.00,1.00,0.67,
117.12,36.19,Other crops,22.46,697.00,14.11,1175.12,8.18,6.85,1.64,15.64,16.44,38.18,45.39,15.00,0.00,1.00,1.00,1.00,0.50,
113.84,28.31,Rice,12.79,1853.30,18.40,980.26,8.10,5.70,1.73,9.57,21.44,31.51,47.06,3.73,0.00,0.00,0.00,0.00,0.17,
113.84,28.31,Rice,12.79,1853.30,18.40,980.26,8.10,5.70,1.73,9.57,21.44,31.51,47.06,3.73,0.00,1.43,1.00,1.00,0.57,
113.84,28.31,Rice,12.79,1853.30,18.40,980.26,8.10,5.70,1.73,9.57,21.44,31.51,47.06,3.73,0.00,1.43,1.00,1.00,0.51,
113.84,28.31,Rice,12.79,1853.30,18.40,980.26,8.10,5.70,1.73,9.57,21.44,31.51,47.06,3.73,0.00,1.29,1.00,1.00,0.42,
113.84,28.31,Rice,12.79,1853.30,18.40,980.26,8.10,5.70,1.73,9.57,21.44,31.51,47.06,3.73,0.00,1.14,1.00,1.00,0.38,
113.84,28.31,Rice,12.79,1853.30,18.40,980.26,8.10,5.70,1.73,9.57,21.44,31.51,47.06,3.73,0.00,1.00,1.00,1.00,0.31,
113.84,28.31,Rice,12.79,1853.30,18.40,980.26,8.10,5.70,1.73,9.57,21.44,31.51,47.06,3.73,0.00,0.00,0.00,0.00,0.16,
113.84,28.31,Rice,12.79,1853.30,18.40,980.26,8.10,5.70,1.73,9.57,21.44,31.51,47.06,3.73,0.00,1.43,1.00,1.00,0.52,
113.84,28.31,Rice,12.79,1853.30,18.40,980.26,8.10,5.70,1.73,9.57,21.44,31.51,47.06,3.73,0.00,1.43,1.00,1.00,0.49,
113.84,28.31,Rice,12.79,1853.30,18.40,980.26,8.10,5.70,1.73,9.57,21.44,31.51,47.06,3.73,0.00,1.29,1.00,1.00,0.31,
113.84,28.31,Rice,12.79,1853.30,18.40,980.26,8.10,5.70,1.73,9.57,21.44,31.51,47.06,3.73,0.00,1.14,1.00,1.00,0.31,
113.84,28.31,Rice,12.79,1853.30,18.40,980.26,8.10,5.70,1.73,9.57,21.44,31.51,47.06,3.73,0.00,1.00,1.00,1.00,0.31,
119.97,31.38,Other crops,71.11,1050.00,16.00,971.63,9.16,6.35,1.77,14.92,24.45,37.03,38.52,0.10,0.00,1.25,1.00,1.00,1.74,
119.97,31.38,Other crops,71.11,1050.00,16.00,971.63,9.16,6.35,1.77,14.92,24.45,37.03,38.52,0.10,0.00,1.00,1.00,1.00,1.60,
119.97,31.38,Other crops,71.11,1050.00,16.00,971.63,9.16,6.35,1.77,14.92,24.45,37.03,38.52,0.10,0.00,0.88,1.00,1.00,1.43,
119.97,31.38,Other crops,71.11,1050.00,16.00,971.63,9.16,6.35,1.77,14.92,24.45,37.03,38.52,0.10,0.00,0.63,1.00,1.00,1.17,
119.97,31.38,Other crops,71.11,1050.00,16.00,971.63,9.16,6.35,1.77,14.92,24.45,37.03,38.52,0.10,0.00,0.00,0.00,0.00,1.02,
119.97,31.38,Other crops,71.11,1050.00,16.00,971.63,9.16,6.35,1.77,14.92,24.45,37.03,38.52,0.10,0.00,1.25,1.00,1.00,1.74,
119.97,31.38,Other crops,71.11,1050.00,16.00,971.63,9.16,6.35,1.77,14.92,24.45,37.03,38.52,0.10,0.00,1.00,1.00,1.00,1.60,
119.97,31.38,Other crops,71.11,1050.00,16.00,971.63,9.16,6.35,1.77,14.92,24.45,37.03,38.52,0.10,0.00,0.88,1.00,1.00,1.43,
119.97,31.38,Other crops,71.11,1050.00,16.00,971.63,9.16,6.35,1.77,14.92,24.45,37.03,38.52,0.10,0.00,0.63,1.00,1.00,1.17,
119.97,31.38,Other crops,71.11,1050.00,16.00,971.63,9.16,6.35,1.77,14.92,24.45,37.03,38.52,0.10,0.00,0.00,0.00,0.00,1.02,
119.97,31.38,Other crops,71.11,1050.00,16.00,971.63,9.16,6.35,1.77,14.92,24.45,37.03,38.52,0.10,0.00,1.25,1.00,1.00,1.74,
119.97,31.38,Other crops,71.11,1050.00,16.00,971.63,9.16,6.35,1.77,14.92,24.45,37.03,38.52,0.10,0.00,1.00,1.00,1.00,1.60,
119.97,31.38,Other crops,71.11,1050.00,16.00,971.63,9.16,6.35,1.77,14.92,24.45,37.03,38.52,0.10,0.00,0.88,1.00,1.00,1.43,
119.97,31.38,Other crops,71.11,1050.00,16.00,971.63,9.16,6.35,1.77,14.92,24.45,37.03,38.52,0.10,0.00,0.63,1.00,1.00,1.17,
119.97,31.38,Other crops,71.11,1050.00,16.00,971.63,9.16,6.35,1.77,14.92,24.45,37.03,38.52,0.10,0.00,0.00,0.00,0.00,1.02,
116.99,40.50,Other crops,24.63,661.80,10.75,1840.00,9.81,7.17,1.71,16.71,20.00,36.15,43.85,1.67,0.00,1.00,1.00,1.00,12.56,
117.45,26.75,Other crops,24.63,1733.50,18.90,975.47,14.99,5.31,1.73,9.62,21.11,32.37,46.53,5.77,0.00,0.00,0.00,0.00,0.60,
117.45,26.75,Other crops,24.63,1733.50,18.90,975.47,14.99,5.31,1.73,9.62,21.11,32.37,46.53,5.77,0.00,1.28,1.00,1.00,0.92,
117.45,26.75,Other crops,24.63,1733.50,18.90,975.47,14.99,5.31,1.73,9.62,21.11,32.37,46.53,5.77,0.00,1.00,1.00,1.00,0.84,
117.45,26.75,Other crops,24.63,1733.50,18.90,975.47,14.99,5.31,1.73,9.62,21.11,32.37,46.53,5.77,0.00,1.00,1.00,1.00,0.74,
117.45,26.75,Other crops,24.63,1733.50,18.90,975.47,14.99,5.31,1.73,9.62,21.11,32.37,46.53,5.77,0.00,3.44,1.00,1.00,1.07,
117.45,26.75,Other crops,24.63,1733.50,18.90,975.47,14.99,5.31,1.73,9.62,21.11,32.37,46.53,5.77,0.00,1.00,1.00,1.00,0.81,
117.45,26.75,Other crops,24.63,1733.50,18.90,975.47,14.99,5.31,1.73,9.62,21.11,32.37,46.53,5.77,0.00,0.00,0.00,0.00,0.52,
117.45,26.75,Other crops,24.63,1733.50,18.90,975.47,14.99,5.31,1.73,9.62,21.11,32.37,46.53,5.77,0.00,1.28,1.00,1.00,1.01,
117.45,26.75,Other crops,24.63,1733.50,18.90,975.47,14.99,5.31,1.73,9.62,21.11,32.37,46.53,5.77,0.00,1.00,1.00,1.00,0.92,
117.45,26.75,Other crops,24.63,1733.50,18.90,975.47,14.99,5.31,1.73,9.62,21.11,32.37,46.53,5.77,0.00,1.00,1.00,1.00,0.88,
117.45,26.75,Other crops,24.63,1733.50,18.90,975.47,14.99,5.31,1.73,9.62,21.11,32.37,46.53,5.77,0.00,3.44,1.00,1.00,1.12,
117.45,26.75,Other crops,24.63,1733.50,18.90,975.47,14.99,5.31,1.73,9.62,21.11,32.37,46.53,5.77,0.00,1.00,1.00,1.00,1.01,
117.45,26.75,Other crops,24.63,1733.50,18.90,975.47,14.99,5.31,1.73,9.62,21.11,32.37,46.53,5.77,0.00,0.00,0.00,0.00,1.01,
117.45,26.75,Other crops,24.63,1733.50,18.90,975.47,14.99,5.31,1.73,9.62,21.11,32.37,46.53,5.77,0.00,1.28,1.00,1.00,2.23,
117.45,26.75,Other crops,24.63,1733.50,18.90,975.47,14.99,5.31,1.73,9.62,21.11,32.37,46.53,5.77,0.00,1.00,1.00,1.00,1.88,
117.45,26.75,Other crops,24.63,1733.50,18.90,975.47,14.99,5.31,1.73,9.62,21.11,32.37,46.53,5.77,0.00,1.00,1.00,1.00,1.84,
117.45,26.75,Other crops,24.63,1733.50,18.90,975.47,14.99,5.31,1.73,9.62,21.11,32.37,46.53,5.77,0.00,3.44,1.00,1.00,2.29,
117.45,26.75,Other crops,24.63,1733.50,18.90,975.47,14.99,5.31,1.73,9.62,21.11,32.37,46.53,5.77,0.00,1.00,1.00,1.00,2.15,
113.82,28.32,Maize,32.25,1613.16,17.60,979.58,10.21,5.53,1.73,9.43,21.43,31.23,47.34,4.53,0.00,0.00,0.00,0.00,3.20,
113.82,28.32,Maize,32.25,1613.16,17.60,979.58,10.21,5.53,1.73,9.43,21.43,31.23,47.34,4.53,0.00,1.00,1.00,1.00,3.61,
113.82,28.32,Maize,32.25,1613.16,17.60,979.58,10.21,5.53,1.73,9.43,21.43,31.23,47.34,4.53,0.00,1.00,1.00,1.00,3.57,
113.82,28.32,Maize,32.25,1613.16,17.60,979.58,10.21,5.53,1.73,9.43,21.43,31.23,47.34,4.53,0.00,0.90,1.00,1.00,3.16,
113.82,28.32,Maize,32.25,1613.16,17.60,979.58,10.21,5.53,1.73,9.43,21.43,31.23,47.34,4.53,0.00,0.80,1.00,1.00,2.83,
113.82,28.32,Maize,32.25,1613.16,17.60,979.58,10.21,5.53,1.73,9.43,21.43,31.23,47.34,4.53,0.00,0.70,1.00,1.00,2.78,
105.51,31.60,Maize,23.43,825.00,17.08,815.19,5.08,8.83,1.77,15.80,24.20,32.99,42.82,7.00,0.00,0.00,1.00,1.00,1.13,
105.51,31.60,Maize,23.43,825.00,17.08,815.19,5.08,8.83,1.77,15.80,24.20,32.99,42.82,7.00,0.00,0.00,1.00,1.00,1.18,
105.51,31.60,Maize,23.43,825.00,17.08,815.19,5.08,8.83,1.77,15.80,24.20,32.99,42.82,7.00,0.00,1.00,1.00,1.00,0.46,
105.51,31.60,Maize,23.43,825.00,17.08,815.19,5.08,8.83,1.77,15.80,24.20,32.99,42.82,7.00,0.00,1.00,1.00,1.00,0.54,
120.73,30.90,Rice,23.69,1247.73,17.17,971.79,21.81,6.20,1.64,7.75,35.50,69.50,30.50,0.05,0.00,1.00,1.00,1.00,0.01,
120.73,30.90,Rice,23.69,1247.73,17.17,971.79,21.81,6.20,1.64,7.75,35.50,69.50,30.50,0.05,0.00,1.00,1.00,1.00,0.01,
120.73,30.90,Rice,23.69,1247.73,17.17,971.79,21.81,6.20,1.64,7.75,35.50,69.50,30.50,0.05,0.00,1.00,1.00,1.00,0.01,
120.73,30.90,Rice,23.69,1247.73,17.17,971.79,21.81,6.20,1.64,7.75,35.50,69.50,30.50,0.05,0.00,1.00,1.00,1.00,0.01,
120.73,30.90,Rice,23.69,1247.73,17.17,971.79,21.81,6.20,1.64,7.75,35.50,69.50,30.50,0.05,0.00,1.00,1.00,1.00,0.01,
120.73,30.90,Rice,23.69,1247.73,17.17,971.79,21.81,6.20,1.64,7.75,35.50,69.50,30.50,0.05,0.00,1.50,1.00,1.00,0.03,
120.73,30.90,Rice,23.69,1247.73,17.17,971.79,21.81,6.20,1.64,7.75,35.50,69.50,30.50,0.05,0.00,1.50,1.00,1.00,0.03,
120.73,30.90,Rice,23.69,1247.73,17.17,971.79,21.81,6.20,1.64,7.75,35.50,69.50,30.50,0.05,0.00,1.50,1.00,1.00,0.03,
120.73,30.90,Rice,23.69,1247.73,17.17,971.79,21.81,6.20,1.64,7.75,35.50,69.50,30.50,0.05,0.00,1.50,1.00,1.00,0.03,
120.73,30.90,Rice,23.69,1247.73,17.17,971.79,21.81,6.20,1.64,7.75,35.50,69.50,30.50,0.05,0.00,1.50,1.00,1.00,0.03,
107.49,29.83,Rice,21.23,1176.54,22.10,828.57,20.72,5.79,1.75,16.91,23.30,35.92,40.78,4.57,0.00,1.00,1.00,1.00,0.04,
107.49,29.83,Maize,21.23,1176.54,22.10,828.57,20.72,5.79,1.75,16.91,23.30,35.92,40.78,4.57,0.00,1.00,1.00,1.00,0.08,
107.49,29.83,Other crops,21.23,1176.54,22.10,828.57,20.72,5.79,1.75,16.91,23.30,35.92,40.78,4.57,0.00,1.00,1.00,1.00,0.08,
107.49,29.83,Other crops,21.23,1176.54,22.10,828.57,20.72,5.79,1.75,16.91,23.30,35.92,40.78,4.57,0.00,1.00,1.00,1.00,0.02,
107.49,29.83,Other crops,21.23,1176.54,22.10,828.57,20.72,5.79,1.75,16.91,23.30,35.92,40.78,4.57,0.00,1.00,1.00,1.00,0.03,
108.68,30.91,Rice,12.69,1272.39,17.90,870.60,14.71,6.78,1.76,15.81,23.19,34.65,42.15,8.94,0.00,1.00,1.00,1.00,0.03,
108.68,30.91,Maize,12.69,1272.39,17.90,870.60,14.71,6.78,1.76,15.81,23.19,34.65,42.15,8.94,0.00,1.00,1.00,1.00,0.07,
108.68,30.91,Other crops,12.69,1272.39,17.90,870.60,14.71,6.78,1.76,15.81,23.19,34.65,42.15,8.94,0.00,1.00,1.00,1.00,0.07,
108.68,30.91,Other crops,12.69,1272.39,17.90,870.60,14.71,6.78,1.76,15.81,23.19,34.65,42.15,8.94,0.00,1.00,1.00,1.00,0.01,
108.68,30.91,Other crops,12.69,1272.39,17.90,870.60,14.71,6.78,1.76,15.81,23.19,34.65,42.15,8.94,0.00,1.00,1.00,1.00,0.02,
109.51,29.90,Maize,27.35,1130.00,22.10,833.37,10.25,5.50,1.67,12.87,17.79,41.23,40.98,8.32,0.00,1.00,1.00,1.00,0.91,
109.51,29.90,Maize,27.25,1130.00,22.10,833.37,10.23,5.30,1.67,12.87,17.79,41.23,40.98,8.32,0.00,1.00,1.00,1.00,0.49,
109.51,29.90,Maize,27.14,1130.00,22.10,833.37,10.22,5.40,1.67,12.87,17.79,41.23,40.98,8.32,0.00,1.00,1.00,1.00,0.54,
109.51,29.90,Maize,27.15,1130.00,22.10,833.37,10.19,5.40,1.67,12.87,17.79,41.23,40.98,8.32,0.00,1.00,1.00,1.00,0.42,
109.51,29.90,Maize,27.24,1130.00,22.10,833.37,10.42,5.50,1.67,12.87,17.79,41.23,40.98,8.32,0.00,1.00,1.00,1.00,0.43,
109.51,29.90,Maize,27.16,1130.00,22.10,833.37,10.38,5.40,1.67,12.87,17.79,41.23,40.98,8.32,0.00,1.00,1.00,1.00,0.85,
109.51,29.90,Maize,5.58,1072.00,18.10,833.37,9.80,8.00,1.67,12.87,17.79,41.23,40.98,4.00,0.00,1.00,1.00,1.00,0.16,
109.51,29.90,Maize,5.58,1072.00,18.10,833.37,9.01,7.90,1.67,12.87,17.79,41.23,40.98,9.00,0.00,1.00,1.00,1.00,0.27,
109.51,29.90,Maize,5.58,1072.00,18.10,833.37,8.20,8.10,1.67,12.87,17.79,41.23,40.98,17.00,0.00,1.00,1.00,1.00,0.53,
107.51,29.90,Maize,33.61,1100.00,18.00,832.03,17.96,5.80,1.77,15.50,24.19,36.63,39.19,3.28,0.00,1.00,1.00,1.00,0.37,
107.51,29.90,Other crops,33.61,1100.00,18.00,832.03,17.96,5.80,1.77,15.50,24.19,36.63,39.19,3.28,0.00,1.00,1.00,1.00,0.25,
107.51,29.90,Other crops,33.61,1100.00,18.00,832.03,17.96,5.80,1.77,15.50,24.19,36.63,39.19,3.28,0.00,1.00,1.00,1.00,0.23,
107.51,29.90,Other crops,33.61,1100.00,18.00,832.03,17.96,5.80,1.77,15.50,24.19,36.63,39.19,3.28,0.00,1.00,1.00,1.00,0.27,
121.34,31.41,Other crops,61.60,1225.83,16.64,977.86,13.63,6.30,1.35,15.00,25.00,37.00,38.00,0.05,0.00,0.00,0.00,0.00,0.15,
121.34,31.41,Other crops,61.60,1225.83,16.64,977.86,13.63,6.30,1.35,15.00,25.00,37.00,38.00,0.05,0.00,1.18,1.00,1.00,0.45,
121.34,31.41,Other crops,61.60,1225.83,16.64,977.86,13.63,6.30,1.35,15.00,25.00,37.00,38.00,0.05,0.00,1.00,1.00,1.00,0.30,
120.94,30.54,Rice,6.83,1100.00,17.54,977.35,18.94,5.60,1.69,11.60,19.39,32.72,47.89,0.04,0.00,1.00,1.00,1.00,0.95,
120.94,30.54,Rice,6.83,1100.00,17.54,977.35,18.94,5.60,1.69,11.60,19.39,32.72,47.89,0.04,0.00,0.00,1.00,1.00,0.63,
120.77,30.70,Other crops,29.50,1264.86,17.38,972.69,15.60,5.84,1.74,12.35,22.66,38.63,38.70,0.06,0.00,0.00,1.00,1.00,1.35,
120.77,30.70,Other crops,29.50,1264.86,17.38,972.69,15.60,5.84,1.74,12.35,22.66,38.63,38.70,0.06,0.00,1.00,1.00,1.00,1.98,
120.77,30.70,Other crops,29.50,1264.86,17.38,972.69,15.60,5.84,1.74,12.35,22.66,38.63,38.70,0.06,0.00,0.00,1.00,1.00,1.06,
120.77,30.70,Other crops,29.50,1264.86,17.38,972.69,15.60,5.84,1.74,12.35,22.66,38.63,38.70,0.06,0.00,1.00,1.00,1.00,1.52,
116.58,28.19,Other crops,5.40,1860.10,18.98,1045.10,7.69,4.95,1.74,10.65,22.10,32.65,45.25,0.77,0.00,0.00,1.00,1.00,0.13,
116.58,28.19,Other crops,5.40,1860.10,18.98,1045.10,7.69,4.95,1.74,10.65,22.10,32.65,45.25,0.77,0.00,0.92,1.00,1.00,0.17,
116.58,28.19,Other crops,5.40,1860.10,18.98,1045.10,7.69,4.95,1.74,10.65,22.10,32.65,45.25,0.77,0.00,1.00,1.00,1.00,0.21,
116.58,28.19,Other crops,5.40,1860.10,18.98,1045.10,7.69,4.95,1.74,10.65,22.10,32.65,45.25,0.77,0.00,1.00,1.00,1.00,0.18,
116.58,28.19,Other crops,5.40,1860.10,18.98,1045.10,7.69,4.95,1.74,10.65,22.10,32.65,45.25,0.77,0.00,1.00,1.00,1.00,0.17,
117.06,40.57,Maize,34.65,660.00,10.32,1077.42,9.64,7.23,1.71,16.64,19.97,36.56,43.46,16.50,0.00,1.00,1.00,1.00,0.01,
117.06,40.57,Other crops,34.65,660.00,10.32,1077.42,9.64,7.23,1.71,16.64,19.97,36.56,43.46,16.50,0.00,1.00,1.00,1.00,0.01,
117.06,40.57,Other crops,34.65,660.00,10.32,1077.42,9.64,7.23,1.71,16.64,19.97,36.56,43.46,14.40,0.00,1.00,1.00,1.00,0.01,
117.06,40.57,Other crops,34.65,660.00,10.32,1077.42,9.64,7.23,1.71,16.64,19.97,36.56,43.46,14.40,0.00,1.00,1.00,1.00,0.02,
117.06,40.57,Other crops,34.65,660.00,10.32,1077.42,9.64,7.23,1.71,16.64,19.97,36.56,43.46,14.40,0.00,1.00,1.00,1.00,0.01,
119.95,31.55,Other crops,23.54,1149.70,17.50,972.84,20.50,6.30,1.78,15.00,25.00,37.00,38.00,0.05,0.00,1.00,1.00,1.00,0.02,
113.30,23.20,Rice,12.10,1982.70,21.80,1098.21,13.95,6.10,1.79,13.57,25.18,34.67,40.15,1.05,0.00,1.00,1.00,1.00,2.10,
113.30,23.20,Rice,12.10,1982.70,21.80,1098.21,13.95,6.10,1.79,13.57,25.18,34.67,40.15,1.05,0.00,0.00,1.00,1.00,2.35,
113.30,23.20,Rice,18.70,1982.70,21.80,1098.21,13.95,6.10,1.79,13.57,25.18,34.67,40.15,1.05,0.00,1.00,1.00,1.00,1.53,
113.30,23.20,Rice,18.70,1982.70,21.80,1098.21,13.95,6.10,1.79,13.57,25.18,34.67,40.15,1.05,0.00,0.00,1.00,1.00,1.34,
113.30,23.20,Rice,19.50,1982.70,21.80,1098.21,13.95,6.10,1.79,13.57,25.18,34.67,40.15,1.05,0.00,1.00,1.00,1.00,1.74,
113.30,23.20,Rice,19.50,1982.70,21.80,1098.21,13.95,6.10,1.79,13.57,25.18,34.67,40.15,1.05,0.00,0.00,1.00,1.00,1.66,
113.30,23.20,Rice,32.40,1982.70,21.80,1098.21,13.95,6.10,1.79,13.57,25.18,34.67,40.15,1.05,0.00,0.00,1.00,1.00,6.17,
119.07,26.21,Rice,24.63,1627.05,19.31,1024.00,8.21,6.19,1.72,8.27,20.51,30.27,49.23,8.17,1.00,0.00,0.00,0.00,0.24,
119.07,26.21,Rice,24.63,1627.05,19.31,1024.00,8.21,6.19,1.72,8.27,20.51,30.27,49.23,8.17,1.00,1.13,1.00,1.00,0.56,
119.07,26.21,Rice,24.63,1627.05,19.31,1024.00,8.21,6.19,1.72,8.27,20.51,30.27,49.23,8.17,1.00,1.00,1.00,1.00,0.40,
119.07,26.21,Rice,24.63,1627.05,19.31,1024.00,8.21,6.19,1.72,8.27,20.51,30.27,49.23,8.17,1.00,1.00,1.00,1.00,0.34,
119.07,26.21,Rice,24.63,1627.05,19.31,1024.00,8.21,6.19,1.72,8.27,20.51,30.27,49.23,8.17,1.00,2.00,1.00,1.00,0.33,
119.07,26.21,Rice,24.63,1627.05,19.31,1024.00,8.21,6.19,1.72,8.27,20.51,30.27,49.23,8.17,1.00,1.00,1.00,1.00,0.35,
102.75,24.58,Other crops,350.97,1050.00,14.20,900.00,6.26,4.93,1.39,17.01,26.93,35.15,37.92,5.27,1.00,1.00,1.00,1.00,0.68,
102.75,24.58,Other crops,350.97,1050.00,14.20,900.00,6.26,4.93,1.39,17.01,26.93,35.15,37.92,5.27,1.00,1.00,1.00,1.00,0.17,
120.59,30.00,Other crops,28.00,1300.00,17.66,968.90,15.95,5.93,1.76,13.22,23.96,34.07,41.97,0.95,0.00,0.00,1.00,1.00,2.98,
120.59,30.00,Other crops,13.90,1300.00,17.66,968.90,15.95,5.93,1.76,13.22,23.96,34.07,41.97,0.95,0.00,0.00,1.00,1.00,1.71,
120.59,30.00,Other crops,32.20,1300.00,17.66,968.90,15.95,5.93,1.76,13.22,23.96,34.07,41.97,0.95,0.00,0.00,1.00,1.00,3.23,
120.59,30.00,Other crops,14.80,1300.00,17.66,968.90,15.95,5.93,1.76,13.22,23.96,34.07,41.97,0.95,0.00,0.96,1.00,1.00,2.57,
120.59,30.00,Other crops,5.20,1300.00,17.66,968.90,15.95,5.93,1.76,13.22,23.96,34.07,41.97,0.95,0.00,1.54,1.00,1.00,2.92,
120.59,30.00,Other crops,8.30,1300.00,17.66,968.90,15.95,5.93,1.76,13.22,23.96,34.07,41.97,0.95,0.00,0.68,1.00,1.00,2.56,
120.59,30.00,Other crops,21.00,1300.00,17.66,968.90,15.95,5.93,1.76,13.22,23.96,34.07,41.97,0.95,0.00,0.86,1.00,1.00,2.70,
120.59,30.00,Rice,33.80,1300.00,17.66,968.90,15.95,5.93,1.76,13.22,23.96,34.07,41.97,0.95,0.00,0.69,1.00,1.00,3.92,
120.59,30.00,Rice,20.80,1300.00,17.66,968.90,15.95,5.93,1.76,13.22,23.96,34.07,41.97,0.95,0.00,1.07,1.00,1.00,4.02,
120.59,30.00,Rice,8.10,1300.00,17.66,968.90,15.95,5.93,1.76,13.22,23.96,34.07,41.97,0.95,0.00,0.98,1.00,1.00,1.77,
120.59,30.00,Rice,13.20,1300.00,17.66,968.90,15.95,5.93,1.76,13.22,23.96,34.07,41.97,0.95,0.00,1.24,1.00,1.00,3.69,
120.59,30.00,Rice,4.20,1300.00,17.66,968.90,15.95,5.93,1.76,13.22,23.96,34.07,41.97,0.95,0.00,0.84,1.00,1.00,2.23,
120.59,30.00,Rice,24.00,1300.00,17.66,968.90,15.95,5.93,1.76,13.22,23.96,34.07,41.97,0.95,0.00,1.13,1.00,1.00,4.44,
120.59,30.00,Rice,18.00,1300.00,17.66,968.90,15.95,5.93,1.76,13.22,23.96,34.07,41.97,0.95,0.00,1.05,1.00,1.00,3.17,
120.59,30.00,Rice,85.00,1300.00,17.66,968.90,15.95,5.93,1.76,13.22,23.96,34.07,41.97,0.95,0.00,0.85,1.00,1.00,8.77,
120.59,30.00,Rice,25.10,1300.00,17.66,968.90,15.95,5.93,1.76,13.22,23.96,34.07,41.97,0.95,0.00,1.11,1.00,1.00,6.30,
120.59,30.00,Rice,15.90,1300.00,17.66,968.90,15.95,5.93,1.76,13.22,23.96,34.07,41.97,0.95,0.00,0.85,1.00,1.00,3.50,
120.59,30.00,Rice,38.10,1300.00,17.66,968.90,15.95,5.93,1.76,13.22,23.96,34.07,41.97,0.95,0.00,1.16,1.00,1.00,8.19,
120.59,30.00,Rice,14.20,1300.00,17.66,968.90,15.95,5.93,1.76,13.22,23.96,34.07,41.97,0.95,0.00,1.05,1.00,1.00,4.02,
120.59,30.00,Rice,20.90,1300.00,17.66,968.90,15.95,5.93,1.76,13.22,23.96,34.07,41.97,0.95,0.00,0.96,1.00,1.00,5.47,
120.59,30.00,Rice,13.10,1300.00,17.66,968.90,15.95,5.93,1.76,13.22,23.96,34.07,41.97,0.95,0.00,1.04,1.00,1.00,4.95,
120.59,30.00,Other crops,54.00,1300.00,17.66,968.90,15.95,5.93,1.76,13.22,23.96,34.07,41.97,0.95,0.00,1.06,1.00,1.00,8.30,
120.59,30.00,Other crops,20.70,1300.00,17.66,968.90,15.95,5.93,1.76,13.22,23.96,34.07,41.97,0.95,0.00,0.98,1.00,1.00,7.40,
120.59,30.00,Other crops,43.00,1300.00,17.66,968.90,15.95,5.93,1.76,13.22,23.96,34.07,41.97,0.95,0.00,0.82,1.00,1.00,7.87,
120.59,30.00,Other crops,18.10,1300.00,17.66,968.90,15.95,5.93,1.76,13.22,23.96,34.07,41.97,0.95,0.00,0.87,1.00,1.00,5.42,
120.59,30.00,Other crops,33.00,1300.00,17.66,968.90,15.95,5.93,1.76,13.22,23.96,34.07,41.97,0.95,0.00,1.18,1.00,1.00,9.29,
120.59,30.00,Other crops,15.20,1300.00,17.66,968.90,15.95,5.93,1.76,13.22,23.96,34.07,41.97,0.95,0.00,1.09,1.00,1.00,6.88,
120.08,31.49,Rice,11.50,1194.70,16.62,971.58,17.98,5.13,1.76,14.65,23.62,37.86,38.52,0.65,0.00,0.00,1.00,1.00,0.38,
120.08,31.49,Rice,11.50,1194.70,16.62,971.58,17.98,5.13,1.76,14.65,23.62,37.86,38.52,0.65,0.00,0.21,1.00,1.00,0.88,
120.08,31.49,Rice,11.50,1194.70,16.62,971.58,17.98,5.13,1.76,14.65,23.62,37.86,38.52,0.65,0.00,1.00,1.00,1.00,1.97,
120.08,31.49,Wheat,11.50,1194.70,16.62,971.58,17.98,5.13,1.76,14.65,23.62,37.86,38.52,0.65,0.00,0.00,1.00,1.00,0.15,
120.08,31.49,Wheat,11.50,1194.70,16.62,971.58,17.98,5.13,1.76,14.65,23.62,37.86,38.52,0.65,0.00,0.17,1.00,1.00,0.18,
120.08,31.49,Wheat,11.50,1194.70,16.62,971.58,17.98,5.13,1.76,14.65,23.62,37.86,38.52,0.65,0.00,1.00,1.00,1.00,0.36,
120.08,31.49,Rice,11.50,1194.70,16.62,971.58,17.98,5.13,1.76,14.65,23.62,37.86,38.52,0.65,0.00,0.00,1.00,1.00,0.13,
120.08,31.49,Rice,11.50,1194.70,16.62,971.58,17.98,5.13,1.76,14.65,23.62,37.86,38.52,0.65,0.00,1.00,1.00,1.00,0.30,
120.08,31.49,Rice,11.50,1194.70,16.62,971.58,17.98,5.13,1.76,14.65,23.62,37.86,38.52,0.65,0.00,4.68,1.00,1.00,0.34,
120.08,31.49,Wheat,11.50,1194.70,16.62,971.58,17.98,5.13,1.76,14.65,23.62,37.86,38.52,0.65,0.00,0.00,1.00,1.00,0.11,
120.08,31.49,Wheat,11.50,1194.70,16.62,971.58,17.98,5.13,1.76,14.65,23.62,37.86,38.52,0.65,0.00,1.00,1.00,1.00,0.25,
120.08,31.49,Wheat,11.50,1194.70,16.62,971.58,17.98,5.13,1.76,14.65,23.62,37.86,38.52,0.65,0.00,5.78,1.00,1.00,0.49,
119.33,31.45,Rice,27.19,1260.97,16.68,981.51,16.42,6.18,1.75,14.01,22.99,36.68,40.32,0.40,0.00,1.00,1.00,1.00,0.58,
120.00,31.44,Rice,30.98,1211.21,16.63,971.75,13.63,6.29,1.77,14.73,24.53,36.64,38.83,0.27,0.00,1.00,1.00,1.00,0.75,
120.08,31.49,Wheat,11.50,1194.70,16.62,971.58,17.98,5.13,1.76,14.65,23.62,37.86,38.52,0.65,0.00,0.00,0.00,0.00,0.07,
120.08,31.49,Wheat,11.50,1194.70,16.62,971.58,17.98,5.13,1.76,14.65,23.62,37.86,38.52,0.65,0.00,1.00,1.00,1.00,0.05,
120.08,31.49,Wheat,11.50,1194.70,16.62,971.58,17.98,5.13,1.76,14.65,23.62,37.86,38.52,0.65,0.00,1.00,1.00,1.00,0.08,
120.08,31.49,Wheat,11.50,1194.70,16.62,971.58,17.98,5.13,1.76,14.65,23.62,37.86,38.52,0.65,0.00,1.00,1.00,1.00,0.05,
120.08,31.49,Wheat,11.50,1194.70,16.62,971.58,17.98,5.13,1.76,14.65,23.62,37.86,38.52,0.65,0.00,1.50,1.00,1.00,0.05,
120.08,31.49,Wheat,11.50,1194.70,16.62,971.58,17.98,5.13,1.76,14.65,23.62,37.86,38.52,0.65,0.00,1.00,1.00,1.00,0.06,
120.11,31.50,Other crops,275.10,1091.60,16.80,971.47,12.99,6.16,1.75,14.49,22.96,38.27,38.76,0.79,0.00,1.00,1.00,1.00,0.25,
120.11,31.50,Other crops,275.10,1091.60,16.80,971.47,12.99,6.16,1.75,14.49,22.96,38.27,38.76,0.79,0.00,1.00,1.00,1.00,0.33,
120.11,31.50,Other crops,275.10,1091.60,16.80,971.47,12.99,6.16,1.75,14.49,22.96,38.27,38.76,0.79,0.00,1.00,1.00,1.00,0.29,
120.11,31.50,Other crops,275.10,1091.60,16.80,971.47,12.99,6.16,1.75,14.49,22.96,38.27,38.76,0.79,0.00,1.00,1.00,1.00,0.37,
120.11,31.50,Other crops,275.10,1091.60,16.80,971.47,12.99,6.16,1.75,14.49,22.96,38.27,38.76,0.79,0.00,1.00,1.00,1.00,0.36,
120.11,31.50,Other crops,275.10,1091.60,16.80,971.47,12.99,6.16,1.75,14.49,22.96,38.27,38.76,0.79,0.00,1.00,1.00,1.00,0.39,
120.11,31.50,Other crops,275.10,1091.60,16.80,971.47,12.99,6.16,1.75,14.49,22.96,38.27,38.76,0.79,0.00,1.00,1.00,1.00,2.39,
120.11,31.50,Other crops,275.10,1091.60,16.80,971.47,12.99,6.16,1.75,14.49,22.96,38.27,38.76,0.79,0.00,1.00,1.00,1.00,3.21,
120.11,31.50,Other crops,275.10,1091.60,16.80,971.47,12.99,6.16,1.75,14.49,22.96,38.27,38.76,0.79,0.00,1.00,1.00,1.00,2.97,
120.11,31.50,Other crops,275.10,1091.60,16.80,971.47,12.99,6.16,1.75,14.49,22.96,38.27,38.76,0.79,0.00,1.00,1.00,1.00,3.29,
120.11,31.50,Other crops,275.10,1091.60,16.80,971.47,12.99,6.16,1.75,14.49,22.96,38.27,38.76,0.79,0.00,1.00,1.00,1.00,3.32,
120.11,31.50,Other crops,275.10,1091.60,16.80,971.47,12.99,6.16,1.75,14.49,22.96,38.27,38.76,0.79,0.00,1.00,1.00,1.00,3.56,
120.73,30.90,Rice,23.46,1247.72,17.17,971.79,12.31,5.72,1.64,7.73,16.59,27.09,56.31,0.05,0.00,0.00,1.00,1.00,0.27,
120.73,30.90,Rice,23.46,1247.72,17.17,971.79,12.31,5.72,1.64,7.73,16.59,27.09,56.31,0.05,0.00,1.00,1.00,1.00,0.44,
120.73,30.90,Rice,23.46,1247.72,17.17,971.79,12.31,5.72,1.64,7.73,16.59,27.09,56.31,0.05,0.00,1.00,1.00,1.00,0.44,
120.73,30.90,Rice,23.46,1247.72,17.17,971.79,12.31,5.72,1.64,7.73,16.59,27.09,56.31,0.05,0.00,0.00,1.00,1.00,0.27,
120.73,30.90,Rice,23.46,1247.72,17.17,971.79,12.31,5.72,1.64,7.73,16.59,27.09,56.31,0.05,0.00,1.00,1.00,1.00,0.44,
120.73,30.90,Rice,23.46,1247.72,17.17,971.79,12.31,5.72,1.64,7.73,16.59,27.09,56.31,0.05,0.00,1.50,1.00,1.00,0.50,
120.73,30.90,Rice,23.46,1247.72,17.17,971.79,12.31,5.72,1.64,7.73,16.59,27.09,56.31,0.05,0.00,1.50,1.00,1.00,0.50,
120.73,30.90,Rice,23.46,1247.72,17.17,971.79,12.31,5.72,1.64,7.73,16.59,27.09,56.31,0.05,0.00,1.00,1.00,1.00,0.44,
120.73,30.90,Rice,23.46,1247.72,17.17,971.79,12.31,5.72,1.64,7.73,16.59,27.09,56.31,0.05,0.00,0.00,1.00,1.00,0.27,
120.73,30.90,Rice,23.46,1247.72,17.17,971.79,12.31,5.72,1.64,7.73,16.59,27.09,56.31,0.05,0.00,1.50,1.00,1.00,0.44,
120.73,30.90,Rice,23.46,1247.72,17.17,971.79,12.31,5.72,1.64,7.73,16.59,27.09,56.31,0.05,0.00,0.00,1.00,1.00,0.27,
120.73,30.90,Rice,23.46,1247.72,17.17,971.79,12.31,5.72,1.64,7.73,16.59,27.09,56.31,0.05,0.00,1.50,1.00,1.00,0.50,
120.73,30.90,Rice,23.46,1247.72,17.17,971.79,12.31,5.72,1.64,7.73,16.59,27.09,56.31,0.05,0.00,0.00,1.00,1.00,0.27,
120.73,30.90,Rice,23.46,1247.72,17.17,971.79,12.31,5.72,1.64,7.73,16.59,27.09,56.31,0.05,0.00,1.00,1.00,1.00,0.50,
120.73,30.90,Rice,23.46,1247.72,17.17,971.79,12.31,5.72,1.64,7.73,16.59,27.09,56.31,0.05,0.00,1.00,1.00,1.00,0.44,
111.88,26.75,Other crops,0.94,1323.50,19.00,1542.00,4.40,4.92,1.74,13.64,21.85,35.22,42.93,1.36,1.00,1.00,1.00,1.00,2.31,
111.88,26.75,Other crops,0.94,1323.50,19.00,1542.00,4.40,4.92,1.74,13.64,21.85,35.22,42.93,1.36,1.00,1.00,1.00,1.00,3.56,
111.88,26.75,Other crops,0.94,1323.50,19.00,1542.00,4.40,4.92,1.74,13.64,21.85,35.22,42.93,1.36,1.00,1.00,1.00,1.00,0.29,
111.88,26.75,Other crops,0.94,1323.50,19.00,1542.00,4.40,4.92,1.74,13.64,21.85,35.22,42.93,1.36,1.00,1.00,1.00,1.00,0.72,
111.88,26.75,Other crops,0.94,1323.50,19.00,1542.00,4.40,4.92,1.74,13.64,21.85,35.22,42.93,1.36,1.00,1.00,1.00,1.00,0.03,
111.88,26.75,Other crops,0.94,1323.50,19.00,1542.00,4.40,4.92,1.74,13.64,21.85,35.22,42.93,1.36,1.00,1.00,1.00,1.00,0.08,
111.88,26.75,Other crops,0.94,1323.50,19.00,1542.00,4.40,4.92,1.74,13.64,21.85,35.22,42.93,1.36,1.00,1.00,1.00,1.00,0.11,
112.37,32.47,Other crops,75.90,794.16,16.92,1011.12,14.68,6.98,1.78,21.01,27.89,38.59,33.52,0.12,1.00,1.08,1.00,1.00,0.06,
112.37,32.47,Other crops,75.90,794.16,16.92,1011.12,14.68,6.98,1.78,21.01,27.89,38.59,33.52,0.12,1.00,1.00,1.00,1.00,0.04,
112.37,32.47,Other crops,75.90,794.16,16.92,1011.12,14.68,6.98,1.78,21.01,27.89,38.59,33.52,0.12,1.00,1.00,1.00,1.00,0.04,
112.37,32.47,Other crops,75.90,794.16,16.92,1011.12,14.68,6.98,1.78,21.01,27.89,38.59,33.52,0.12,1.00,1.11,1.00,1.00,0.06,
112.37,32.47,Other crops,75.90,794.16,16.92,1011.12,14.68,6.98,1.78,21.01,27.89,38.59,33.52,0.12,1.00,1.00,1.00,1.00,0.04,
112.37,32.47,Other crops,75.90,794.16,16.92,1011.12,14.68,6.98,1.78,21.01,27.89,38.59,33.52,0.12,1.00,1.00,1.00,1.00,0.04,
112.37,32.47,Other crops,75.90,794.16,16.92,1011.12,14.68,6.98,1.78,21.01,27.89,38.59,33.52,0.12,1.00,1.08,1.00,1.00,1.33,
112.37,32.47,Other crops,75.90,794.16,16.92,1011.12,14.68,6.98,1.78,21.01,27.89,38.59,33.52,0.12,1.00,1.00,1.00,1.00,1.15,
112.37,32.47,Other crops,75.90,794.16,16.92,1011.12,14.68,6.98,1.78,21.01,27.89,38.59,33.52,0.12,1.00,1.00,1.00,1.00,0.84,
112.37,32.47,Other crops,75.90,794.16,16.92,1011.12,14.68,6.98,1.78,21.01,27.89,38.59,33.52,0.12,1.00,1.11,1.00,1.00,1.33,
112.37,32.47,Other crops,75.90,794.16,16.92,1011.12,14.68,6.98,1.78,21.01,27.89,38.59,33.52,0.12,1.00,1.00,1.00,1.00,1.15,
112.37,32.47,Other crops,75.90,794.16,16.92,1011.12,14.68,6.98,1.78,21.01,27.89,38.59,33.52,0.12,1.00,1.00,1.00,1.00,0.84,
112.37,32.47,Other crops,75.90,794.16,16.92,1011.12,14.68,6.98,1.78,21.01,27.89,38.59,33.52,0.12,1.00,1.08,1.00,1.00,0.09,
112.37,32.47,Other crops,75.90,794.16,16.92,1011.12,14.68,6.98,1.78,21.01,27.89,38.59,33.52,0.12,1.00,1.00,1.00,1.00,0.09,
112.37,32.47,Other crops,75.90,794.16,16.92,1011.12,14.68,6.98,1.78,21.01,27.89,38.59,33.52,0.12,1.00,1.00,1.00,1.00,0.08,
112.37,32.47,Other crops,75.90,794.16,16.92,1011.12,14.68,6.98,1.78,21.01,27.89,38.59,33.52,0.12,1.00,1.11,1.00,1.00,0.09,
112.37,32.47,Other crops,75.90,794.16,16.92,1011.12,14.68,6.98,1.78,21.01,27.89,38.59,33.52,0.12,1.00,1.00,1.00,1.00,0.09,
112.37,32.47,Other crops,75.90,794.16,16.92,1011.12,14.68,6.98,1.78,21.01,27.89,38.59,33.52,0.12,1.00,1.00,1.00,1.00,0.08,
112.85,28.73,Maize,27.31,1381.67,18.39,971.10,12.84,5.96,1.75,16.04,22.92,39.60,37.48,0.11,0.00,1.00,1.00,1.00,14.00,
112.85,28.73,Maize,27.31,1381.67,18.39,971.10,12.84,5.96,1.75,16.04,22.92,39.60,37.48,0.11,0.00,1.00,1.00,1.00,12.00,
112.85,28.73,Maize,27.31,1381.67,18.39,971.10,12.84,5.96,1.75,16.04,22.92,39.60,37.48,0.11,0.00,1.00,1.00,1.00,12.50,
112.85,28.73,Maize,27.31,1381.67,18.39,971.10,12.84,5.96,1.75,16.04,22.92,39.60,37.48,0.11,0.00,1.00,1.00,1.00,13.00,
112.85,28.73,Maize,27.31,1381.67,18.39,971.10,12.84,5.96,1.75,16.04,22.92,39.60,37.48,0.11,0.00,1.00,1.00,1.00,13.00,
112.85,28.73,Maize,27.31,1381.67,18.39,971.10,12.84,5.96,1.75,16.04,22.92,39.60,37.48,0.11,0.00,1.00,1.00,1.00,13.00,
112.85,28.73,Other crops,27.31,1381.67,18.39,971.10,12.84,5.96,1.75,16.04,22.92,39.60,37.48,0.11,0.00,1.00,1.00,1.00,14.00,
112.85,28.73,Other crops,27.31,1381.67,18.39,971.10,12.84,5.96,1.75,16.04,22.92,39.60,37.48,0.11,0.00,1.00,1.00,1.00,12.00,
112.85,28.73,Other crops,27.31,1381.67,18.39,971.10,12.84,5.96,1.75,16.04,22.92,39.60,37.48,0.11,0.00,1.00,1.00,1.00,12.50,
112.85,28.73,Other crops,27.31,1381.67,18.39,971.10,12.84,5.96,1.75,16.04,22.92,39.60,37.48,0.11,0.00,1.00,1.00,1.00,13.00,
112.85,28.73,Other crops,27.31,1381.67,18.39,971.10,12.84,5.96,1.75,16.04,22.92,39.60,37.48,0.11,0.00,1.00,1.00,1.00,13.00,
112.85,28.73,Other crops,27.31,1381.67,18.39,971.10,12.84,5.96,1.75,16.04,22.92,39.60,37.48,0.11,0.00,1.00,1.00,1.00,13.00,
112.85,28.73,Maize,27.31,1381.67,18.39,971.10,12.84,5.96,1.75,16.04,22.92,39.60,37.48,0.11,0.00,1.00,1.00,1.00,14.00,
112.85,28.73,Maize,27.31,1381.67,18.39,971.10,12.84,5.96,1.75,16.04,22.92,39.60,37.48,0.11,0.00,1.00,1.00,1.00,12.00,
112.85,28.73,Maize,27.31,1381.67,18.39,971.10,12.84,5.96,1.75,16.04,22.92,39.60,37.48,0.11,0.00,1.00,1.00,1.00,12.50,
112.85,28.73,Maize,27.31,1381.67,18.39,971.10,12.84,5.96,1.75,16.04,22.92,39.60,37.48,0.11,0.00,1.00,1.00,1.00,13.00,
112.85,28.73,Maize,27.31,1381.67,18.39,971.10,12.84,5.96,1.75,16.04,22.92,39.60,37.48,0.11,0.00,1.00,1.00,1.00,13.00,
112.85,28.73,Maize,27.31,1381.67,18.39,971.10,12.84,5.96,1.75,16.04,22.92,39.60,37.48,0.11,0.00,1.00,1.00,1.00,13.00,
112.85,28.73,Other crops,27.31,1381.67,18.39,971.10,12.84,5.96,1.75,16.04,22.92,39.60,37.48,0.11,0.00,1.00,1.00,1.00,14.00,
112.85,28.73,Other crops,27.31,1381.67,18.39,971.10,12.84,5.96,1.75,16.04,22.92,39.60,37.48,0.11,0.00,1.00,1.00,1.00,12.00,
112.85,28.73,Other crops,27.31,1381.67,18.39,971.10,12.84,5.96,1.75,16.04,22.92,39.60,37.48,0.11,0.00,1.00,1.00,1.00,12.50,
112.85,28.73,Other crops,27.31,1381.67,18.39,971.10,12.84,5.96,1.75,16.04,22.92,39.60,37.48,0.11,0.00,1.00,1.00,1.00,13.00,
112.85,28.73,Other crops,27.31,1381.67,18.39,971.10,12.84,5.96,1.75,16.04,22.92,39.60,37.48,0.11,0.00,1.00,1.00,1.00,13.00,
112.85,28.73,Other crops,27.31,1381.67,18.39,971.10,12.84,5.96,1.75,16.04,22.92,39.60,37.48,0.11,0.00,1.00,1.00,1.00,13.00,
113.21,28.59,Other crops,26.40,1389.00,18.50,978.48,13.92,4.38,1.73,9.53,21.35,31.53,47.12,1.30,0.00,1.90,1.00,1.00,4.46,
113.21,28.59,Other crops,26.40,1389.00,18.50,978.48,13.92,4.38,1.73,9.53,21.35,31.53,47.12,1.30,0.00,2.38,1.00,1.00,4.35,
113.21,28.59,Other crops,26.40,1389.00,18.50,978.48,13.92,4.38,1.73,9.53,21.35,31.53,47.12,1.30,0.00,1.00,1.00,1.00,3.87,
113.21,28.59,Other crops,26.40,1389.00,18.50,978.48,13.92,4.38,1.73,9.53,21.35,31.53,47.12,1.30,0.00,2.06,1.00,1.00,4.43,
113.21,28.59,Other crops,26.40,1389.00,18.50,978.48,13.92,4.38,1.73,9.53,21.35,31.53,47.12,1.30,0.00,2.06,1.00,1.00,3.89,
117.68,31.66,Wheat,18.32,1215.00,16.84,1024.84,10.88,6.52,1.77,14.10,23.88,35.65,40.47,0.42,0.00,0.00,1.00,1.00,0.60,
117.68,31.66,Wheat,18.32,1215.00,16.84,1024.84,10.88,6.52,1.77,14.10,23.88,35.65,40.47,0.42,0.00,1.00,1.00,1.00,1.38,
117.68,31.66,Wheat,18.32,1215.00,16.84,1024.84,10.88,6.52,1.77,14.10,23.88,35.65,40.47,0.42,0.00,2.47,1.00,1.00,2.00,
117.68,31.66,Wheat,18.32,1215.00,16.84,1024.84,10.88,6.52,1.77,14.10,23.88,35.65,40.47,0.42,0.00,1.24,1.00,1.00,0.76,
117.68,31.66,Wheat,18.32,1215.00,16.84,1024.84,10.88,6.52,1.77,14.10,23.88,35.65,40.47,0.42,0.00,1.00,1.00,1.00,0.74,
117.68,31.66,Wheat,18.32,1215.00,16.84,1024.84,10.88,6.52,1.77,14.10,23.88,35.65,40.47,0.42,0.00,1.74,1.00,1.00,1.72,
117.68,31.66,Wheat,18.32,1215.00,16.84,1024.84,10.88,6.52,1.77,14.10,23.88,35.65,40.47,0.42,0.00,1.00,1.00,1.00,1.13,
117.68,31.66,Wheat,18.32,1215.00,16.84,1024.84,10.88,6.52,1.77,14.10,23.88,35.65,40.47,0.42,0.00,1.00,1.00,1.00,0.56,
113.82,28.32,Maize,12.33,1613.16,17.60,979.58,6.55,5.69,1.73,9.43,21.43,31.23,47.34,4.53,0.00,1.00,1.00,1.00,0.31,
113.82,28.32,Maize,12.33,1613.16,17.60,979.58,6.55,5.69,1.73,9.43,21.43,31.23,47.34,4.53,0.00,1.00,1.00,1.00,0.20,
113.82,28.32,Maize,12.33,1613.16,17.60,979.58,6.55,5.69,1.73,9.43,21.43,31.23,47.34,4.53,0.00,1.00,1.00,1.00,0.16,
113.82,28.32,Maize,12.33,1613.16,17.60,979.58,6.55,5.69,1.73,9.43,21.43,31.23,47.34,4.53,0.00,1.00,1.00,1.00,0.18,
113.82,28.32,Maize,12.33,1613.16,17.60,979.58,6.55,5.69,1.73,9.43,21.43,31.23,47.34,4.53,0.00,1.00,1.00,1.00,0.13,
113.82,28.32,Maize,12.33,1613.16,17.60,979.58,6.55,5.69,1.73,9.43,21.43,31.23,47.34,4.53,0.00,1.00,1.00,1.00,0.91,
113.82,28.32,Maize,12.33,1613.16,17.60,979.58,6.55,5.69,1.73,9.43,21.43,31.23,47.34,4.53,0.00,1.00,1.00,1.00,0.66,
113.82,28.32,Maize,12.33,1613.16,17.60,979.58,6.55,5.69,1.73,9.43,21.43,31.23,47.34,4.53,0.00,1.00,1.00,1.00,0.56,
113.82,28.32,Maize,12.33,1613.16,17.60,979.58,6.55,5.69,1.73,9.43,21.43,31.23,47.34,4.53,0.00,1.00,1.00,1.00,0.61,
113.82,28.32,Maize,12.33,1613.16,17.60,979.58,6.55,5.69,1.73,9.43,21.43,31.23,47.34,4.53,0.00,1.00,1.00,1.00,0.38,
102.75,25.30,Maize,56.80,924.89,14.94,1069.29,11.35,6.62,1.85,17.85,31.11,33.69,35.19,5.27,0.00,1.00,1.00,1.00,0.03,
102.75,25.30,Maize,56.80,924.89,14.94,1069.29,11.35,6.62,1.85,17.85,31.11,33.69,35.19,5.27,0.00,0.60,1.00,1.00,0.04,
102.75,25.30,Maize,56.80,924.89,14.94,1069.29,11.35,6.62,1.85,17.85,31.11,33.69,35.19,5.27,0.00,0.89,1.00,1.00,0.16,
102.75,25.30,Maize,56.80,924.89,14.94,1069.29,11.35,6.62,1.85,17.85,31.11,33.69,35.19,5.27,0.00,1.00,1.00,1.00,0.19,
102.75,25.30,Other crops,56.80,924.89,14.94,1069.29,11.35,6.62,1.85,17.85,31.11,33.69,35.19,5.27,0.00,0.60,1.00,1.00,0.18,
102.75,25.30,Other crops,56.80,924.89,14.94,1069.29,11.35,6.62,1.85,17.85,31.11,33.69,35.19,5.27,0.00,0.89,1.00,1.00,0.54,
102.75,25.30,Maize,56.80,924.89,14.94,1069.29,11.35,6.62,1.85,17.85,31.11,33.69,35.19,5.27,0.00,0.40,1.00,1.00,0.06,
103.38,25.35,Other crops,14.06,1001.80,15.20,1035.54,13.52,5.65,1.89,19.46,34.81,31.65,33.54,8.50,0.00,1.00,1.00,1.00,3.03,
103.38,25.35,Other crops,14.06,1001.80,15.20,1035.54,13.52,5.65,1.89,19.46,34.81,31.65,33.54,8.50,0.00,1.00,1.00,1.00,2.66,
103.38,25.35,Other crops,14.06,1001.80,15.20,1035.54,13.52,5.65,1.89,19.46,34.81,31.65,33.54,8.50,0.00,1.00,1.00,1.00,2.48,
103.38,25.35,Other crops,14.06,1001.80,15.20,1035.54,13.52,5.65,1.89,19.46,34.81,31.65,33.54,8.50,0.00,0.00,0.00,0.00,1.51,
103.38,25.35,Other crops,14.06,1001.80,15.20,1035.54,13.52,5.65,1.89,19.46,34.81,31.65,33.54,8.50,0.00,0.78,1.00,1.00,1.45,
103.38,25.35,Other crops,14.06,1001.80,15.20,1035.54,13.52,5.65,1.89,19.46,34.81,31.65,33.54,8.50,0.00,1.00,1.00,1.00,1.76,
103.38,25.35,Other crops,14.06,1001.80,15.20,1035.54,13.52,5.65,1.89,19.46,34.81,31.65,33.54,8.50,0.00,1.00,1.00,1.00,0.57,
103.38,25.35,Other crops,14.06,1001.80,15.20,1035.54,13.52,5.65,1.89,19.46,34.81,31.65,33.54,8.50,0.00,1.00,1.00,1.00,0.46,
103.38,25.35,Other crops,14.06,1001.80,15.20,1035.54,13.52,5.65,1.89,19.46,34.81,31.65,33.54,8.50,0.00,1.00,1.00,1.00,0.59,
103.38,25.35,Other crops,14.06,1001.80,15.20,1035.54,13.52,5.65,1.89,19.46,34.81,31.65,33.54,8.50,0.00,0.00,0.00,0.00,2.18,
103.38,25.35,Other crops,14.06,1001.80,15.20,1035.54,13.52,5.65,1.89,19.46,34.81,31.65,33.54,8.50,0.00,0.78,1.00,1.00,2.15,
103.38,25.35,Other crops,14.06,1001.80,15.20,1035.54,13.52,5.65,1.89,19.46,34.81,31.65,33.54,8.50,0.00,1.00,1.00,1.00,2.04,
103.38,25.35,Other crops,14.06,1001.80,15.20,1035.54,13.52,5.65,1.89,19.46,34.81,31.65,33.54,8.50,0.00,1.00,1.00,1.00,0.60,
103.38,25.35,Other crops,14.06,1001.80,15.20,1035.54,13.52,5.65,1.89,19.46,34.81,31.65,33.54,8.50,0.00,1.00,1.00,1.00,0.84,
103.38,25.35,Other crops,14.06,1001.80,15.20,1035.54,13.52,5.65,1.89,19.46,34.81,31.65,33.54,8.50,0.00,1.00,1.00,1.00,0.73,
102.78,25.17,Other crops,6.01,925.03,15.09,1067.84,11.72,6.09,1.84,18.29,31.45,33.62,34.93,4.16,0.00,1.00,1.00,1.00,0.16,
102.78,25.17,Other crops,6.01,925.03,15.09,1067.84,11.72,6.09,1.84,18.29,31.45,33.62,34.93,4.16,0.00,1.00,1.00,1.00,0.41,
102.78,25.17,Other crops,6.01,925.03,15.09,1067.84,11.72,6.09,1.84,18.29,31.45,33.62,34.93,4.16,0.00,1.00,1.00,1.00,0.30,
112.88,28.67,Rice,1.80,1391.56,18.37,971.60,24.25,5.40,1.76,13.86,23.64,36.20,40.16,0.21,0.00,0.00,0.00,0.00,0.13,
112.88,28.67,Rice,1.80,1391.56,18.37,971.60,24.25,5.40,1.76,13.86,23.64,36.20,40.16,0.21,0.00,1.70,1.00,1.00,0.19,
112.88,28.67,Rice,1.80,1391.56,18.37,971.60,24.25,5.40,1.76,13.86,23.64,36.20,40.16,0.21,0.00,0.80,1.00,1.00,0.15,
112.88,28.67,Rice,1.80,1391.56,18.37,971.60,24.25,5.40,1.76,13.86,23.64,36.20,40.16,0.21,0.00,1.00,1.00,1.00,0.17,
106.41,29.81,Other crops,17.10,1100.00,18.30,841.50,8.18,5.81,1.74,19.50,22.57,38.15,39.28,15.00,0.00,0.00,1.00,1.00,0.05,
106.41,29.81,Other crops,19.60,1100.00,18.30,841.50,8.18,5.81,1.74,19.50,22.57,38.15,39.28,15.00,0.00,1.00,1.00,1.00,0.07,
106.41,29.81,Other crops,18.19,1100.00,18.30,841.50,8.18,5.81,1.74,19.50,22.57,38.15,39.28,15.00,0.00,1.00,1.00,1.00,0.08,
106.41,29.81,Other crops,21.98,1100.00,18.30,841.50,8.18,5.81,1.74,19.50,22.57,38.15,39.28,15.00,0.00,1.50,1.00,1.00,0.12,
106.41,29.81,Other crops,20.60,1100.00,18.30,841.50,8.18,5.81,1.74,19.50,22.57,38.15,39.28,15.00,0.00,1.00,1.00,1.00,0.08,
106.17,29.21,Other crops,9.04,1113.39,16.15,865.63,12.82,5.14,1.78,15.14,24.85,36.36,38.79,15.00,0.00,1.00,1.00,1.00,0.19,
106.39,29.24,Other crops,15.14,1119.46,16.15,858.27,12.82,7.94,1.75,13.82,22.80,37.93,39.27,25.00,0.00,1.00,1.00,1.00,0.55,
106.24,29.27,Maize,24.63,1112.17,16.15,863.24,12.82,7.36,1.79,15.84,26.14,35.96,37.90,25.00,0.00,1.00,1.00,1.00,0.37,
125.36,43.85,Maize,43.20,568.50,4.80,923.30,17.15,6.63,1.78,18.23,25.48,41.05,33.47,0.48,0.00,0.00,0.00,0.00,0.14,
125.36,43.85,Maize,43.20,568.50,4.80,923.30,17.15,6.63,1.78,18.23,25.48,41.05,33.47,0.48,0.00,1.00,1.00,1.00,0.20,
125.36,43.85,Maize,43.20,568.50,4.80,923.30,17.15,6.63,1.78,18.23,25.48,41.05,33.47,0.48,0.00,0.68,1.00,1.00,0.18,
125.36,43.85,Maize,43.20,568.50,4.80,923.30,17.15,6.63,1.78,18.23,25.48,41.05,33.47,0.48,0.00,1.00,1.00,1.00,0.17,
125.36,43.85,Maize,43.20,568.50,4.80,923.30,17.15,6.63,1.78,18.23,25.48,41.05,33.47,0.48,0.00,1.00,1.00,1.00,0.23,
117.12,31.93,Maize,10.50,1000.00,15.50,1058.38,9.85,6.61,1.31,14.55,40.26,36.33,39.23,0.45,0.00,1.00,1.00,1.00,0.46,
117.12,31.93,Maize,10.50,1000.00,15.50,1058.38,9.85,6.61,1.31,14.55,40.26,36.33,39.23,0.45,0.00,1.00,1.00,1.00,0.31,
102.59,24.58,Maize,9.56,891.72,16.05,1057.63,5.31,5.86,1.87,18.88,33.72,32.29,33.99,15.00,0.00,1.00,1.00,1.00,0.44,
102.59,24.58,Maize,9.56,891.72,16.05,1057.63,5.31,5.86,1.87,18.88,33.72,32.29,33.99,15.00,0.00,1.00,1.00,1.00,0.29,
102.59,24.58,Maize,9.56,891.72,16.05,1057.63,5.31,5.86,1.87,18.88,33.72,32.29,33.99,15.00,0.00,1.00,1.00,1.00,0.64,
102.59,24.58,Maize,9.56,891.72,16.05,1057.63,5.31,5.86,1.87,18.88,33.72,32.29,33.99,15.00,0.00,1.00,1.00,1.00,0.69,
102.59,24.58,Other crops,9.56,891.72,16.05,1057.63,5.31,5.86,1.87,18.88,33.72,32.29,33.99,15.00,0.00,1.00,1.00,1.00,0.78,
102.59,24.58,Other crops,9.56,891.72,16.05,1057.63,5.31,5.86,1.87,18.88,33.72,32.29,33.99,15.00,0.00,1.00,1.00,1.00,0.72,
117.09,32.68,Other crops,17.14,954.90,16.72,1069.54,10.78,7.53,1.73,12.71,21.11,34.45,44.44,0.28,0.00,0.00,0.00,0.00,0.26,
117.09,32.68,Other crops,17.14,954.90,16.72,1069.54,10.78,7.53,1.73,12.71,21.11,34.45,44.44,0.28,0.00,1.00,1.00,1.00,0.46,
117.09,32.68,Other crops,17.14,954.90,16.72,1069.54,10.78,7.53,1.73,12.71,21.11,34.45,44.44,0.28,0.00,0.00,0.00,0.00,0.48,
117.09,32.68,Other crops,17.14,954.90,16.72,1069.54,10.78,7.53,1.73,12.71,21.11,34.45,44.44,0.28,0.00,1.00,1.00,1.00,0.56,
117.09,32.68,Other crops,17.14,954.90,16.72,1069.54,10.78,7.53,1.73,12.71,21.11,34.45,44.44,0.28,0.00,0.00,0.00,0.00,0.23,
117.09,32.68,Other crops,17.14,954.90,16.72,1069.54,10.78,7.53,1.73,12.71,21.11,34.45,44.44,0.28,0.00,1.00,1.00,1.00,0.36,
117.09,32.68,Other crops,17.14,954.90,16.72,1069.54,10.78,7.53,1.73,12.71,21.11,34.45,44.44,0.28,0.00,0.00,0.00,0.00,0.03,
117.09,32.68,Other crops,17.14,954.90,16.72,1069.54,10.78,7.53,1.73,12.71,21.11,34.45,44.44,0.28,0.00,1.00,1.00,1.00,0.03,
117.09,32.68,Other crops,17.14,954.90,16.72,1069.54,10.78,7.53,1.73,12.71,21.11,34.45,44.44,0.28,0.00,0.00,0.00,0.00,0.04,
117.09,32.68,Other crops,17.14,954.90,16.72,1069.54,10.78,7.53,1.73,12.71,21.11,34.45,44.44,0.28,0.00,1.00,1.00,1.00,0.06,
117.09,32.68,Other crops,17.14,954.90,16.72,1069.54,10.78,7.53,1.73,12.71,21.11,34.45,44.44,0.28,1.00,0.00,0.00,0.00,0.60,
117.09,32.68,Wheat,17.14,954.90,16.72,1069.54,10.78,7.53,1.73,12.71,21.11,34.45,44.44,0.28,1.00,0.00,0.00,0.00,0.15,
117.09,32.68,Other crops,17.14,954.90,16.72,1069.54,10.78,7.53,1.73,12.71,21.11,34.45,44.44,0.28,1.00,1.00,1.00,1.00,0.60,
117.09,32.68,Wheat,17.14,954.90,16.72,1069.54,10.78,7.53,1.73,12.71,21.11,34.45,44.44,0.28,1.00,1.00,1.00,1.00,0.16,
117.09,32.68,Other crops,17.14,954.90,16.72,1069.54,10.78,7.53,1.73,12.71,21.11,34.45,44.44,0.28,1.00,0.00,0.00,0.00,0.48,
117.09,32.68,Wheat,17.14,954.90,16.72,1069.54,10.78,7.53,1.73,12.71,21.11,34.45,44.44,0.28,1.00,0.00,0.00,0.00,0.03,
117.09,32.68,Other crops,17.14,954.90,16.72,1069.54,10.78,7.53,1.73,12.71,21.11,34.45,44.44,0.28,1.00,1.00,1.00,1.00,0.56,
117.09,32.68,Wheat,17.14,954.90,16.72,1069.54,10.78,7.53,1.73,12.71,21.11,34.45,44.44,0.28,1.00,1.00,1.00,1.00,0.03,
117.09,32.68,Other crops,17.14,954.90,16.72,1069.54,10.78,7.53,1.73,12.71,21.11,34.45,44.44,0.28,1.00,0.00,0.00,0.00,0.01,
117.09,32.68,Wheat,17.14,954.90,16.72,1069.54,10.78,7.53,1.73,12.71,21.11,34.45,44.44,0.28,1.00,0.00,0.00,0.00,0.48,
117.09,32.68,Other crops,17.14,954.90,16.72,1069.54,10.78,7.53,1.73,12.71,21.11,34.45,44.44,0.28,1.00,1.00,1.00,1.00,0.05,
117.09,32.68,Wheat,17.14,954.90,16.72,1069.54,10.78,7.53,1.73,12.71,21.11,34.45,44.44,0.28,1.00,1.00,1.00,1.00,0.56,
117.56,32.87,Other crops,22.19,900.00,15.00,1067.32,11.20,6.70,1.72,13.00,20.73,35.96,43.31,0.20,0.00,1.00,1.00,1.00,0.31,
117.00,32.63,Other crops,19.81,900.00,15.00,1069.39,9.96,6.73,1.72,12.16,20.26,32.60,47.13,0.30,0.00,1.00,1.00,1.00,0.40,
116.76,32.16,Other crops,37.95,900.00,15.00,1068.39,16.52,5.70,1.71,13.88,20.88,36.25,42.87,0.23,0.00,1.00,1.00,1.00,0.29,
117.39,32.54,Other crops,32.71,900.00,15.00,1064.97,16.01,6.38,1.84,24.13,34.12,36.35,29.52,0.29,0.00,1.00,1.00,1.00,0.25,
117.21,32.27,Other crops,34.33,900.00,15.00,1064.78,15.06,6.07,1.75,14.49,23.35,36.58,40.08,0.26,0.00,1.00,1.00,1.00,0.50,
117.39,32.92,Other crops,21.47,900.00,15.00,1070.57,13.54,6.36,1.69,12.71,18.78,36.91,44.31,0.41,0.00,1.00,1.00,1.00,0.34,
118.08,32.90,Other crops,38.29,900.00,15.00,1056.38,12.10,6.21,1.75,13.06,22.56,34.11,43.33,0.60,0.00,1.00,1.00,1.00,0.33,
116.24,32.26,Other crops,30.60,900.00,15.00,1073.29,14.17,6.15,1.72,15.10,21.41,38.34,40.25,0.23,0.00,1.00,1.00,1.00,0.26,
115.64,32.65,Other crops,38.42,900.00,15.00,1081.01,15.81,6.76,1.95,32.98,45.54,32.47,22.00,0.06,0.00,1.00,1.00,1.00,0.55,
116.61,32.77,Other crops,45.09,900.00,15.00,1073.70,11.27,7.25,1.78,17.32,26.53,37.47,36.00,0.10,0.00,1.00,1.00,1.00,0.09,
117.22,33.36,Other crops,38.38,900.00,15.00,1078.10,11.42,7.16,1.80,19.36,29.09,35.69,35.22,0.05,0.00,1.00,1.00,1.00,0.46,
117.21,32.99,Other crops,37.54,900.00,15.00,1073.41,9.60,7.60,1.71,12.87,19.62,36.73,43.65,0.22,0.00,1.00,1.00,1.00,0.33,
116.29,32.69,Other crops,38.96,900.00,15.00,1080.86,9.60,7.78,1.73,14.46,21.92,36.87,41.20,0.08,0.00,1.00,1.00,1.00,0.13,
117.89,33.29,Other crops,41.24,900.00,15.00,1065.44,17.12,6.48,1.96,34.52,47.15,32.55,20.29,0.08,0.00,1.00,1.00,1.00,0.22,
117.09,32.68,Wheat,17.14,900.00,15.00,1069.54,10.78,7.53,1.73,12.71,21.11,34.44,44.45,0.28,1.00,0.00,1.00,1.00,0.15,
117.09,32.68,Wheat,17.14,900.00,15.00,1069.54,10.78,7.53,1.73,12.71,21.11,34.44,44.45,0.28,1.00,1.00,1.00,1.00,0.16,
117.09,32.68,Wheat,17.14,900.00,15.00,1069.54,10.78,7.53,1.73,12.71,21.11,34.44,44.45,0.28,1.00,0.00,1.00,1.00,0.60,
117.09,32.68,Wheat,17.14,900.00,15.00,1069.54,10.78,7.53,1.73,12.71,21.11,34.44,44.45,0.28,1.00,1.00,1.00,1.00,0.60,
117.09,32.68,Wheat,17.14,900.00,15.00,1069.54,10.78,7.53,1.73,12.71,21.11,34.44,44.45,0.28,1.00,0.00,1.00,1.00,0.03,
117.09,32.68,Wheat,17.14,900.00,15.00,1069.54,10.78,7.53,1.73,12.71,21.11,34.44,44.45,0.28,1.00,1.00,1.00,1.00,0.03,
117.09,32.68,Other crops,17.14,900.00,15.00,1069.54,10.78,7.53,1.73,12.71,21.11,34.44,44.45,0.28,1.00,0.00,1.00,1.00,0.48,
117.09,32.68,Other crops,17.14,900.00,15.00,1069.54,10.78,7.53,1.73,12.71,21.11,34.44,44.45,0.28,1.00,1.00,1.00,1.00,0.56,
117.09,32.68,Other crops,17.14,900.00,15.00,1069.54,10.78,7.53,1.73,12.71,21.11,34.44,44.45,0.28,1.00,0.00,1.00,1.00,0.01,
117.09,32.68,Other crops,17.14,900.00,15.00,1069.54,10.78,7.53,1.73,12.71,21.11,34.44,44.45,0.28,1.00,1.00,1.00,1.00,0.05,
117.09,32.68,Other crops,17.14,900.00,15.00,1069.54,10.78,7.53,1.73,12.71,21.11,34.44,44.45,0.28,1.00,0.00,1.00,1.00,0.47,
117.09,32.68,Wheat,17.14,900.00,15.00,1069.54,10.78,7.53,1.73,12.71,21.11,34.44,44.45,0.28,1.00,1.00,1.00,1.00,0.79,
118.52,29.95,Other crops,35.30,1818.40,15.88,956.21,17.13,5.06,1.72,14.08,21.37,33.49,45.14,2.38,0.00,1.00,1.00,1.00,0.09,
118.52,29.95,Other crops,35.30,1818.40,15.88,956.21,17.13,5.06,1.72,14.08,21.37,33.49,45.14,2.38,0.00,1.00,1.00,1.00,0.20,
116.05,31.67,Other crops,8.32,1299.73,16.20,1038.83,6.32,4.70,1.72,15.48,20.89,35.18,43.93,2.52,0.00,1.00,1.00,1.00,0.20,
116.05,31.67,Other crops,8.32,1299.73,16.20,1038.83,6.32,4.70,1.72,15.48,20.89,35.18,43.93,2.52,0.00,1.00,1.00,1.00,0.27,
117.31,31.72,Other crops,12.57,1107.29,17.05,1046.28,10.03,6.88,1.78,15.00,25.00,37.00,38.00,0.30,0.00,1.00,1.00,1.00,0.35,
117.31,31.72,Other crops,12.57,1107.29,17.05,1046.28,10.03,6.88,1.78,15.00,25.00,37.00,38.00,0.30,0.00,1.00,1.00,1.00,0.45,
118.52,29.95,Other crops,35.30,1818.40,15.88,956.21,17.13,5.06,1.72,14.08,21.37,33.49,45.14,2.38,0.00,1.00,1.00,1.00,0.21,
118.52,29.95,Other crops,35.30,1818.40,15.88,956.21,17.13,5.06,1.72,14.08,21.37,33.49,45.14,2.38,0.00,1.00,1.00,1.00,0.35,
116.05,31.67,Other crops,8.32,1299.73,16.20,1038.83,6.32,4.70,1.72,15.48,20.89,35.18,43.93,2.52,0.00,1.00,1.00,1.00,0.26,
116.05,31.67,Other crops,8.32,1299.73,16.20,1038.83,6.32,4.70,1.72,15.48,20.89,35.18,43.93,2.52,0.00,1.00,1.00,1.00,0.39,
117.31,31.72,Other crops,12.57,1107.29,17.05,1046.28,10.03,6.88,1.78,15.00,25.00,37.00,38.00,0.30,0.00,1.00,1.00,1.00,1.01,
117.31,31.72,Other crops,12.57,1107.29,17.05,1046.28,10.03,6.88,1.78,15.00,25.00,37.00,38.00,0.30,0.00,1.00,1.00,1.00,1.23,
118.52,29.95,Other crops,35.30,1818.40,15.88,956.21,17.13,5.06,1.72,14.08,21.37,33.49,45.14,2.38,0.00,1.00,1.00,1.00,0.17,
118.52,29.95,Other crops,35.30,1818.40,15.88,956.21,17.13,5.06,1.72,14.08,21.37,33.49,45.14,2.38,0.00,1.00,1.00,1.00,0.23,
116.05,31.67,Other crops,8.32,1299.73,16.20,1038.83,6.32,4.70,1.72,15.48,20.89,35.18,43.93,2.52,0.00,1.00,1.00,1.00,0.10,
116.05,31.67,Other crops,8.32,1299.73,16.20,1038.83,6.32,4.70,1.72,15.48,20.89,35.18,43.93,2.52,0.00,1.00,1.00,1.00,0.13,
117.31,31.72,Other crops,12.57,1107.29,17.05,1046.28,10.03,6.88,1.78,15.00,25.00,37.00,38.00,0.30,0.00,1.00,1.00,1.00,1.32,
117.31,31.72,Other crops,12.57,1107.29,17.05,1046.28,10.03,6.88,1.78,15.00,25.00,37.00,38.00,0.30,0.00,1.00,1.00,1.00,1.77,
106.11,26.29,Rice,27.37,1279.50,15.43,874.67,26.93,6.59,1.74,13.67,22.75,38.36,38.89,0.92,0.00,1.50,1.00,1.00,0.09,
106.11,26.29,Rice,27.37,1279.50,15.43,874.67,26.93,6.59,1.74,13.67,22.75,38.36,38.89,0.92,0.00,1.00,1.00,1.00,0.08,
106.11,26.29,Rice,27.37,1279.50,15.43,874.67,26.93,6.59,1.74,13.67,22.75,38.36,38.89,0.92,0.00,1.00,1.00,1.00,0.08,
106.11,26.29,Rice,27.37,1279.50,15.43,874.67,26.93,6.59,1.74,13.67,22.75,38.36,38.89,0.92,0.00,1.50,1.00,1.00,0.33,
106.11,26.29,Rice,27.37,1279.50,15.43,874.67,26.93,6.59,1.74,13.67,22.75,38.36,38.89,0.92,0.00,1.00,1.00,1.00,0.21,
106.11,26.29,Rice,27.37,1279.50,15.43,874.67,26.93,6.59,1.74,13.67,22.75,38.36,38.89,0.92,0.00,1.00,1.00,1.00,0.27,
106.11,26.29,Rice,27.37,1279.50,15.43,874.67,26.93,6.59,1.74,13.67,22.75,38.36,38.89,0.92,0.00,1.50,1.00,1.00,0.43,
106.11,26.29,Rice,27.37,1279.50,15.43,874.67,26.93,6.59,1.74,13.67,22.75,38.36,38.89,0.92,0.00,1.00,1.00,1.00,0.29,
106.11,26.29,Rice,27.37,1279.50,15.43,874.67,26.93,6.59,1.74,13.67,22.75,38.36,38.89,0.92,0.00,1.00,1.00,1.00,0.39,
117.21,31.92,Rice,10.50,1064.25,17.01,1056.14,9.86,6.61,1.77,14.21,24.01,35.81,40.18,0.36,1.00,1.00,1.00,1.00,0.22,
117.21,31.92,Rice,10.50,1064.25,17.01,1056.14,9.86,6.61,1.77,14.21,24.01,35.81,40.18,0.36,1.00,1.00,1.00,1.00,0.21,
117.21,31.92,Rice,10.50,1064.25,17.01,1056.14,9.86,6.61,1.77,14.21,24.01,35.81,40.18,0.36,1.00,1.00,1.00,1.00,0.21,
117.21,31.92,Rice,10.50,1064.25,17.01,1056.14,9.86,6.61,1.77,14.21,24.01,35.81,40.18,0.36,1.00,1.00,1.00,1.00,0.22,
117.21,31.92,Rice,10.50,1064.25,17.01,1056.14,9.86,6.61,1.77,14.21,24.01,35.81,40.18,0.36,1.00,1.00,1.00,1.00,0.30,
117.21,31.92,Rice,10.50,1064.25,17.01,1056.14,9.86,6.61,1.77,14.21,24.01,35.81,40.18,0.36,1.00,1.00,1.00,1.00,0.24,
117.21,31.92,Rice,10.50,1064.25,17.01,1056.14,9.86,6.61,1.77,14.21,24.01,35.81,40.18,0.36,1.00,1.00,1.00,1.00,0.25,
117.21,31.92,Rice,10.50,1064.25,17.01,1056.14,9.86,6.61,1.77,14.21,24.01,35.81,40.18,0.36,1.00,1.00,1.00,1.00,0.05,
117.21,31.92,Rice,10.50,1000.00,15.50,1056.14,9.86,6.61,1.31,14.21,24.01,35.81,40.18,7.50,1.00,1.00,1.00,1.00,0.08,
117.21,31.92,Rice,10.50,1000.00,15.50,1056.14,9.86,6.61,1.31,14.21,24.01,35.81,40.18,7.50,1.00,1.00,1.00,1.00,0.06,
117.21,31.92,Rice,10.50,1000.00,15.50,1056.14,9.86,6.61,1.31,14.21,24.01,35.81,40.18,7.50,1.00,1.00,1.00,1.00,0.06,
117.21,31.92,Rice,10.50,1000.00,15.50,1056.14,9.86,6.61,1.31,14.21,24.01,35.81,40.18,7.50,1.00,1.00,1.00,1.00,0.06,
119.28,29.18,Maize,8.27,1694.55,17.84,985.42,6.01,6.49,1.76,14.89,23.73,34.95,41.32,0.77,1.00,0.00,1.00,1.00,0.20,
119.28,29.18,Maize,8.27,1694.55,17.84,985.42,6.01,6.49,1.76,14.89,23.73,34.95,41.32,0.77,1.00,1.00,1.00,1.00,0.23,
119.28,29.18,Maize,8.27,1694.55,17.84,985.42,6.01,6.49,1.76,14.89,23.73,34.95,41.32,0.77,1.00,1.00,1.00,1.00,0.24,
119.28,29.18,Maize,8.27,1694.55,17.84,985.42,6.01,6.49,1.76,14.89,23.73,34.95,41.32,0.77,1.00,1.24,1.00,1.00,0.24,
109.41,26.84,Rice,6.10,1388.80,16.10,870.65,20.50,5.74,1.79,15.26,25.86,36.74,37.39,4.12,1.00,1.00,1.00,1.00,1.35,
109.41,26.84,Rice,6.10,1388.80,16.10,870.65,20.50,5.74,1.79,15.26,25.86,36.74,37.39,4.12,1.00,1.00,1.00,1.00,0.25,
102.90,25.03,Other crops,8.63,915.18,15.36,1057.41,17.44,6.74,1.86,18.38,32.47,32.94,34.59,2.66,0.00,1.00,1.00,1.00,0.16,
102.90,25.03,Other crops,8.63,915.18,15.36,1057.41,17.44,6.74,1.86,18.38,32.47,32.94,34.59,2.66,0.00,1.00,1.00,1.00,0.14,
102.90,25.03,Other crops,8.63,915.18,15.36,1057.41,17.44,6.74,1.86,18.38,32.47,32.94,34.59,2.66,0.00,1.00,1.00,1.00,0.22,
104.40,31.01,Rice,35.17,910.70,16.50,809.13,29.29,6.90,1.78,15.21,24.79,35.93,39.28,0.41,0.00,1.34,1.00,1.00,1.55,
104.40,31.01,Rice,35.17,910.70,16.50,809.13,29.29,6.90,1.78,15.21,24.79,35.93,39.28,0.41,0.00,1.00,1.00,1.00,1.39,
104.40,31.01,Rice,35.17,910.70,16.50,809.13,29.29,6.90,1.78,15.21,24.79,35.93,39.28,0.41,0.00,1.34,1.00,1.00,1.78,
104.40,31.01,Rice,35.17,910.70,16.50,809.13,29.29,6.90,1.78,15.21,24.79,35.93,39.28,0.41,0.00,1.34,1.00,1.00,2.36,
104.40,31.01,Rice,35.17,910.70,16.50,809.13,29.29,6.90,1.78,15.21,24.79,35.93,39.28,0.41,0.00,1.00,1.00,1.00,2.25,
104.40,31.01,Rice,35.17,910.70,16.50,809.13,29.29,6.90,1.78,15.21,24.79,35.93,39.28,0.41,0.00,1.34,1.00,1.00,3.16,
117.69,31.66,Other crops,12.87,1210.00,18.50,1024.26,14.09,6.03,1.77,14.28,24.10,35.92,39.99,0.39,0.00,0.00,0.00,0.00,1.10,
117.69,31.66,Other crops,12.87,1210.00,18.50,1024.26,14.09,6.03,1.77,14.28,24.10,35.92,39.99,0.39,0.00,1.55,1.00,1.00,1.20,
117.69,31.66,Other crops,12.87,1210.00,18.50,1024.26,14.09,6.03,1.77,14.28,24.10,35.92,39.99,0.39,0.00,1.25,1.00,1.00,1.13,
117.69,31.66,Other crops,12.87,1210.00,18.50,1024.26,14.09,6.03,1.77,14.28,24.10,35.92,39.99,0.39,0.00,1.95,1.00,1.00,1.28,
117.69,31.66,Other crops,12.87,1210.00,18.50,1024.26,14.09,6.03,1.77,14.28,24.10,35.92,39.99,0.39,0.00,1.95,1.00,1.00,1.26,
117.69,31.66,Other crops,12.87,1210.00,18.50,1024.26,14.09,6.03,1.77,14.28,24.10,35.92,39.99,0.39,0.00,1.00,1.00,1.00,1.22,
117.69,31.66,Rice,12.87,1210.00,18.50,1024.26,14.09,6.03,1.77,14.28,24.10,35.92,39.99,0.39,0.00,0.00,0.00,0.00,0.42,
117.69,31.66,Rice,12.87,1210.00,18.50,1024.26,14.09,6.03,1.77,14.28,24.10,35.92,39.99,0.39,0.00,1.26,1.00,1.00,0.67,
117.69,31.66,Rice,12.87,1210.00,18.50,1024.26,14.09,6.03,1.77,14.28,24.10,35.92,39.99,0.39,0.00,1.25,1.00,1.00,0.56,
117.69,31.66,Rice,12.87,1210.00,18.50,1024.26,14.09,6.03,1.77,14.28,24.10,35.92,39.99,0.39,0.00,1.58,1.00,1.00,0.76,
117.69,31.66,Rice,12.87,1210.00,18.50,1024.26,14.09,6.03,1.77,14.28,24.10,35.92,39.99,0.39,0.00,1.58,1.00,1.00,0.71,
117.69,31.66,Rice,12.87,1210.00,18.50,1024.26,14.09,6.03,1.77,14.28,24.10,35.92,39.99,0.39,0.00,1.00,1.00,1.00,0.62,
117.69,31.66,Other crops,12.87,1210.00,18.50,1024.26,14.09,6.03,1.77,14.28,24.10,35.92,39.99,0.39,0.00,0.00,0.00,0.00,0.16,
117.69,31.66,Other crops,12.87,1210.00,18.50,1024.26,14.09,6.03,1.77,14.28,24.10,35.92,39.99,0.39,0.00,1.55,1.00,1.00,0.23,
117.69,31.66,Other crops,12.87,1210.00,18.50,1024.26,14.09,6.03,1.77,14.28,24.10,35.92,39.99,0.39,0.00,1.25,1.00,1.00,0.31,
117.69,31.66,Other crops,12.87,1210.00,18.50,1024.26,14.09,6.03,1.77,14.28,24.10,35.92,39.99,0.39,0.00,1.95,1.00,1.00,0.31,
117.69,31.66,Other crops,12.87,1210.00,18.50,1024.26,14.09,6.03,1.77,14.28,24.10,35.92,39.99,0.39,0.00,1.95,1.00,1.00,0.30,
117.69,31.66,Other crops,12.87,1210.00,18.50,1024.26,14.09,6.03,1.77,14.28,24.10,35.92,39.99,0.39,0.00,1.00,1.00,1.00,0.24,
125.41,43.81,Other crops,25.05,607.65,6.44,920.65,19.73,6.22,1.77,20.34,24.96,44.22,30.82,0.66,0.00,0.00,1.00,1.00,0.44,
125.41,43.81,Maize,25.05,607.65,6.44,920.65,19.73,6.22,1.77,20.34,24.96,44.22,30.82,0.66,0.00,0.00,1.00,1.00,0.77,
125.41,43.81,Maize,25.05,607.65,6.44,920.65,19.73,6.22,1.77,20.34,24.96,44.22,30.82,0.66,0.00,0.00,1.00,1.00,0.80,
125.41,43.81,Maize,25.05,607.65,6.44,920.65,19.73,6.22,1.77,20.34,24.96,44.22,30.82,0.66,0.00,2.34,1.00,1.00,1.45,
125.41,43.81,Maize,25.05,607.65,6.44,920.65,19.73,6.22,1.77,20.34,24.96,44.22,30.82,0.66,0.00,1.00,1.00,1.00,1.05,
125.41,43.81,Maize,25.05,607.65,6.44,920.65,19.73,6.22,1.77,20.34,24.96,44.22,30.82,0.66,0.00,1.68,1.00,1.00,1.28,
125.41,43.81,Maize,25.05,607.65,6.44,920.65,19.73,6.22,1.77,20.34,24.96,44.22,30.82,0.66,0.00,2.34,1.00,1.00,1.28,
119.06,31.30,Rice,6.24,1250.00,15.90,988.81,9.74,6.01,1.75,11.60,32.40,59.80,7.80,0.39,1.00,0.00,0.00,0.00,0.13,
119.06,31.30,Rice,6.24,1250.00,15.90,988.81,9.74,6.01,1.75,11.60,32.40,59.80,7.80,0.39,1.00,0.42,1.00,1.00,0.45,
119.06,31.30,Rice,6.24,1250.00,15.90,988.81,9.74,6.01,1.75,11.60,32.40,59.80,7.80,0.39,1.00,1.00,1.00,1.00,0.94,
119.06,31.30,Rice,6.24,1250.00,15.90,988.81,9.74,6.01,1.75,11.60,32.40,59.80,7.80,0.39,1.00,2.00,1.00,1.00,3.02,
119.06,31.30,Rice,6.24,1250.00,15.90,988.81,9.74,6.01,1.75,11.60,32.40,59.80,7.80,0.39,1.00,4.00,1.00,1.00,5.97,
120.78,31.09,Rice,6.83,1100.00,16.97,973.06,18.94,5.60,1.78,11.60,25.00,37.00,38.00,0.11,1.00,1.00,1.00,1.00,0.95,
120.78,31.09,Rice,6.83,1100.00,16.97,973.06,18.94,5.60,1.78,11.60,25.00,37.00,38.00,0.11,1.00,0.00,1.00,1.00,0.63,
117.45,31.68,Wheat,24.63,970.00,15.50,1037.90,10.57,5.95,1.23,16.08,26.80,40.24,32.97,6.00,1.00,1.00,1.00,1.00,0.61,
117.45,31.68,Wheat,24.63,970.00,15.50,1037.90,10.57,5.95,1.23,16.08,26.80,40.24,32.97,6.00,1.00,1.00,1.00,1.00,0.37,
117.45,31.68,Wheat,24.63,970.00,15.50,1037.90,10.57,5.95,1.23,16.08,26.80,40.24,32.97,6.00,1.00,1.00,1.00,1.00,0.28,
117.45,31.68,Wheat,24.63,970.00,15.50,1037.90,10.57,5.95,1.23,16.08,26.80,40.24,32.97,6.00,1.00,1.00,1.00,1.00,0.42,
117.45,31.68,Wheat,24.63,970.00,15.50,1037.90,10.57,5.95,1.23,16.08,26.80,40.24,32.97,6.00,1.00,1.00,1.00,1.00,0.80,
117.45,31.68,Wheat,24.63,970.00,15.50,1037.90,10.57,5.95,1.23,16.08,26.80,40.24,32.97,6.00,1.00,1.00,1.00,1.00,0.50,
117.45,31.68,Wheat,24.63,970.00,15.50,1037.90,10.57,5.95,1.23,16.08,26.80,40.24,32.97,6.00,1.00,1.00,1.00,1.00,0.37,
117.45,31.68,Wheat,24.63,970.00,15.50,1037.90,10.57,5.95,1.23,16.08,26.80,40.24,32.97,6.00,1.00,1.00,1.00,1.00,0.53,
111.38,33.22,Other crops,13.92,907.50,15.80,999.64,15.30,6.24,1.68,14.80,18.26,35.09,46.65,20.00,1.00,1.00,1.00,1.00,0.08,
111.38,33.22,Other crops,13.92,907.50,15.80,999.64,15.30,6.24,1.68,14.80,18.26,35.09,46.65,20.00,1.00,1.00,1.00,1.00,0.04,
111.38,33.22,Other crops,13.92,907.50,15.80,999.64,15.30,6.24,1.68,14.80,18.26,35.09,46.65,20.00,1.00,1.00,1.00,1.00,0.03,
119.93,30.23,Rice,67.60,1628.00,15.80,954.67,13.86,5.89,1.73,8.58,22.23,37.19,40.58,1.75,0.00,0.00,0.00,0.00,0.74,
119.93,30.23,Rice,67.60,1628.00,15.80,954.67,13.86,5.89,1.73,8.58,22.23,37.19,40.58,1.75,0.00,1.25,1.00,1.00,1.93,
119.93,30.23,Rice,67.60,1628.00,15.80,954.67,13.86,5.89,1.73,8.58,22.23,37.19,40.58,1.75,0.00,1.13,1.00,1.00,2.05,
119.93,30.23,Rice,67.60,1628.00,15.80,954.67,13.86,5.89,1.73,8.58,22.23,37.19,40.58,1.75,0.00,1.00,1.00,1.00,1.45,
119.93,30.23,Rice,67.60,1628.00,15.80,954.67,13.86,5.89,1.73,8.58,22.23,37.19,40.58,1.75,0.00,1.00,1.00,1.00,1.12,
119.93,30.23,Rice,67.60,1628.00,15.80,954.67,13.86,5.89,1.73,8.58,22.23,37.19,40.58,1.75,0.00,1.00,1.00,1.00,1.21,
121.73,31.19,Other crops,29.70,1203.06,16.94,977.40,14.36,6.30,1.78,15.00,25.00,37.00,38.00,0.04,0.00,1.30,1.00,1.00,0.50,
121.73,31.19,Other crops,29.70,1203.06,16.94,977.40,14.36,6.30,1.78,15.00,25.00,37.00,38.00,0.04,0.00,1.00,1.00,1.00,0.47,
121.73,31.19,Other crops,29.70,1203.06,16.94,977.40,14.36,6.30,1.78,15.00,25.00,37.00,38.00,0.04,0.00,1.00,1.00,1.00,0.46,
121.73,31.19,Other crops,29.70,1203.06,16.94,977.40,14.36,6.30,1.78,15.00,25.00,37.00,38.00,0.04,0.00,1.30,1.00,1.00,0.50,
121.73,31.19,Other crops,29.70,1203.06,16.94,977.40,14.36,6.30,1.78,15.00,25.00,37.00,38.00,0.04,0.00,1.00,1.00,1.00,0.47,
121.73,31.19,Other crops,29.70,1203.06,16.94,977.40,14.36,6.30,1.78,15.00,25.00,37.00,38.00,0.04,0.00,1.00,1.00,1.00,0.46,
121.73,31.19,Other crops,29.70,1203.06,16.94,977.40,14.36,6.30,1.78,15.00,25.00,37.00,38.00,0.04,0.00,1.30,1.00,1.00,0.50,
121.73,31.19,Other crops,29.70,1203.06,16.94,977.40,14.36,6.30,1.78,15.00,25.00,37.00,38.00,0.04,0.00,1.00,1.00,1.00,0.47,
121.73,31.19,Other crops,29.70,1203.06,16.94,977.40,14.36,6.30,1.78,15.00,25.00,37.00,38.00,0.04,0.00,1.00,1.00,1.00,0.46,
106.41,29.81,Wheat,3.90,1100.00,18.30,841.50,3.45,8.16,1.74,13.95,22.57,38.15,39.28,15.00,0.00,0.00,0.00,0.00,0.02,
106.41,29.81,Wheat,3.90,1100.00,18.30,841.50,3.45,8.16,1.74,13.95,22.57,38.15,39.28,15.00,0.00,0.60,1.00,1.00,0.03,
106.41,29.81,Wheat,3.90,1100.00,18.30,841.50,3.45,8.16,1.74,13.95,22.57,38.15,39.28,15.00,0.00,1.00,1.00,1.00,0.05,
106.41,29.81,Wheat,3.90,1100.00,18.30,841.50,3.45,8.16,1.74,13.95,22.57,38.15,39.28,15.00,0.00,1.50,1.00,1.00,0.14,
106.41,29.81,Wheat,3.90,1100.00,18.30,841.50,3.45,8.16,1.74,13.95,22.57,38.15,39.28,15.00,0.00,1.00,1.00,1.00,0.02,
106.41,29.81,Maize,3.90,1100.00,18.30,841.50,3.45,8.16,1.74,13.95,22.57,38.15,39.28,15.00,0.00,0.00,0.00,0.00,0.02,
106.41,29.81,Maize,3.90,1100.00,18.30,841.50,3.45,8.16,1.74,13.95,22.57,38.15,39.28,15.00,0.00,1.60,1.00,1.00,0.03,
106.41,29.81,Maize,3.90,1100.00,18.30,841.50,3.45,8.16,1.74,13.95,22.57,38.15,39.28,15.00,0.00,1.00,1.00,1.00,0.05,
106.41,29.81,Maize,3.90,1100.00,18.30,841.50,3.45,8.16,1.74,13.95,22.57,38.15,39.28,15.00,0.00,1.50,1.00,1.00,0.14,
106.41,29.81,Maize,3.90,1100.00,18.30,841.50,3.45,8.16,1.74,13.95,22.57,38.15,39.28,15.00,0.00,1.00,1.00,1.00,0.02,
106.41,29.81,Wheat,3.90,1100.00,18.30,841.50,3.45,8.16,1.74,13.95,22.57,38.15,39.28,15.00,0.00,0.00,0.00,0.00,0.02,
106.41,29.81,Wheat,3.90,1100.00,18.30,841.50,3.45,8.16,1.74,13.95,22.57,38.15,39.28,15.00,0.00,1.50,1.00,1.00,0.03,
106.41,29.81,Wheat,3.90,1100.00,18.30,841.50,3.45,8.16,1.74,13.95,22.57,38.15,39.28,15.00,0.00,1.00,1.00,1.00,0.02,
106.41,29.81,Maize,3.90,1100.00,18.30,841.50,3.45,8.16,1.74,13.95,22.57,38.15,39.28,15.00,0.00,0.00,0.00,0.00,0.02,
106.41,29.81,Maize,3.90,1100.00,18.30,841.50,3.45,8.16,1.74,13.95,22.57,38.15,39.28,15.00,0.00,1.50,1.00,1.00,0.03,
106.41,29.81,Maize,3.90,1100.00,18.30,841.50,3.45,8.16,1.74,13.95,22.57,38.15,39.28,15.00,0.00,1.00,1.00,1.00,0.02,
106.41,29.81,Wheat,3.90,1100.00,18.30,841.50,3.45,8.16,1.74,13.95,22.57,38.15,39.28,15.00,0.00,0.00,0.00,0.00,0.07,
106.41,29.81,Wheat,3.90,1100.00,18.30,841.50,3.45,8.16,1.74,13.95,22.57,38.15,39.28,15.00,0.00,0.60,1.00,1.00,0.06,
106.41,29.81,Wheat,3.90,1100.00,18.30,841.50,3.45,8.16,1.74,13.95,22.57,38.15,39.28,15.00,0.00,1.00,1.00,1.00,0.04,
106.41,29.81,Wheat,3.90,1100.00,18.30,841.50,3.45,8.16,1.74,13.95,22.57,38.15,39.28,15.00,0.00,1.50,1.00,1.00,0.04,
106.41,29.81,Wheat,3.90,1100.00,18.30,841.50,3.45,8.16,1.74,13.95,22.57,38.15,39.28,15.00,0.00,1.00,1.00,1.00,0.03,
106.41,29.81,Maize,3.90,1100.00,18.30,841.50,3.45,8.16,1.74,13.95,22.57,38.15,39.28,15.00,0.00,0.00,0.00,0.00,0.07,
106.41,29.81,Maize,3.90,1100.00,18.30,841.50,3.45,8.16,1.74,13.95,22.57,38.15,39.28,15.00,0.00,1.60,1.00,1.00,0.06,
106.41,29.81,Maize,3.90,1100.00,18.30,841.50,3.45,8.16,1.74,13.95,22.57,38.15,39.28,15.00,0.00,1.00,1.00,1.00,0.04,
106.41,29.81,Maize,3.90,1100.00,18.30,841.50,3.45,8.16,1.74,13.95,22.57,38.15,39.28,15.00,0.00,1.50,1.00,1.00,0.04,
106.41,29.81,Maize,3.90,1100.00,18.30,841.50,3.45,8.16,1.74,13.95,22.57,38.15,39.28,15.00,0.00,1.00,1.00,1.00,0.03,
120.16,30.24,Other crops,414.01,1628.00,15.80,961.58,17.55,4.10,1.77,12.50,24.59,32.61,42.80,12.50,0.00,0.00,0.00,0.00,0.49,
120.16,30.24,Other crops,414.01,1628.00,15.80,961.58,17.55,4.10,1.77,12.50,24.59,32.61,42.80,12.50,0.00,1.00,1.00,1.00,0.67,
120.16,30.24,Other crops,414.01,1628.00,15.80,961.58,17.55,4.10,1.77,12.50,24.59,32.61,42.80,12.50,0.00,1.00,1.00,1.00,0.66,
120.16,30.24,Other crops,414.01,1628.00,15.80,961.58,17.55,4.10,1.77,12.50,24.59,32.61,42.80,12.50,0.00,0.49,1.00,1.00,0.95,
113.82,28.33,Rice,12.79,1613.88,17.59,979.61,8.10,5.70,1.73,9.96,21.76,31.79,46.45,5.12,0.00,0.00,1.00,1.00,0.63,
113.82,28.33,Rice,12.79,1613.88,17.59,979.61,8.10,5.70,1.73,9.96,21.76,31.79,46.45,5.12,0.00,1.00,1.00,1.00,0.55,
113.82,28.33,Rice,12.79,1613.88,17.59,979.61,8.10,5.70,1.73,9.96,21.76,31.79,46.45,5.12,0.00,1.00,1.00,1.00,0.77,
113.82,28.33,Rice,12.79,1613.88,17.59,979.61,8.10,5.70,1.73,9.96,21.76,31.79,46.45,5.12,0.00,1.00,1.00,1.00,0.88,
113.82,28.33,Rice,12.79,1613.88,17.59,979.61,8.10,5.70,1.73,9.96,21.76,31.79,46.45,5.12,0.00,1.00,1.00,1.00,0.55,
113.82,28.33,Rice,12.79,1613.88,17.59,979.61,8.10,5.70,1.73,9.96,21.76,31.79,46.45,5.12,0.00,1.00,1.00,1.00,0.70,
106.42,29.82,Wheat,18.29,1100.00,18.30,841.49,5.08,8.16,1.74,14.31,22.60,37.89,39.51,15.00,0.00,0.00,1.00,1.00,0.08,
106.42,29.82,Wheat,18.29,1100.00,18.30,841.49,5.08,8.16,1.74,14.31,22.60,37.89,39.51,15.00,0.00,0.61,1.00,1.00,0.13,
106.42,29.82,Wheat,18.29,1100.00,18.30,841.49,5.08,8.16,1.74,14.31,22.60,37.89,39.51,15.00,0.00,1.00,1.00,1.00,0.19,
106.42,29.82,Wheat,18.29,1100.00,18.30,841.49,5.08,8.16,1.74,14.31,22.60,37.89,39.51,15.00,0.00,1.50,1.00,1.00,0.20,
106.42,29.82,Wheat,18.29,1100.00,18.30,841.49,5.08,8.16,1.74,14.31,22.60,37.89,39.51,15.00,0.00,1.00,1.00,1.00,0.06,
119.57,30.30,Other crops,261.80,1458.00,15.80,948.21,25.46,4.01,1.75,13.61,23.22,38.20,38.57,12.50,0.00,0.00,1.00,1.00,0.77,
119.57,30.30,Other crops,261.80,1458.00,15.80,948.21,25.46,4.01,1.75,13.61,23.22,38.20,38.57,12.50,0.00,0.00,1.00,1.00,0.68,
119.57,30.30,Other crops,261.80,1458.00,15.80,948.21,25.46,4.01,1.75,13.61,23.22,38.20,38.57,12.50,0.00,1.00,1.00,1.00,1.12,
119.57,30.30,Other crops,261.80,1458.00,15.80,948.21,25.46,4.01,1.75,13.61,23.22,38.20,38.57,12.50,0.00,1.63,1.00,1.00,1.61,
119.18,31.60,Other crops,11.84,1036.00,15.50,985.80,9.64,6.21,1.74,13.26,21.77,35.94,42.30,0.90,0.00,1.67,1.00,1.00,0.49,
119.18,31.60,Other crops,11.84,1036.00,15.50,985.80,9.64,6.21,1.74,13.26,21.77,35.94,42.30,0.90,0.00,1.00,1.00,1.00,0.38,
119.18,31.60,Other crops,11.84,1036.00,15.50,985.80,9.64,6.21,1.74,13.26,21.77,35.94,42.30,0.90,0.00,1.00,1.00,1.00,0.36,
119.18,31.60,Rice,11.84,1036.00,15.50,985.80,9.64,6.21,1.74,13.26,21.77,35.94,42.30,0.90,0.00,1.67,1.00,1.00,2.13,
119.18,31.60,Rice,11.84,1036.00,15.50,985.80,9.64,6.21,1.74,13.26,21.77,35.94,42.30,0.90,0.00,1.00,1.00,1.00,1.65,
119.18,31.60,Rice,11.84,1036.00,15.50,985.80,9.64,6.21,1.74,13.26,21.77,35.94,42.30,0.90,0.00,1.00,1.00,1.00,1.06,
113.82,28.32,Maize,20.95,1613.16,17.60,979.58,8.47,5.33,1.73,9.43,21.43,31.23,47.34,4.53,0.00,1.00,1.00,1.00,0.25,
113.82,28.32,Maize,20.95,1613.16,17.60,979.58,8.47,5.33,1.73,9.43,21.43,31.23,47.34,4.53,0.00,1.00,1.00,1.00,0.61,
113.82,28.32,Maize,20.95,1613.16,17.60,979.58,8.47,5.33,1.73,9.43,21.43,31.23,47.34,4.53,0.00,1.00,1.00,1.00,0.42,
113.82,28.32,Maize,20.95,1613.16,17.60,979.58,8.47,5.33,1.73,9.43,21.43,31.23,47.34,4.53,0.00,1.00,1.00,1.00,0.54,
113.82,28.32,Maize,20.95,1613.16,17.60,979.58,8.47,5.33,1.73,9.43,21.43,31.23,47.34,4.53,0.00,1.00,1.00,1.00,0.52,
113.82,28.32,Other crops,20.95,1613.16,17.60,979.58,8.47,5.33,1.73,9.43,21.43,31.23,47.34,4.53,0.00,1.00,1.00,1.00,0.25,
113.82,28.32,Other crops,20.95,1613.16,17.60,979.58,8.47,5.33,1.73,9.43,21.43,31.23,47.34,4.53,0.00,1.00,1.00,1.00,0.61,
113.82,28.32,Other crops,20.95,1613.16,17.60,979.58,8.47,5.33,1.73,9.43,21.43,31.23,47.34,4.53,0.00,1.00,1.00,1.00,0.42,
113.82,28.32,Other crops,20.95,1613.16,17.60,979.58,8.47,5.33,1.73,9.43,21.43,31.23,47.34,4.53,0.00,1.00,1.00,1.00,0.54,
113.82,28.32,Other crops,20.95,1613.16,17.60,979.58,8.47,5.33,1.73,9.43,21.43,31.23,47.34,4.53,0.00,1.00,1.00,1.00,0.52,
119.18,31.60,Wheat,11.84,1231.78,16.65,985.80,9.64,6.21,1.74,13.26,21.77,35.94,42.30,0.90,0.00,1.50,1.00,1.00,0.47,
119.18,31.60,Wheat,11.84,1231.78,16.65,985.80,9.64,6.21,1.74,13.26,21.77,35.94,42.30,0.90,0.00,1.00,1.00,1.00,0.37,
119.18,31.60,Wheat,11.84,1231.78,16.65,985.80,9.64,6.21,1.74,13.26,21.77,35.94,42.30,0.90,0.00,1.00,1.00,1.00,0.35,
119.18,31.60,Rice,11.84,1231.78,16.65,985.80,9.64,6.21,1.74,13.26,21.77,35.94,42.30,0.90,0.00,1.67,1.00,1.00,1.40,
119.18,31.60,Rice,11.84,1231.78,16.65,985.80,9.64,6.21,1.74,13.26,21.77,35.94,42.30,0.90,0.00,1.00,1.00,1.00,1.08,
119.18,31.60,Rice,11.84,1231.78,16.65,985.80,9.64,6.21,1.74,13.26,21.77,35.94,42.30,0.90,0.00,1.00,1.00,1.00,0.69,
112.49,28.51,Rice,13.77,1465.00,16.50,952.02,20.78,5.16,1.76,13.11,41.75,21.96,36.29,0.37,0.00,0.00,0.00,0.00,0.08,
112.49,28.51,Rice,13.77,1465.00,16.50,952.02,20.78,5.16,1.76,13.11,23.74,35.11,41.15,0.37,0.00,1.25,1.00,1.00,0.26,
112.49,28.51,Rice,13.77,1465.00,16.50,952.02,20.78,5.16,1.76,13.11,23.74,35.11,41.15,0.37,0.00,1.00,1.00,1.00,0.33,
112.49,28.51,Rice,13.77,1465.00,16.50,952.02,20.78,5.16,1.76,13.11,23.74,35.11,41.15,0.37,0.00,1.25,1.00,1.00,0.19,
112.49,28.51,Rice,13.77,1465.00,16.50,952.02,20.78,5.16,1.76,13.11,23.74,35.11,41.15,0.37,0.00,1.25,1.00,1.00,0.25,
112.49,28.51,Rice,13.77,1465.00,16.50,952.02,20.78,5.16,1.76,13.11,23.74,35.11,41.15,0.37,0.00,0.00,0.00,0.00,0.11,
112.49,28.51,Rice,13.77,1465.00,16.50,952.02,20.78,5.16,1.76,13.11,23.74,35.11,41.15,0.37,0.00,1.11,1.00,1.00,0.35,
112.49,28.51,Rice,13.77,1465.00,16.50,952.02,20.78,5.16,1.76,13.11,23.74,35.11,41.15,0.37,0.00,1.00,1.00,1.00,0.36,
112.49,28.51,Rice,13.77,1465.00,16.50,952.02,20.78,5.16,1.76,13.11,23.74,35.11,41.15,0.37,0.00,1.11,1.00,1.00,0.23,
112.49,28.51,Rice,13.77,1465.00,16.50,952.02,20.78,5.16,1.76,13.11,23.74,35.11,41.15,0.37,0.00,1.11,1.00,1.00,0.25,
120.03,30.36,Other crops,157.75,1398.30,16.40,800.00,9.57,5.69,1.78,14.77,25.07,35.66,39.27,1.04,0.00,0.00,0.00,0.00,0.02,
120.03,30.36,Other crops,157.75,1398.30,16.40,800.00,9.57,5.69,1.78,14.77,25.07,35.66,39.27,1.04,0.00,1.97,1.00,1.00,0.09,
120.03,30.36,Other crops,157.75,1398.30,16.40,800.00,9.57,5.69,1.78,14.77,25.07,35.66,39.27,1.04,0.00,1.97,1.00,1.00,0.06,
120.03,30.36,Other crops,157.75,1398.30,16.40,800.00,9.57,5.69,1.78,14.77,25.07,35.66,39.27,1.04,0.00,1.69,1.00,1.00,0.06,
120.03,30.36,Other crops,157.75,1398.30,16.40,800.00,9.57,5.69,1.78,14.77,25.07,35.66,39.27,1.04,0.00,1.34,1.00,1.00,0.04,
120.03,30.36,Other crops,157.75,1398.30,16.40,800.00,9.57,5.69,1.78,14.77,25.07,35.66,39.27,1.04,0.00,1.00,1.00,1.00,0.04,
119.57,30.30,Other crops,11.23,1628.00,15.80,948.21,12.48,5.35,1.75,13.61,23.22,38.20,38.57,36.00,0.00,0.00,1.00,1.00,0.02,
119.57,30.30,Other crops,11.23,1628.00,15.80,948.21,12.48,5.35,1.75,13.61,23.22,38.20,38.57,36.00,0.00,1.15,1.00,1.00,0.01,
119.57,30.30,Other crops,11.23,1628.00,15.80,948.21,12.48,5.35,1.75,13.61,23.22,38.20,38.57,36.00,0.00,1.00,1.00,1.00,0.01,
119.57,30.30,Other crops,11.23,1628.00,15.80,948.21,12.48,5.35,1.75,13.61,23.22,38.20,38.57,36.00,0.00,1.00,1.00,1.00,0.01,
113.07,23.11,Other crops,10.39,1638.00,21.80,1093.33,11.80,6.25,1.78,14.26,24.94,35.75,39.30,0.39,0.00,1.00,1.00,1.00,1.70,
113.07,23.11,Other crops,10.39,1638.00,21.80,1093.33,11.80,6.25,1.78,14.26,24.94,35.75,39.30,0.39,0.00,0.80,1.00,1.00,2.40,
113.07,23.11,Other crops,10.39,1638.00,21.80,1093.33,11.80,6.25,1.78,14.26,24.94,35.75,39.30,0.39,0.00,0.70,1.00,1.00,2.90,
119.94,29.22,Other crops,9.87,1597.08,17.73,968.15,12.41,5.20,1.13,15.23,25.14,36.77,38.09,0.64,0.00,0.00,1.00,1.00,0.15,
119.94,29.22,Other crops,9.87,1597.08,17.73,968.15,12.41,5.20,1.13,15.23,25.14,36.77,38.09,0.64,0.00,1.00,1.00,1.00,0.60,
119.94,29.22,Other crops,9.87,1597.08,17.73,968.15,12.41,5.20,1.13,15.23,25.14,36.77,38.09,0.64,0.00,1.00,1.00,1.00,0.45,
119.94,29.22,Other crops,9.87,1597.08,17.73,968.15,12.41,5.20,1.13,15.23,25.14,36.77,38.09,0.64,0.00,1.38,1.00,1.00,0.45,
121.03,30.98,Rice,13.41,1178.20,15.60,976.76,12.82,5.85,1.67,9.51,18.52,28.52,52.96,0.04,0.00,1.00,1.00,1.00,0.59,
121.03,30.98,Rice,14.62,1178.20,15.60,976.76,12.82,5.85,1.67,9.51,18.52,28.52,52.96,0.04,0.00,1.00,1.00,1.00,1.38,
121.03,30.98,Rice,16.75,1178.20,15.60,976.76,12.82,5.85,1.67,9.51,18.52,28.52,52.96,0.04,0.00,1.00,1.00,1.00,1.56,
119.89,30.36,Rice,15.36,1350.00,15.75,955.25,21.74,5.78,1.77,13.10,24.90,32.86,42.24,1.82,0.00,1.00,1.00,1.00,0.04,
119.89,30.36,Rice,15.36,1350.00,15.75,955.25,21.74,5.78,1.77,13.10,24.90,32.86,42.24,1.82,0.00,1.00,1.00,1.00,0.07,
119.89,30.36,Rice,15.36,1350.00,15.75,955.25,21.74,5.78,1.77,13.10,24.90,32.86,42.24,1.82,0.00,1.00,1.00,1.00,0.10,
119.89,30.36,Rice,15.36,1350.00,15.75,955.25,21.74,5.78,1.77,13.10,24.90,32.86,42.24,1.82,0.00,1.00,1.00,1.00,0.05,
119.89,30.36,Rice,15.36,1350.00,15.75,955.25,21.74,5.78,1.77,13.10,24.90,32.86,42.24,1.82,0.00,1.00,1.00,1.00,0.02,
119.89,30.36,Rice,15.36,1350.00,15.75,955.25,21.74,5.78,1.77,13.10,24.90,32.86,42.24,1.82,0.00,1.00,1.00,1.00,0.03,
119.89,30.36,Rice,15.36,1350.00,15.75,955.25,21.74,5.78,1.77,13.10,24.90,32.86,42.24,1.82,0.00,1.00,1.00,1.00,0.05,
119.89,30.36,Rice,15.36,1350.00,15.75,955.25,21.74,5.78,1.77,13.10,24.90,32.86,42.24,1.82,0.00,1.00,1.00,1.00,0.02,
119.89,30.36,Rice,15.36,1350.00,15.75,955.25,21.74,5.78,1.77,13.10,24.90,32.86,42.24,1.82,0.00,1.00,1.00,1.00,0.10,
119.89,30.36,Rice,15.36,1350.00,15.75,955.25,21.74,5.78,1.77,13.10,24.90,32.86,42.24,1.82,0.00,1.00,1.00,1.00,0.21,
119.89,30.36,Rice,15.36,1350.00,15.75,955.25,21.74,5.78,1.77,13.10,24.90,32.86,42.24,1.82,0.00,1.00,1.00,1.00,0.31,
119.89,30.36,Rice,15.36,1350.00,15.75,955.25,21.74,5.78,1.77,13.10,24.90,32.86,42.24,1.82,0.00,1.00,1.00,1.00,0.14,
119.89,30.36,Rice,15.36,1350.00,15.75,955.25,21.74,5.78,1.77,13.10,24.90,32.86,42.24,1.82,0.00,1.00,1.00,1.00,0.07,
119.89,30.36,Rice,15.36,1350.00,15.75,955.25,21.74,5.78,1.77,13.10,24.90,32.86,42.24,1.82,0.00,1.00,1.00,1.00,0.17,
119.89,30.36,Rice,15.36,1350.00,15.75,955.25,21.74,5.78,1.77,13.10,24.90,32.86,42.24,1.82,0.00,1.00,1.00,1.00,0.23,
119.89,30.36,Rice,15.36,1350.00,15.75,955.25,21.74,5.78,1.77,13.10,24.90,32.86,42.24,1.82,0.00,1.00,1.00,1.00,0.10,
119.85,31.33,Other crops,20.10,1227.10,15.70,971.93,50.99,4.90,1.75,13.58,17.20,64.70,18.10,4.00,0.00,1.00,1.00,1.00,0.28,
119.85,31.33,Other crops,26.40,1227.10,15.70,971.93,26.04,6.20,1.75,13.58,24.00,59.30,16.70,4.00,0.00,1.00,1.00,1.00,0.66,
119.85,31.33,Maize,12.90,1227.10,15.70,971.93,5.35,5.40,1.75,13.58,7.40,66.70,25.90,4.00,0.00,1.00,1.00,1.00,2.67,
119.85,31.33,Other crops,48.70,1227.10,15.70,971.93,15.95,5.30,1.75,13.58,12.20,63.70,24.10,4.00,0.00,1.00,1.00,1.00,2.79,
119.85,31.33,Rice,29.40,1227.10,15.70,971.93,28.19,6.60,1.75,13.58,2.30,71.80,25.90,4.00,0.00,1.00,1.00,1.00,0.34,
118.83,29.42,Other crops,28.00,1430.00,17.00,964.15,32.66,4.60,1.82,17.00,28.55,35.37,36.08,15.00,0.00,1.00,1.00,1.00,0.54,
118.83,29.42,Other crops,28.00,1430.00,17.00,964.15,26.88,5.30,1.82,17.00,28.55,35.37,36.08,15.00,0.00,1.00,1.00,1.00,0.39,
118.83,29.42,Other crops,28.00,1430.00,17.00,964.15,26.88,5.30,1.82,17.00,28.55,35.37,36.08,15.00,0.00,1.00,1.00,1.00,0.40,
118.83,29.42,Other crops,28.00,1430.00,17.00,964.15,26.88,5.30,1.82,17.00,28.55,35.37,36.08,15.00,0.00,1.00,1.00,1.00,0.38,
117.68,31.66,Wheat,19.21,1215.00,16.10,1024.84,14.10,7.02,1.77,14.10,23.88,35.65,40.47,0.42,0.00,0.00,1.00,1.00,0.18,
117.68,31.66,Wheat,19.21,1215.00,16.10,1024.84,14.10,7.02,1.77,14.10,23.88,35.65,40.47,0.42,0.00,1.00,1.00,1.00,0.41,
117.68,31.66,Wheat,19.21,1215.00,16.10,1024.84,14.10,7.02,1.77,14.10,23.88,35.65,40.47,0.42,0.00,1.00,1.00,1.00,0.46,
117.68,31.66,Wheat,19.21,1215.00,16.10,1024.84,14.10,7.02,1.77,14.10,23.88,35.65,40.47,0.42,0.00,1.00,1.00,1.00,0.40,
117.68,31.66,Wheat,19.21,1215.00,16.10,1024.84,14.10,7.02,1.77,14.10,23.88,35.65,40.47,0.42,0.00,1.00,1.00,1.00,0.32,
117.68,31.66,Wheat,19.21,1215.00,16.10,1024.84,14.10,7.02,1.77,14.10,23.88,35.65,40.47,0.42,0.00,1.00,1.00,1.00,0.50,
117.68,31.66,Wheat,19.21,1215.00,16.10,1024.84,14.10,7.02,1.77,14.10,23.88,35.65,40.47,0.42,0.00,1.00,1.00,1.00,0.38,
117.68,31.66,Wheat,19.21,1215.00,16.10,1024.84,14.10,7.02,1.77,14.10,23.88,35.65,40.47,0.42,0.00,1.00,1.00,1.00,0.34,
117.68,31.66,Rice,19.21,1215.00,16.10,1024.84,14.10,7.02,1.77,14.10,23.88,35.65,40.47,0.42,0.00,0.00,1.00,1.00,0.17,
117.68,31.66,Rice,19.21,1215.00,16.10,1024.84,14.10,7.02,1.77,14.10,23.88,35.65,40.47,0.42,0.00,1.00,1.00,1.00,0.38,
117.68,31.66,Rice,19.21,1215.00,16.10,1024.84,14.10,7.02,1.77,14.10,23.88,35.65,40.47,0.42,0.00,1.00,1.00,1.00,0.42,
117.68,31.66,Rice,19.21,1215.00,16.10,1024.84,14.10,7.02,1.77,14.10,23.88,35.65,40.47,0.42,0.00,1.00,1.00,1.00,0.39,
117.68,31.66,Rice,19.21,1215.00,16.10,1024.84,14.10,7.02,1.77,14.10,23.88,35.65,40.47,0.42,0.00,1.00,1.00,1.00,0.44,
117.68,31.66,Rice,19.21,1215.00,16.10,1024.84,14.10,7.02,1.77,14.10,23.88,35.65,40.47,0.42,0.00,1.00,1.00,1.00,0.39,
117.68,31.66,Rice,19.21,1215.00,16.10,1024.84,14.10,7.02,1.77,14.10,23.88,35.65,40.47,0.42,0.00,1.00,1.00,1.00,0.36,
117.68,31.66,Rice,19.21,1215.00,16.10,1024.84,14.10,7.02,1.77,14.10,23.88,35.65,40.47,0.42,0.00,1.00,1.00,1.00,0.40,
110.80,32.50,Wheat,11.20,820.40,15.02,937.09,5.44,6.40,1.71,17.64,19.79,36.43,43.79,5.70,1.00,1.00,1.00,1.00,0.41,
110.80,32.50,Wheat,11.20,820.40,15.02,937.09,5.44,6.40,1.71,17.64,19.79,36.43,43.79,5.70,1.00,1.00,1.00,1.00,0.29,
110.80,32.50,Wheat,11.20,820.40,15.02,937.09,5.44,6.40,1.71,17.64,19.79,36.43,43.79,5.70,1.00,1.00,1.00,1.00,0.33,
110.80,32.50,Wheat,11.20,820.40,15.02,937.09,5.44,6.40,1.71,17.64,19.79,36.43,43.79,5.70,1.00,1.00,1.00,1.00,0.41,
110.80,32.50,Maize,11.20,820.40,15.02,937.09,5.44,6.40,1.71,17.64,19.79,36.43,43.79,5.70,1.00,1.00,1.00,1.00,0.41,
110.80,32.50,Maize,11.20,820.40,15.02,937.09,5.44,6.40,1.71,17.64,19.79,36.43,43.79,5.70,1.00,1.00,1.00,1.00,0.29,
110.80,32.50,Maize,11.20,820.40,15.02,937.09,5.44,6.40,1.71,17.64,19.79,36.43,43.79,5.70,1.00,1.00,1.00,1.00,0.33,
110.80,32.50,Maize,11.20,820.40,15.02,937.09,5.44,6.40,1.71,17.64,19.79,36.43,43.79,5.70,1.00,1.00,1.00,1.00,0.41,
100.15,25.78,Other crops,85.90,1100.00,15.70,1013.75,2.73,7.66,1.77,15.75,24.99,37.65,37.36,7.86,0.00,0.33,1.00,1.00,3.25,
100.15,25.78,Other crops,85.90,1100.00,15.70,1013.75,2.73,7.66,1.77,15.75,24.99,37.65,37.36,7.86,0.00,1.00,1.00,1.00,2.80,
100.15,25.78,Other crops,85.90,1100.00,15.70,1013.75,2.73,7.66,1.77,15.75,24.99,37.65,37.36,7.86,0.00,1.44,1.00,1.00,2.75,
100.15,25.78,Other crops,174.70,1100.00,15.70,1013.75,2.22,5.41,1.77,15.75,24.99,37.65,37.36,7.86,0.00,0.33,1.00,1.00,2.25,
100.15,25.78,Other crops,174.70,1100.00,15.70,1013.75,2.22,5.41,1.77,15.75,24.99,37.65,37.36,7.86,0.00,1.00,1.00,1.00,1.60,
100.15,25.78,Other crops,174.70,1100.00,15.70,1013.75,2.22,5.41,1.77,15.75,24.99,37.65,37.36,7.86,0.00,1.44,1.00,1.00,1.75,
121.61,29.74,Other crops,15.00,1564.00,17.46,965.25,14.66,4.56,1.75,13.11,23.03,34.56,42.42,15.00,0.00,1.00,1.00,1.00,0.16,
121.61,29.74,Other crops,15.00,1564.00,17.46,965.25,14.66,4.56,1.75,13.11,23.03,34.56,42.42,15.00,0.00,1.00,1.00,1.00,0.06,
121.61,29.74,Other crops,15.00,1564.00,17.46,965.25,14.66,4.56,1.75,13.11,23.03,34.56,42.42,15.00,0.00,1.00,1.00,1.00,0.06,
117.77,31.66,Rice,44.47,1131.55,16.80,1020.87,13.31,6.25,1.77,14.10,23.87,35.64,40.49,0.28,0.00,0.00,0.00,0.00,0.65,
117.77,31.66,Rice,44.47,1131.55,16.80,1020.87,13.31,6.25,1.77,14.10,23.87,35.64,40.49,0.28,0.00,0.75,1.00,1.00,1.47,
117.77,31.66,Rice,44.47,1131.55,16.80,1020.87,13.31,6.25,1.77,14.10,23.87,35.64,40.49,0.28,0.00,1.00,1.00,1.00,1.06,
117.77,31.66,Rice,44.47,1131.55,16.80,1020.87,13.31,6.25,1.77,14.10,23.87,35.64,40.49,0.28,0.00,1.00,1.00,1.00,1.00,
117.77,31.66,Rice,44.47,1131.55,16.80,1020.87,13.31,6.25,1.77,14.10,23.87,35.64,40.49,0.28,0.00,0.50,1.00,1.00,0.88,
117.77,31.66,Rice,44.47,1131.55,16.80,1020.87,13.31,6.25,1.77,14.10,23.87,35.64,40.49,0.28,0.00,1.00,1.00,1.00,1.53,
117.79,31.65,Wheat,25.97,996.00,16.00,1020.08,15.32,7.32,1.77,14.30,24.11,35.95,39.94,0.25,0.00,1.00,1.00,1.00,0.03,
117.79,31.65,Wheat,25.97,996.00,16.00,1020.08,16.69,7.26,1.77,14.30,24.11,35.95,39.94,0.25,0.00,1.00,1.00,1.00,0.06,
117.79,31.65,Wheat,25.97,996.00,16.00,1020.08,16.73,7.37,1.77,14.30,24.11,35.95,39.94,0.25,0.00,1.00,1.00,1.00,0.09,
117.79,31.65,Wheat,25.97,996.00,16.00,1020.08,13.67,7.52,1.77,14.30,24.11,35.95,39.94,0.25,0.00,1.00,1.00,1.00,0.04,
117.79,31.65,Wheat,25.97,996.00,16.00,1020.08,17.95,7.15,1.77,14.30,24.11,35.95,39.94,0.25,0.00,1.00,1.00,1.00,0.04,
117.79,31.65,Wheat,25.97,996.00,16.00,1020.08,17.15,7.26,1.77,14.30,24.11,35.95,39.94,0.25,0.00,1.00,1.00,1.00,0.11,
117.79,31.65,Rice,25.97,996.00,16.00,1020.08,17.15,7.26,1.77,14.30,24.11,35.95,39.94,0.25,0.00,1.00,1.00,1.00,0.27,
117.79,31.65,Rice,25.97,996.00,16.00,1020.08,17.15,7.26,1.77,14.30,24.11,35.95,39.94,0.25,0.00,1.00,1.00,1.00,0.38,
117.79,31.65,Rice,25.97,996.00,16.00,1020.08,17.15,7.26,1.77,14.30,24.11,35.95,39.94,0.25,0.00,1.00,1.00,1.00,0.45,
117.79,31.65,Rice,25.97,996.00,16.00,1020.08,17.15,7.26,1.77,14.30,24.11,35.95,39.94,0.25,0.00,1.00,1.00,1.00,0.50,
117.79,31.65,Rice,25.97,996.00,16.00,1020.08,17.15,7.26,1.77,14.30,24.11,35.95,39.94,0.25,0.00,1.00,1.00,1.00,0.42,
117.79,31.65,Rice,25.97,996.00,16.00,1020.08,17.15,7.26,1.77,14.30,24.11,35.95,39.94,0.25,0.00,1.00,1.00,1.00,0.54,
121.48,31.25,Other crops,37.10,1227.99,16.82,979.11,14.34,7.83,1.38,15.01,19.88,36.99,38.01,0.14,0.00,1.22,1.00,1.00,1.89,
121.48,31.25,Other crops,37.10,1227.99,16.82,979.11,14.34,7.83,1.38,15.01,19.88,36.99,38.01,0.14,1.00,1.00,1.00,1.00,1.34,
121.48,31.25,Other crops,37.10,1227.99,16.82,979.11,14.34,7.83,1.38,15.01,19.88,36.99,38.01,0.14,0.00,2.74,1.00,1.00,0.40,
121.48,31.25,Other crops,37.10,1227.99,16.82,979.11,14.34,7.83,1.38,15.01,19.88,36.99,38.01,0.14,1.00,1.00,1.00,1.00,0.40,
120.01,30.66,Other crops,136.21,1367.43,17.10,963.03,18.27,4.66,1.16,15.03,26.77,35.16,38.07,5.00,0.00,1.00,1.00,1.00,9.34,
111.16,32.95,Other crops,10.20,825.00,15.67,981.52,6.50,8.30,1.69,14.01,18.38,35.41,46.20,4.01,0.00,0.00,0.00,0.00,0.08,
111.16,32.95,Other crops,10.20,825.00,15.67,981.52,6.50,8.30,1.69,14.01,18.38,35.41,46.20,4.01,0.00,0.80,1.00,1.00,0.12,
111.16,32.95,Other crops,10.20,825.00,15.67,981.52,6.50,8.30,1.69,14.01,18.38,35.41,46.20,4.01,0.00,1.00,1.00,1.00,0.14,
111.16,32.95,Other crops,10.20,825.00,15.67,981.52,6.50,8.30,1.69,14.01,18.38,35.41,46.20,4.01,0.00,1.00,1.00,1.00,0.11,
111.16,32.95,Other crops,10.20,825.00,15.67,981.52,6.50,8.30,1.69,14.01,18.38,35.41,46.20,4.01,0.00,1.00,1.00,1.00,0.11,
111.16,32.95,Other crops,10.20,825.00,15.67,981.52,6.50,8.30,1.69,14.01,18.38,35.41,46.20,4.01,0.00,0.00,0.00,0.00,0.10,
111.16,32.95,Other crops,10.20,825.00,15.67,981.52,6.50,8.30,1.69,14.01,18.38,35.41,46.20,4.01,0.00,0.80,1.00,1.00,0.14,
111.16,32.95,Other crops,10.20,825.00,15.67,981.52,6.50,8.30,1.69,14.01,18.38,35.41,46.20,4.01,0.00,1.00,1.00,1.00,0.15,
111.16,32.95,Other crops,10.20,825.00,15.67,981.52,6.50,8.30,1.69,14.01,18.38,35.41,46.20,4.01,0.00,1.00,1.00,1.00,0.13,
111.16,32.95,Other crops,10.20,825.00,15.67,981.52,6.50,8.30,1.69,14.01,18.38,35.41,46.20,4.01,0.00,1.00,1.00,1.00,0.15,
111.17,32.77,Other crops,16.00,833.60,15.90,975.15,5.28,6.50,1.72,14.73,21.04,36.22,42.73,4.13,0.00,1.00,1.00,1.00,0.07,
111.17,32.77,Other crops,16.00,833.60,15.90,975.15,5.28,6.50,1.72,14.73,21.04,36.22,42.73,4.13,0.00,1.00,1.00,1.00,0.05,
111.17,32.77,Other crops,16.00,833.60,15.90,975.15,5.28,6.50,1.72,14.73,21.04,36.22,42.73,4.13,0.00,1.00,1.00,1.00,0.10,
111.20,32.58,Other crops,14.30,780.50,15.67,961.80,15.60,7.89,1.72,14.56,20.57,36.89,42.55,1.66,0.00,1.00,1.00,1.00,0.03,
111.20,32.58,Other crops,14.30,780.50,15.67,961.80,17.40,7.99,1.72,14.56,20.57,36.89,42.55,1.66,0.00,1.00,1.00,1.00,0.03,
111.20,32.58,Maize,14.30,780.50,15.67,961.80,13.17,7.97,1.72,14.56,20.57,36.89,42.55,1.66,0.00,1.00,1.00,1.00,0.02,
111.20,32.58,Other crops,14.30,780.50,15.67,961.80,19.03,8.12,1.72,14.56,20.57,36.89,42.55,1.66,0.00,1.00,1.00,1.00,0.06,
111.20,32.58,Other crops,14.30,780.50,15.67,961.80,21.75,7.80,1.72,14.56,20.57,36.89,42.55,1.66,0.00,1.00,1.00,1.00,0.03,
111.20,32.58,Other crops,14.30,780.50,15.67,961.80,20.36,8.02,1.72,14.56,20.57,36.89,42.55,1.66,0.00,1.00,1.00,1.00,0.17,
111.20,32.58,Maize,14.30,780.50,15.67,961.80,21.40,7.45,1.72,14.56,20.57,36.89,42.55,1.66,0.00,1.00,1.00,1.00,0.07,
111.20,32.58,Other crops,14.30,780.50,15.67,961.80,21.81,7.62,1.72,14.56,20.57,36.89,42.55,1.66,0.00,1.00,1.00,1.00,0.07,
111.20,32.58,Other crops,14.30,780.50,15.67,961.80,18.62,7.48,1.72,14.56,20.57,36.89,42.55,1.66,0.00,1.00,1.00,1.00,0.07,
111.20,32.58,Other crops,14.30,780.50,15.67,961.80,14.04,8.34,1.72,14.56,20.57,36.89,42.55,1.66,0.00,1.00,1.00,1.00,0.06,
119.85,30.41,Rice,144.00,1508.50,28.90,955.22,19.32,4.98,1.79,14.86,26.10,34.59,39.31,2.88,0.00,0.00,1.00,1.00,0.70,
119.85,30.41,Rice,144.00,1508.50,28.90,955.22,19.32,4.98,1.79,14.86,26.10,34.59,39.31,2.88,0.00,1.00,1.00,1.00,1.03,
119.85,30.41,Rice,144.00,1508.50,28.90,955.22,19.32,4.98,1.79,14.86,26.10,34.59,39.31,2.88,0.00,1.00,1.00,1.00,1.35,
119.85,30.41,Rice,144.00,1508.50,28.90,955.22,19.32,4.98,1.79,14.86,26.10,34.59,39.31,2.88,0.00,1.00,1.00,1.00,0.96,
119.85,30.41,Rice,144.00,1508.50,28.90,955.22,19.32,4.98,1.79,14.86,26.10,34.59,39.31,2.88,0.00,1.00,1.00,1.00,0.91,
119.18,31.60,Rice,11.84,1036.90,15.50,985.74,9.64,6.21,1.74,13.27,21.78,35.94,42.28,0.91,0.00,1.23,1.00,1.00,3.00,
119.18,31.60,Rice,11.84,1036.90,15.50,985.74,9.64,6.21,1.74,13.27,21.78,35.94,42.28,0.91,0.00,1.23,1.00,1.00,2.58,
119.18,31.60,Rice,11.84,1036.90,15.50,985.74,9.64,6.21,1.74,13.27,21.78,35.94,42.28,0.91,0.00,1.00,1.00,1.00,2.53,
117.69,31.66,Other crops,12.87,1100.00,15.50,1024.26,14.09,6.03,1.77,14.28,24.10,35.92,39.99,0.39,0.00,0.00,0.00,0.00,1.16,
117.69,31.66,Other crops,12.87,1100.00,15.50,1024.26,13.52,6.26,1.77,14.28,24.10,35.92,39.99,0.39,0.00,1.00,1.00,1.00,1.26,
117.69,31.66,Other crops,12.87,1100.00,15.50,1024.26,13.52,6.26,1.77,14.28,24.10,35.92,39.99,0.39,0.00,1.00,1.00,1.00,1.22,
117.69,31.66,Other crops,12.87,1100.00,15.50,1024.26,13.52,6.26,1.77,14.28,24.10,35.92,39.99,0.39,0.00,1.00,1.00,1.00,1.20,
119.18,31.60,Rice,11.84,1036.90,15.50,985.74,9.64,6.21,1.74,13.27,21.78,35.94,42.28,0.91,0.00,1.25,1.00,1.00,0.04,
119.18,31.60,Rice,11.84,1036.90,15.50,985.74,9.64,6.21,1.74,13.27,21.78,35.94,42.28,0.91,0.00,1.25,1.00,1.00,0.04,
119.18,31.60,Rice,11.84,1036.90,15.50,985.74,9.64,6.21,1.74,13.27,21.78,35.94,42.28,0.91,0.00,1.00,1.00,1.00,0.03,
119.18,31.60,Rice,11.84,1036.90,15.50,985.74,9.64,6.21,1.74,13.27,21.78,35.94,42.28,0.91,0.00,1.25,1.00,1.00,0.04,
119.18,31.60,Rice,11.84,1036.90,15.50,985.74,9.64,6.21,1.74,13.27,21.78,35.94,42.28,0.91,0.00,1.25,1.00,1.00,0.05,
117.02,30.95,Wheat,25.15,1268.70,16.40,1040.29,11.40,6.18,1.77,14.64,24.53,36.45,39.02,0.44,0.00,0.00,0.00,0.00,0.65,
117.02,30.95,Wheat,25.15,1268.70,16.40,1040.29,11.40,6.18,1.77,14.64,24.53,36.45,39.02,0.44,0.00,1.00,1.00,1.00,0.78,
117.02,30.95,Wheat,25.15,1268.70,16.40,1040.29,11.40,6.18,1.77,14.64,24.53,36.45,39.02,0.44,0.00,1.00,1.00,1.00,1.00,
117.02,30.95,Wheat,25.15,1268.70,16.40,1040.29,11.40,6.18,1.77,14.64,24.53,36.45,39.02,0.44,0.00,1.00,1.00,1.00,0.70,
117.02,30.95,Wheat,25.15,1268.70,16.40,1040.29,11.40,6.18,1.77,14.64,24.53,36.45,39.02,0.44,0.00,1.00,1.00,1.00,0.82,
117.02,30.95,Rice,25.15,1268.70,16.40,1040.29,11.40,6.18,1.77,14.64,24.53,36.45,39.02,0.44,0.00,0.00,0.00,0.00,0.60,
117.02,30.95,Rice,25.15,1268.70,16.40,1040.29,11.40,6.18,1.77,14.64,24.53,36.45,39.02,0.44,0.00,1.00,1.00,1.00,0.53,
117.02,30.95,Rice,25.15,1268.70,16.40,1040.29,11.40,6.18,1.77,14.64,24.53,36.45,39.02,0.44,0.00,1.00,1.00,1.00,0.60,
117.02,30.95,Rice,25.15,1268.70,16.40,1040.29,11.40,6.18,1.77,14.64,24.53,36.45,39.02,0.44,0.00,1.00,1.00,1.00,0.57,
117.02,30.95,Rice,25.15,1268.70,16.40,1040.29,11.40,6.18,1.77,14.64,24.53,36.45,39.02,0.44,0.00,1.00,1.00,1.00,0.57,
121.30,31.33,Rice,69.72,1054.00,15.40,979.71,14.36,7.00,1.78,15.00,25.00,37.00,38.00,0.04,0.00,1.18,1.00,1.00,0.27,
121.30,31.33,Rice,69.72,1054.00,15.40,979.71,14.36,7.00,1.78,15.00,25.00,37.00,38.00,0.04,0.00,0.00,0.00,0.00,0.10,
121.30,31.33,Rice,69.72,1054.00,15.40,979.71,14.36,7.00,1.78,15.00,25.00,37.00,38.00,0.04,0.00,1.00,1.00,1.00,0.24,
121.30,31.33,Wheat,69.72,1054.00,15.40,979.71,14.36,7.00,1.78,15.00,25.00,37.00,38.00,0.04,0.00,1.18,1.00,1.00,0.26,
121.30,31.33,Wheat,69.72,1054.00,15.40,979.71,14.36,7.00,1.78,15.00,25.00,37.00,38.00,0.04,0.00,0.00,0.00,0.00,0.07,
121.30,31.33,Wheat,69.72,1054.00,15.40,979.71,14.36,7.00,1.78,15.00,25.00,37.00,38.00,0.04,0.00,1.00,1.00,1.00,0.16,
120.67,31.62,Rice,15.80,1177.00,15.70,971.05,29.20,7.32,1.73,17.48,22.31,38.16,39.52,0.10,0.00,0.00,1.00,1.00,0.14,
120.67,31.62,Rice,15.80,1177.00,15.70,971.05,29.20,7.32,1.73,17.48,22.31,38.16,39.52,0.10,0.00,0.35,1.00,1.00,0.23,
120.67,31.62,Rice,15.80,1177.00,15.70,971.05,29.20,7.32,1.73,17.48,22.31,38.16,39.52,0.10,0.00,0.69,1.00,1.00,0.29,
120.67,31.62,Rice,15.80,1177.00,15.70,971.05,29.20,7.32,1.73,17.48,22.31,38.16,39.52,0.10,0.00,1.00,1.00,1.00,0.29,
120.67,31.62,Rice,15.80,1177.00,15.70,971.05,29.20,7.32,1.73,17.48,22.31,38.16,39.52,0.10,0.00,1.39,1.00,1.00,0.38,
120.67,31.62,Rice,15.80,1177.00,15.70,971.05,29.20,7.32,1.73,17.48,22.31,38.16,39.52,0.10,0.00,2.08,1.00,1.00,0.43,
120.67,31.62,Rice,15.80,1177.00,15.70,971.05,29.20,7.32,1.73,17.48,22.31,38.16,39.52,0.10,0.00,0.00,1.00,1.00,0.14,
120.67,31.62,Rice,15.80,1177.00,15.70,971.05,29.20,7.32,1.73,17.48,22.31,38.16,39.52,0.10,0.00,0.35,1.00,1.00,0.23,
120.67,31.62,Rice,15.80,1177.00,15.70,971.05,29.20,7.32,1.73,17.48,22.31,38.16,39.52,0.10,0.00,0.69,1.00,1.00,0.29,
120.67,31.62,Rice,15.80,1177.00,15.70,971.05,29.20,7.32,1.73,17.48,22.31,38.16,39.52,0.10,0.00,1.00,1.00,1.00,0.29,
120.67,31.62,Rice,15.80,1177.00,15.70,971.05,29.20,7.32,1.73,17.48,22.31,38.16,39.52,0.10,0.00,1.39,1.00,1.00,0.38,
120.67,31.62,Rice,15.80,1177.00,15.70,971.05,29.20,7.32,1.73,17.48,22.31,38.16,39.52,0.10,0.00,2.08,1.00,1.00,0.43,
120.67,31.62,Rice,15.80,1177.00,15.70,971.05,29.20,7.32,1.73,17.48,22.31,38.16,39.52,0.10,0.00,0.00,0.00,0.00,0.13,
120.67,31.62,Rice,15.80,1177.00,15.70,971.05,29.20,7.32,1.73,17.48,22.31,38.16,39.52,0.10,0.00,0.00,0.00,0.00,0.13,
120.67,31.62,Rice,15.80,1177.00,15.70,971.05,29.20,7.32,1.73,17.48,22.31,38.16,39.52,0.10,0.00,1.25,1.00,1.00,0.33,
120.67,31.62,Rice,15.80,1177.00,15.70,971.05,29.20,7.32,1.73,17.48,22.31,38.16,39.52,0.10,0.00,1.00,1.00,1.00,0.28,
120.67,31.62,Rice,15.80,1177.00,15.70,971.05,29.20,7.32,1.73,17.48,22.31,38.16,39.52,0.10,0.00,1.00,1.00,1.00,0.30,
120.67,31.62,Rice,15.80,1177.00,15.70,971.05,29.20,7.32,1.73,17.48,22.31,38.16,39.52,0.10,0.00,0.00,0.00,0.00,0.13,
120.67,31.62,Rice,15.80,1177.00,15.70,971.05,29.20,7.32,1.73,17.48,22.31,38.16,39.52,0.10,0.00,0.00,0.00,0.00,0.13,
120.67,31.62,Rice,15.80,1177.00,15.70,971.05,29.20,7.32,1.73,17.48,22.31,38.16,39.52,0.10,0.00,1.25,1.00,1.00,0.33,
120.67,31.62,Rice,15.80,1177.00,15.70,971.05,29.20,7.32,1.73,17.48,22.31,38.16,39.52,0.10,0.00,1.00,1.00,1.00,0.28,
120.67,31.62,Rice,15.80,1177.00,15.70,971.05,29.20,7.32,1.73,17.48,22.31,38.16,39.52,0.10,0.00,1.00,1.00,1.00,0.30,
119.82,31.85,Rice,25.10,1191.26,16.49,980.11,18.74,6.20,1.76,13.06,23.44,39.33,37.22,0.04,0.00,1.00,1.00,1.00,0.25,
119.18,31.60,Rice,11.84,1036.90,15.50,985.74,9.64,6.21,1.74,13.27,21.78,35.94,42.28,0.91,0.00,1.25,1.00,1.00,1.12,
119.18,31.60,Rice,11.84,1036.90,15.50,985.74,9.64,6.21,1.74,13.27,21.78,35.94,42.28,0.91,0.00,1.25,1.00,1.00,0.91,
119.18,31.60,Rice,11.84,1036.90,15.50,985.74,9.64,6.21,1.74,13.27,21.78,35.94,42.28,0.91,0.00,1.00,1.00,1.00,0.85,
119.18,31.60,Rice,11.84,1036.90,15.50,985.74,9.64,6.21,1.74,13.27,21.78,35.94,42.28,0.91,0.00,1.25,1.00,1.00,0.95,
119.43,31.26,Other crops,11.73,1221.70,16.73,978.70,15.44,5.62,1.72,14.08,21.01,39.51,39.48,2.78,0.00,1.00,1.00,1.00,0.38,
119.43,31.26,Other crops,11.73,1221.70,16.73,978.70,15.44,5.62,1.72,14.08,21.01,39.51,39.48,2.78,0.00,1.00,1.00,1.00,0.55,
119.43,31.26,Other crops,11.73,1221.70,16.73,978.70,15.44,5.62,1.72,14.08,21.01,39.51,39.48,2.78,0.00,1.00,1.00,1.00,4.05,
119.43,31.26,Other crops,11.73,1221.70,16.73,978.70,15.44,5.62,1.72,14.08,21.01,39.51,39.48,2.78,0.00,1.00,1.00,1.00,0.80,
119.43,31.26,Other crops,11.73,1221.70,16.73,978.70,15.44,5.62,1.72,14.08,21.01,39.51,39.48,2.78,0.00,1.00,1.00,1.00,0.79,
102.90,25.03,Other crops,8.63,915.18,15.36,1057.41,17.85,6.15,1.86,18.38,32.47,32.94,34.59,2.66,0.00,1.00,1.00,1.00,0.02,
102.90,25.03,Maize,8.63,915.18,15.36,1057.41,17.85,6.15,1.86,18.38,32.47,32.94,34.59,2.66,0.00,1.00,1.00,1.00,0.01,
102.90,25.03,Maize,8.63,915.18,15.36,1057.41,17.85,6.15,1.86,18.38,32.47,32.94,34.59,2.66,0.00,1.00,1.00,1.00,0.03,
102.90,25.03,Maize,8.63,915.18,15.36,1057.41,17.85,6.15,1.86,18.38,32.47,32.94,34.59,2.66,0.00,1.00,1.00,1.00,0.02,
100.13,25.85,Rice,13.78,1008.03,14.41,1012.30,14.74,5.73,1.73,11.52,21.53,34.38,44.08,8.87,0.00,0.89,1.00,1.00,0.03,
100.13,25.85,Rice,13.78,1008.03,14.41,1012.30,14.74,5.73,1.73,11.52,21.53,34.38,44.08,8.87,0.00,3.72,1.00,1.00,0.01,
100.13,25.85,Rice,13.78,1008.03,14.41,1012.30,14.74,5.73,1.73,11.52,21.53,34.38,44.08,8.87,0.00,3.00,1.00,1.00,0.01,
100.13,25.85,Rice,13.78,1008.03,14.41,1012.30,14.74,5.73,1.73,11.52,21.53,34.38,44.08,8.87,0.00,1.89,1.00,1.00,0.01,
100.13,25.85,Rice,13.78,1008.03,14.41,1012.30,14.74,5.73,1.73,11.52,21.53,34.38,44.08,8.87,0.00,1.00,1.00,1.00,0.01,
103.41,25.38,Other crops,14.15,1001.80,15.14,1033.01,11.71,5.64,1.19,19.43,34.74,31.69,33.57,2.70,0.00,0.00,1.00,1.00,2.39,
103.41,25.38,Other crops,14.15,1001.80,15.14,1033.01,11.71,5.64,1.19,19.43,34.74,31.69,33.57,2.70,0.00,1.00,1.00,1.00,1.98,
103.41,25.38,Other crops,14.15,1001.80,15.14,1033.01,11.71,5.64,1.19,19.43,34.74,31.69,33.57,2.70,0.00,1.00,1.00,1.00,1.09,
103.41,25.38,Other crops,14.15,1001.80,15.14,1033.01,11.71,5.64,1.19,19.43,34.74,31.69,33.57,2.70,0.00,1.00,1.00,1.00,0.91,
126.23,48.88,Maize,30.56,534.00,0.40,721.17,26.28,5.64,1.80,25.73,36.53,50.87,12.60,0.00,0.00,1.00,1.00,1.00,0.24,
126.23,48.88,Maize,30.56,534.00,0.40,721.17,26.28,5.64,1.80,25.73,36.53,50.87,12.60,0.00,0.00,1.00,1.00,1.00,0.02,
126.23,48.88,Maize,30.56,534.00,0.40,721.17,26.28,5.64,1.80,25.73,36.53,50.87,12.60,5.00,0.00,1.00,1.00,1.00,0.04,
126.23,48.88,Maize,30.56,534.00,0.40,721.17,26.28,5.64,1.80,25.73,36.53,50.87,12.60,5.00,0.00,1.00,1.00,1.00,0.02,
126.23,48.88,Other crops,30.56,534.00,0.40,721.17,26.28,5.64,1.80,25.73,36.53,50.87,12.60,5.00,0.00,0.00,1.00,1.00,0.03,
126.23,48.88,Maize,30.56,534.00,0.40,721.17,26.28,5.64,1.80,25.73,36.53,50.87,12.60,10.00,0.00,1.00,1.00,1.00,0.06,
126.23,48.88,Maize,30.56,534.00,0.40,721.17,26.28,5.64,1.80,25.73,36.53,50.87,12.60,10.00,0.00,1.00,1.00,1.00,0.06,
126.23,48.88,Other crops,30.56,534.00,0.40,721.17,26.28,5.64,1.80,25.73,36.53,50.87,12.60,10.00,0.00,0.00,1.00,1.00,0.04,
126.23,48.88,Maize,30.56,534.00,0.40,721.17,26.28,5.64,1.80,25.73,36.53,50.87,12.60,15.00,0.00,1.00,1.00,1.00,0.08,
126.23,48.88,Maize,30.56,534.00,0.40,721.17,26.28,5.64,1.80,25.73,36.53,50.87,12.60,15.00,0.00,1.00,1.00,1.00,0.08,
126.23,48.88,Other crops,30.56,534.00,0.40,721.17,26.28,5.64,1.80,25.73,36.53,50.87,12.60,15.00,0.00,0.00,1.00,1.00,0.04,
113.19,23.23,Other crops,245.00,1982.70,21.80,1092.51,16.82,6.31,1.78,15.28,24.67,36.80,38.53,0.96,0.00,1.00,1.00,1.00,0.11,
113.52,34.34,Other crops,16.07,1163.00,15.53,1106.31,10.05,8.02,1.71,15.06,20.17,35.28,44.56,2.77,0.00,1.00,1.00,1.00,3.98,
114.05,33.39,Other crops,37.83,854.00,16.16,1077.53,11.80,7.12,1.81,23.47,30.80,37.74,31.46,0.10,0.00,1.00,1.00,1.00,1.67,
113.63,34.87,Other crops,21.46,648.00,15.64,1140.83,9.06,7.90,1.70,13.00,19.00,34.00,47.00,0.13,0.00,1.00,1.00,1.00,1.33,
115.50,34.39,Maize,40.41,711.00,15.75,1122.55,10.54,7.72,1.70,13.89,19.40,40.08,40.53,0.07,0.00,1.00,1.00,1.00,0.50,
113.78,34.42,Maize,27.30,659.00,15.80,1122.63,10.13,7.79,1.71,14.10,19.76,36.33,43.91,0.32,0.00,1.00,1.00,1.00,0.50,
114.73,34.81,Rice,39.74,687.00,15.63,1139.52,8.87,8.07,1.74,13.71,22.08,35.10,42.82,0.10,0.00,1.00,1.00,1.00,0.97,
116.92,28.25,Other crops,33.97,1795.00,17.70,1044.23,6.46,4.45,1.54,11.69,36.00,39.50,24.50,8.00,0.00,1.00,1.00,1.00,0.83,
116.92,28.25,Other crops,33.97,1795.00,17.70,1044.23,6.46,4.45,1.54,11.69,36.00,39.50,24.50,8.00,0.00,1.00,1.00,1.00,1.09,
116.92,28.25,Other crops,33.97,1795.00,17.70,1044.23,6.46,4.45,1.54,11.69,36.00,39.50,24.50,8.00,0.00,1.00,1.00,1.00,1.19,
116.92,28.25,Other crops,33.97,1795.00,17.70,1044.23,8.78,4.60,1.49,11.69,36.00,39.50,24.50,8.00,0.00,1.00,1.00,1.00,0.16,
116.92,28.25,Other crops,33.97,1795.00,17.70,1044.23,8.78,4.60,1.49,11.69,36.00,39.50,24.50,8.00,0.00,1.00,1.00,1.00,0.26,
116.92,28.25,Other crops,33.97,1795.00,17.70,1044.23,8.78,4.60,1.49,11.69,36.00,39.50,24.50,8.00,0.00,1.00,1.00,1.00,0.06,
118.97,33.28,Wheat,22.41,913.30,15.90,1026.52,14.14,8.40,1.65,8.44,17.19,26.86,55.95,0.05,0.00,1.00,1.00,1.00,4.80,
118.97,33.28,Rice,22.41,913.30,15.90,1026.52,14.14,8.40,1.65,8.44,17.19,26.86,55.95,0.05,0.00,1.00,1.00,1.00,0.89,
118.97,33.28,Other crops,22.41,913.30,15.90,1026.52,14.14,8.40,1.65,8.44,17.19,26.86,55.95,0.05,0.00,1.00,1.00,1.00,0.05,
115.24,30.39,Other crops,14.30,1350.00,17.10,1047.91,6.50,6.70,1.77,12.95,24.12,42.12,33.75,1.19,0.00,0.00,0.00,0.00,1.13,
115.24,30.39,Other crops,14.30,1350.00,17.10,1047.91,6.50,6.70,1.77,12.95,24.12,42.12,33.75,1.19,0.00,1.00,1.00,1.00,1.81,
115.24,30.39,Other crops,14.30,1350.00,17.10,1047.91,6.50,6.70,1.77,12.95,24.12,42.12,33.75,1.19,0.00,0.00,0.00,0.00,1.62,
115.24,30.39,Other crops,14.30,1350.00,17.10,1047.91,6.50,6.70,1.77,12.95,24.12,42.12,33.75,1.19,0.00,1.00,1.00,1.00,2.00,
115.24,30.39,Other crops,14.30,1350.00,17.10,1047.91,6.50,6.70,1.77,12.95,24.12,42.12,33.75,1.19,0.00,0.00,0.00,0.00,2.33,
115.24,30.39,Other crops,14.30,1350.00,17.10,1047.91,6.50,6.70,1.77,12.95,24.12,42.12,33.75,1.19,0.00,1.00,1.00,1.00,3.63,
115.24,30.39,Other crops,14.30,1350.00,17.10,1047.91,6.50,6.70,1.77,12.95,24.12,42.12,33.75,1.19,0.00,0.00,0.00,0.00,1.69,
115.24,30.39,Other crops,14.30,1350.00,17.10,1047.91,6.50,6.70,1.77,12.95,24.12,42.12,33.75,1.19,0.00,1.00,1.00,1.00,3.14,
115.24,30.39,Other crops,14.30,1350.00,17.10,1047.91,6.50,6.70,1.77,12.95,24.12,42.12,33.75,1.19,0.00,0.00,0.00,0.00,2.41,
115.24,30.39,Other crops,14.30,1350.00,17.10,1047.91,6.50,6.70,1.77,12.95,24.12,42.12,33.75,1.19,0.00,1.00,1.00,1.00,4.49,
115.24,30.39,Other crops,14.30,1350.00,17.10,1047.91,6.50,6.70,1.77,12.95,24.12,42.12,33.75,1.19,0.00,0.00,0.00,0.00,1.13,
115.24,30.39,Other crops,14.30,1350.00,17.10,1047.91,6.50,6.70,1.77,12.95,24.12,42.12,33.75,1.19,0.00,1.00,1.00,1.00,1.81,
115.24,30.39,Other crops,14.30,1350.00,17.10,1047.91,6.50,6.70,1.77,12.95,24.12,42.12,33.75,1.19,0.00,0.00,0.00,0.00,1.62,
115.24,30.39,Other crops,14.30,1350.00,17.10,1047.91,6.50,6.70,1.77,12.95,24.12,42.12,33.75,1.19,0.00,1.00,1.00,1.00,2.00,
115.24,30.39,Other crops,14.30,1350.00,17.10,1047.91,6.50,6.70,1.77,12.95,24.12,42.12,33.75,1.19,0.00,0.00,0.00,0.00,2.33,
115.24,30.39,Other crops,14.30,1350.00,17.10,1047.91,6.50,6.70,1.77,12.95,24.12,42.12,33.75,1.19,0.00,1.00,1.00,1.00,3.63,
115.24,30.39,Other crops,14.30,1350.00,17.10,1047.91,6.50,6.70,1.77,12.95,24.12,42.12,33.75,1.19,0.00,0.00,0.00,0.00,1.69,
115.24,30.39,Other crops,14.30,1350.00,17.10,1047.91,6.50,6.70,1.77,12.95,24.12,42.12,33.75,1.19,0.00,1.00,1.00,1.00,3.14,
115.24,30.39,Other crops,14.30,1350.00,17.10,1047.91,6.50,6.70,1.77,12.95,24.12,42.12,33.75,1.19,0.00,0.00,0.00,0.00,2.41,
115.24,30.39,Other crops,14.30,1350.00,17.10,1047.91,6.50,6.70,1.77,12.95,24.12,42.12,33.75,1.19,0.00,1.00,1.00,1.00,4.49,
113.75,22.86,Other crops,2.04,1819.90,23.10,1130.78,13.43,4.18,1.15,7.75,25.92,24.85,49.24,32.00,0.00,1.00,1.00,1.00,0.04,
113.75,22.86,Other crops,1.59,1819.90,23.10,1130.78,15.84,4.31,1.24,7.75,25.92,24.85,49.24,30.00,0.00,1.00,1.00,1.00,0.01,
113.75,22.86,Other crops,2.39,1819.90,23.10,1130.78,16.84,4.12,1.16,7.75,25.92,24.85,49.24,32.00,0.00,1.00,1.00,1.00,0.03,
108.17,30.37,Other crops,8.15,1150.00,19.20,830.01,4.08,8.27,1.74,16.80,22.12,34.98,42.90,10.00,0.00,0.00,0.00,0.00,0.05,
108.17,30.37,Other crops,8.15,1150.00,19.20,830.01,4.08,8.27,1.74,16.80,22.12,34.98,42.90,10.00,0.00,1.20,1.00,1.00,0.13,
108.17,30.37,Other crops,8.15,1150.00,19.20,830.01,4.08,8.27,1.74,16.80,22.12,34.98,42.90,10.00,0.00,1.00,1.00,1.00,0.14,
108.17,30.37,Other crops,8.15,1150.00,19.20,830.01,4.08,8.27,1.74,16.80,22.12,34.98,42.90,10.00,0.00,0.86,1.00,1.00,0.11,
108.17,30.37,Maize,8.15,1150.00,19.20,830.01,4.08,8.27,1.74,16.80,22.12,34.98,42.90,10.00,0.00,0.00,0.00,0.00,0.05,
108.17,30.37,Maize,8.15,1150.00,19.20,830.01,4.08,8.27,1.74,16.80,22.12,34.98,42.90,10.00,0.00,1.25,1.00,1.00,0.13,
108.17,30.37,Maize,8.15,1150.00,19.20,830.01,4.08,8.27,1.74,16.80,22.12,34.98,42.90,10.00,0.00,1.00,1.00,1.00,0.14,
108.17,30.37,Maize,8.15,1150.00,19.20,830.01,4.08,8.27,1.74,16.80,22.12,34.98,42.90,10.00,0.00,0.85,1.00,1.00,0.11,
108.17,30.37,Other crops,9.16,1150.00,19.20,830.01,4.39,8.33,1.74,16.80,22.12,34.98,42.90,10.00,0.00,0.00,0.00,0.00,0.05,
108.17,30.37,Other crops,9.16,1150.00,19.20,830.01,4.39,8.33,1.74,16.80,22.12,34.98,42.90,10.00,0.00,1.20,1.00,1.00,0.13,
108.17,30.37,Other crops,9.16,1150.00,19.20,830.01,4.39,8.33,1.74,16.80,22.12,34.98,42.90,10.00,0.00,1.00,1.00,1.00,0.14,
108.17,30.37,Other crops,9.16,1150.00,19.20,830.01,4.39,8.33,1.74,16.80,22.12,34.98,42.90,10.00,0.00,0.85,1.00,1.00,0.23,
108.17,30.37,Maize,9.16,1150.00,19.20,830.01,4.39,8.33,1.74,16.80,22.12,34.98,42.90,10.00,0.00,0.00,0.00,0.00,0.05,
108.17,30.37,Maize,9.16,1150.00,19.20,830.01,4.39,8.33,1.74,16.80,22.12,34.98,42.90,10.00,0.00,1.25,1.00,1.00,0.13,
108.17,30.37,Maize,9.16,1150.00,19.20,830.01,4.39,8.33,1.74,16.80,22.12,34.98,42.90,10.00,0.00,1.00,1.00,1.00,0.14,
108.17,30.37,Maize,9.16,1150.00,19.20,830.01,4.39,8.33,1.74,16.80,22.12,34.98,42.90,10.00,0.00,0.85,1.00,1.00,0.23,
121.54,30.88,Rice,26.73,1605.80,17.10,981.38,9.10,7.85,1.78,14.96,24.95,36.98,38.06,0.02,0.00,1.67,1.00,1.00,0.77,
121.54,30.88,Rice,26.73,1605.80,17.10,981.38,9.10,7.85,1.78,14.96,24.95,36.98,38.06,0.02,0.00,0.83,1.00,1.00,0.78,
121.54,30.88,Rice,26.73,1605.80,17.10,981.38,9.10,7.85,1.78,14.96,24.95,36.98,38.06,0.02,0.00,1.00,1.00,1.00,0.74,
106.41,29.81,Maize,18.29,1105.50,18.40,841.50,5.08,7.04,1.74,13.95,22.57,38.15,39.28,18.00,0.00,1.00,1.00,1.00,0.02,
106.41,29.81,Maize,18.29,1105.50,18.40,841.50,5.08,7.04,1.74,13.95,22.57,38.15,39.28,18.00,0.00,1.00,1.00,1.00,0.02,
106.41,29.81,Maize,18.29,1105.50,18.40,841.50,5.08,7.04,1.74,13.95,22.57,38.15,39.28,18.00,0.00,2.63,1.00,1.00,0.05,
106.41,29.81,Maize,18.29,1105.50,18.40,841.50,5.08,7.04,1.74,13.95,22.57,38.15,39.28,18.00,0.00,0.80,1.00,1.00,0.04,
106.41,29.81,Maize,18.29,1105.50,18.40,841.50,5.08,7.04,1.74,13.95,22.57,38.15,39.28,18.00,0.00,2.43,1.00,1.00,0.04,
106.41,29.81,Maize,18.29,1105.50,18.40,841.50,5.08,7.04,1.74,13.95,22.57,38.15,39.28,18.00,0.00,0.00,1.00,1.00,0.02,
106.41,29.81,Maize,18.29,1105.50,18.40,841.50,5.08,7.04,1.74,13.95,22.57,38.15,39.28,18.00,0.00,1.00,1.00,1.00,0.03,
106.41,29.81,Maize,18.29,1105.50,18.40,841.50,5.08,7.04,1.74,13.95,22.57,38.15,39.28,18.00,0.00,1.00,1.00,1.00,0.03,
106.41,29.81,Maize,18.29,1105.50,18.40,841.50,5.08,7.04,1.74,13.95,22.57,38.15,39.28,18.00,0.00,2.63,1.00,1.00,0.05,
106.41,29.81,Maize,18.29,1105.50,18.40,841.50,5.08,7.04,1.74,13.95,22.57,38.15,39.28,18.00,0.00,0.80,1.00,1.00,0.04,
106.41,29.81,Maize,18.29,1105.50,18.40,841.50,5.08,7.04,1.74,13.95,22.57,38.15,39.28,18.00,0.00,2.43,1.00,1.00,0.04,
106.41,29.81,Maize,18.29,1105.50,18.40,841.50,5.08,7.04,1.74,13.95,22.57,38.15,39.28,18.00,0.00,0.00,1.00,1.00,0.04,
106.41,29.81,Maize,18.29,1105.50,18.40,841.50,5.08,7.04,1.74,13.95,22.57,38.15,39.28,18.00,0.00,1.00,1.00,1.00,0.13,
106.41,29.81,Maize,18.29,1105.50,18.40,841.50,5.08,7.04,1.74,13.95,22.57,38.15,39.28,18.00,0.00,1.00,1.00,1.00,0.14,
106.41,29.81,Maize,18.29,1105.50,18.40,841.50,5.08,7.04,1.74,13.95,22.57,38.15,39.28,18.00,0.00,2.63,1.00,1.00,0.24,
106.41,29.81,Maize,18.29,1105.50,18.40,841.50,5.08,7.04,1.74,13.95,22.57,38.15,39.28,18.00,0.00,0.80,1.00,1.00,0.16,
106.41,29.81,Maize,18.29,1105.50,18.40,841.50,5.08,7.04,1.74,13.95,22.57,38.15,39.28,18.00,0.00,2.43,1.00,1.00,0.17,
112.62,30.37,Other crops,29.81,1100.00,16.10,959.61,13.39,6.61,1.77,14.67,24.31,37.77,37.92,0.04,0.00,1.00,1.00,1.00,1.13,
112.62,30.37,Rice,29.81,1100.00,16.10,959.61,13.39,6.61,1.77,14.67,24.31,37.77,37.92,0.04,0.00,1.00,1.00,1.00,1.07,
112.62,30.37,Other crops,29.81,1100.00,16.10,959.61,13.39,6.61,1.77,14.67,24.31,37.77,37.92,0.04,0.00,1.00,1.00,1.00,1.19,
112.62,30.37,Rice,29.81,1100.00,16.10,959.61,13.39,6.61,1.77,14.67,24.31,37.77,37.92,0.04,0.00,1.00,1.00,1.00,3.47,
112.62,30.37,Other crops,29.81,1100.00,16.10,959.61,13.39,6.61,1.77,14.67,24.31,37.77,37.92,0.04,0.00,1.00,1.00,1.00,2.22,
112.62,30.37,Rice,29.81,1100.00,16.10,959.61,13.39,6.61,1.77,14.67,24.31,37.77,37.92,0.04,0.00,1.00,1.00,1.00,0.74,
114.31,30.49,Other crops,5.33,1269.00,16.65,1019.82,15.09,5.02,1.72,13.56,20.59,36.98,42.43,0.30,0.00,0.00,1.00,1.00,7.20,
120.42,31.45,Wheat,16.60,1100.00,15.70,970.88,13.69,6.80,1.25,13.71,23.46,35.01,41.52,0.09,1.00,1.00,1.00,1.00,0.43,
120.42,31.45,Wheat,16.60,1100.00,15.70,970.88,13.69,6.80,1.25,13.71,23.46,35.01,41.52,0.09,1.00,1.50,1.00,1.00,0.46,
102.75,25.30,Other crops,115.51,870.00,14.80,1069.29,11.63,6.62,1.85,17.85,31.11,33.69,35.19,5.27,0.00,1.00,1.00,1.00,0.21,
102.75,25.30,Other crops,115.51,870.00,14.80,1069.29,11.63,6.62,1.85,17.85,31.11,33.69,35.19,5.27,0.00,1.00,1.00,1.00,0.14,
102.75,25.30,Other crops,115.51,870.00,14.80,1069.29,11.63,6.62,1.85,17.85,31.11,33.69,35.19,5.27,0.00,1.00,1.00,1.00,0.21,
102.75,25.30,Maize,115.51,870.00,14.80,1069.29,11.63,6.62,1.85,17.85,31.11,33.69,35.19,5.27,0.00,1.00,1.00,1.00,0.28,
102.75,25.30,Maize,115.51,870.00,14.80,1069.29,11.63,6.62,1.85,17.85,31.11,33.69,35.19,5.27,0.00,1.00,1.00,1.00,0.19,
102.75,25.30,Maize,115.51,870.00,14.80,1069.29,11.63,6.62,1.85,17.85,31.11,33.69,35.19,5.27,0.00,1.00,1.00,1.00,0.27,
102.75,25.30,Other crops,115.51,870.00,14.80,1069.29,11.63,6.62,1.85,17.85,31.11,33.69,35.19,5.27,0.00,1.00,1.00,1.00,0.47,
118.56,29.43,Other crops,267.00,1430.00,17.00,965.59,31.79,4.23,1.78,15.73,25.68,36.99,37.33,10.00,0.00,1.00,1.00,1.00,0.45,
118.56,29.43,Other crops,267.00,1430.00,17.00,965.59,31.79,4.23,1.78,15.73,25.68,36.99,37.33,10.00,0.00,1.00,1.00,1.00,0.18,
118.56,29.43,Other crops,267.00,1430.00,17.00,965.59,31.79,4.23,1.78,15.73,25.68,36.99,37.33,10.00,0.00,1.00,1.00,1.00,0.13,
117.12,31.93,Maize,10.50,1000.00,15.50,1058.39,9.86,6.61,1.31,14.56,24.44,36.33,39.22,0.45,0.00,1.00,1.00,1.00,0.47,
117.12,31.93,Maize,10.50,1000.00,15.50,1058.39,9.86,6.61,1.31,14.56,24.44,36.33,39.22,0.45,0.00,1.00,1.00,1.00,0.31,
117.12,31.93,Maize,10.50,1000.00,15.50,1058.39,9.86,6.61,1.31,14.56,24.44,36.33,39.22,0.45,0.00,1.00,1.00,1.00,0.33,
117.21,31.92,Rice,10.50,1000.00,15.50,1056.16,9.86,6.61,1.31,14.20,40.30,35.81,40.19,0.36,0.00,1.00,1.00,1.00,0.22,
117.21,31.92,Rice,10.50,1000.00,15.50,1056.16,9.86,6.61,1.31,14.20,40.30,35.81,40.19,0.36,0.00,1.00,1.00,1.00,0.21,
117.21,31.92,Rice,10.50,1000.00,15.50,1056.16,9.86,6.61,1.31,14.20,40.30,35.81,40.19,0.36,0.00,1.00,1.00,1.00,0.29,
117.21,31.92,Rice,10.50,1000.00,15.50,1056.16,9.86,6.61,1.31,14.20,40.30,35.81,40.19,0.36,0.00,1.00,1.00,1.00,0.24,
102.57,24.29,Other crops,6.97,909.10,16.79,1624.90,19.46,5.93,1.81,17.70,27.86,34.45,37.69,15.00,0.00,1.00,1.00,1.00,0.11,
102.57,24.29,Other crops,6.97,909.10,16.79,1624.90,19.46,5.93,1.81,17.70,27.86,34.45,37.69,15.00,0.00,1.00,1.00,1.00,0.10,
102.57,24.29,Other crops,6.97,909.10,16.79,1624.90,19.46,5.93,1.81,17.70,27.86,34.45,37.69,15.00,0.00,1.00,1.00,1.00,0.19,
102.57,24.29,Other crops,6.97,909.10,16.79,1624.90,19.46,5.93,1.81,17.70,27.86,34.45,37.69,15.00,0.00,1.00,1.00,1.00,0.17,
102.57,24.29,Other crops,6.97,909.10,16.79,1624.90,19.46,5.93,1.81,17.70,27.86,34.45,37.69,15.00,0.00,1.00,1.00,1.00,0.25,
102.57,24.29,Other crops,6.97,909.10,16.79,1624.90,19.46,5.93,1.81,17.70,27.86,34.45,37.69,15.00,0.00,1.00,1.00,1.00,0.15,
102.57,24.29,Other crops,6.97,909.10,16.79,1624.90,19.46,5.93,1.81,17.70,27.86,34.45,37.69,15.00,0.00,1.00,1.00,1.00,0.18,
102.57,24.29,Other crops,6.97,909.10,16.79,1624.90,19.46,5.93,1.81,17.70,27.86,34.45,37.69,15.00,0.00,1.00,1.00,1.00,0.25,
102.57,24.29,Other crops,6.97,909.10,16.79,1624.90,19.46,5.93,1.81,17.70,27.86,34.45,37.69,15.00,0.00,1.00,1.00,1.00,0.31,
117.05,30.92,Other crops,16.15,1326.90,15.80,1040.04,8.90,6.55,1.78,14.76,24.76,36.45,38.78,0.35,0.00,1.00,1.00,1.00,0.03,
117.05,30.92,Other crops,16.15,1326.90,15.80,1040.04,8.90,6.55,1.78,14.76,24.76,36.45,38.78,0.35,0.00,1.00,1.00,1.00,0.03,
117.05,30.92,Other crops,16.15,1326.90,15.80,1040.04,8.90,6.55,1.78,14.76,24.76,36.45,38.78,0.35,0.00,0.83,1.00,1.00,0.03,
117.05,30.92,Other crops,16.15,1326.90,15.80,1040.04,8.90,6.55,1.78,14.76,24.76,36.45,38.78,0.35,0.00,1.00,1.00,1.00,0.03,
117.05,30.92,Other crops,16.15,1326.90,15.80,1040.04,8.90,6.55,1.78,14.76,24.76,36.45,38.78,0.35,0.00,1.00,1.00,1.00,0.03,
117.05,30.92,Other crops,16.15,1326.90,15.80,1040.04,8.90,6.55,1.78,14.76,24.76,36.45,38.78,0.35,0.00,0.83,1.00,1.00,0.03,
117.05,30.92,Rice,16.15,1326.90,15.80,1040.04,8.90,6.55,1.78,14.76,24.76,36.45,38.78,0.35,0.00,1.20,1.00,1.00,0.07,
117.05,30.92,Rice,16.15,1326.90,15.80,1040.04,8.90,6.55,1.78,14.76,24.76,36.45,38.78,0.35,0.00,1.20,1.00,1.00,0.07,
117.05,30.92,Rice,16.15,1326.90,15.80,1040.04,8.90,6.55,1.78,14.76,24.76,36.45,38.78,0.35,0.00,1.00,1.00,1.00,0.07,
117.05,30.92,Rice,16.15,1326.90,15.80,1040.04,8.90,6.55,1.78,14.76,24.76,36.45,38.78,0.35,0.00,1.20,1.00,1.00,0.09,
117.05,30.92,Rice,16.15,1326.90,15.80,1040.04,8.90,6.55,1.78,14.76,24.76,36.45,38.78,0.35,0.00,1.20,1.00,1.00,0.09,
117.05,30.92,Rice,16.15,1326.90,15.80,1040.04,8.90,6.55,1.78,14.76,24.76,36.45,38.78,0.35,0.00,1.00,1.00,1.00,0.09,
102.75,25.13,Other crops,6.85,922.18,14.20,1066.81,9.57,6.35,1.86,18.70,32.53,33.00,34.47,5.74,0.00,1.00,1.00,1.00,0.02,
102.75,25.13,Other crops,6.85,922.18,14.20,1066.81,9.57,6.35,1.86,18.70,32.53,33.00,34.47,5.74,0.00,1.00,1.00,1.00,0.02,
102.75,25.13,Other crops,6.85,922.18,14.20,1066.81,9.57,6.35,1.86,18.70,32.53,33.00,34.47,5.74,0.00,1.00,1.00,1.00,0.02,
117.15,36.17,Maize,53.63,697.00,14.08,1173.50,6.23,7.07,1.68,17.42,20.01,37.48,42.50,5.00,0.00,0.00,1.00,1.00,0.02,
117.15,36.17,Maize,53.63,697.00,14.08,1173.50,6.23,7.07,1.68,17.42,20.01,37.48,42.50,5.00,0.00,1.00,1.00,1.00,0.19,
117.15,36.17,Maize,53.63,697.00,14.08,1173.50,6.23,7.07,1.68,17.42,20.01,37.48,42.50,5.00,0.00,1.00,1.00,1.00,0.18,
117.15,36.17,Maize,53.63,697.00,14.08,1173.50,6.23,7.07,1.68,17.42,20.01,37.48,42.50,5.00,0.00,1.00,1.00,1.00,0.11,
117.15,36.17,Maize,53.63,697.00,14.08,1173.50,6.23,7.07,1.68,17.42,20.01,37.48,42.50,5.00,0.00,1.00,1.00,1.00,0.07,
117.15,36.17,Maize,53.63,697.00,14.08,1173.50,6.23,7.07,1.68,17.42,20.01,37.48,42.50,10.00,0.00,0.00,1.00,1.00,0.02,
117.15,36.17,Maize,53.63,697.00,14.08,1173.50,6.23,7.07,1.68,17.42,20.01,37.48,42.50,10.00,0.00,1.00,1.00,1.00,0.26,
117.15,36.17,Maize,53.63,697.00,14.08,1173.50,6.23,7.07,1.68,17.42,20.01,37.48,42.50,10.00,0.00,1.00,1.00,1.00,0.23,
117.15,36.17,Maize,53.63,697.00,14.08,1173.50,6.23,7.07,1.68,17.42,20.01,37.48,42.50,10.00,0.00,1.00,1.00,1.00,0.18,
117.15,36.17,Maize,53.63,697.00,14.08,1173.50,6.23,7.07,1.68,17.42,20.01,37.48,42.50,10.00,0.00,1.00,1.00,1.00,0.12,
117.15,36.17,Maize,53.63,697.00,14.08,1173.50,6.23,7.07,1.68,17.42,20.01,37.48,42.50,15.00,0.00,0.00,1.00,1.00,0.03,
117.15,36.17,Maize,53.63,697.00,14.08,1173.50,6.23,7.07,1.68,17.42,20.01,37.48,42.50,15.00,0.00,1.00,1.00,1.00,0.33,
117.15,36.17,Maize,53.63,697.00,14.08,1173.50,6.23,7.07,1.68,17.42,20.01,37.48,42.50,15.00,0.00,1.00,1.00,1.00,0.29,
117.15,36.17,Maize,53.63,697.00,14.08,1173.50,6.23,7.07,1.68,17.42,20.01,37.48,42.50,15.00,0.00,1.00,1.00,1.00,0.25,
117.15,36.17,Maize,53.63,697.00,14.08,1173.50,6.23,7.07,1.68,17.42,20.01,37.48,42.50,15.00,0.00,1.00,1.00,1.00,0.17,
120.48,28.77,Rice,19.90,2000.00,18.30,928.27,25.75,4.99,1.74,13.77,23.07,35.48,41.45,10.00,0.00,1.00,1.00,1.00,2.33,
120.48,28.77,Rice,19.90,2000.00,18.30,928.27,25.75,4.99,1.74,13.77,23.07,35.48,41.45,10.00,0.00,1.00,1.00,1.00,2.19,
120.48,28.77,Rice,19.90,2000.00,18.30,928.27,25.75,4.99,1.74,13.77,23.07,35.48,41.45,10.00,0.00,1.00,1.00,1.00,2.61,
120.48,28.77,Other crops,19.90,2000.00,18.30,928.27,25.75,4.99,1.74,13.77,23.07,35.48,41.45,10.00,0.00,1.00,1.00,1.00,0.44,
120.48,28.77,Other crops,19.90,2000.00,18.30,928.27,25.75,4.99,1.74,13.77,23.07,35.48,41.45,10.00,0.00,0.89,1.00,1.00,0.35,
120.48,28.77,Other crops,19.90,2000.00,18.30,928.27,25.75,4.99,1.74,13.77,23.07,35.48,41.45,10.00,0.00,1.00,1.00,1.00,0.36,
120.48,28.77,Rice,19.90,2000.00,18.30,928.27,25.75,4.99,1.74,13.77,23.07,35.48,41.45,10.00,0.00,1.00,1.00,1.00,2.46,
120.48,28.77,Rice,19.90,2000.00,18.30,928.27,25.75,4.99,1.74,13.77,23.07,35.48,41.45,10.00,0.00,1.00,1.00,1.00,2.45,
120.48,28.77,Rice,19.90,2000.00,18.30,928.27,25.75,4.99,1.74,13.77,23.07,35.48,41.45,10.00,0.00,1.00,1.00,1.00,2.79,
120.48,28.77,Other crops,19.90,2000.00,18.30,928.27,25.75,4.99,1.74,13.77,23.07,35.48,41.45,10.00,0.00,1.00,1.00,1.00,0.39,
120.48,28.77,Other crops,19.90,2000.00,18.30,928.27,25.75,4.99,1.74,13.77,23.07,35.48,41.45,10.00,0.00,0.89,1.00,1.00,0.37,
120.48,28.77,Other crops,19.90,2000.00,18.30,928.27,25.75,4.99,1.74,13.77,23.07,35.48,41.45,10.00,0.00,1.00,1.00,1.00,0.42,
120.42,31.45,Wheat,16.60,1100.00,15.70,970.88,13.69,6.80,1.25,13.71,23.46,35.01,41.52,0.09,1.00,1.00,1.00,1.00,0.43,
120.42,31.45,Wheat,16.60,1100.00,15.70,970.88,13.69,6.80,1.25,13.71,23.46,35.01,41.52,0.09,1.00,1.50,1.00,1.00,0.46,
119.79,30.42,Other crops,2.57,1550.00,15.75,953.54,26.29,5.90,1.81,16.96,28.32,35.49,36.19,30.00,0.00,0.00,1.00,1.00,0.12,
119.79,30.42,Other crops,2.57,1550.00,15.75,953.54,26.29,5.90,1.81,16.96,28.32,35.49,36.19,30.00,0.00,1.07,1.00,1.00,0.13,
119.79,30.42,Other crops,2.57,1550.00,15.75,953.54,26.29,5.90,1.81,16.96,28.32,35.49,36.19,30.00,0.00,1.00,1.00,1.00,0.13,
119.28,29.18,Other crops,4.16,1693.64,17.84,985.57,5.73,7.34,1.76,14.92,23.83,35.00,41.18,0.78,0.00,0.00,1.00,1.00,0.20,
119.28,29.18,Other crops,4.16,1693.64,17.84,985.57,5.73,7.34,1.76,14.92,23.83,35.00,41.18,0.78,0.00,0.56,1.00,1.00,0.26,
119.28,29.18,Other crops,4.16,1693.64,17.84,985.57,5.73,7.34,1.76,14.92,23.83,35.00,41.18,0.78,0.00,0.41,1.00,1.00,0.23,
119.28,29.18,Other crops,4.16,1693.64,17.84,985.57,5.73,7.34,1.76,14.92,23.83,35.00,41.18,0.78,0.00,1.00,1.00,1.00,0.22,
119.28,29.18,Other crops,4.16,1693.64,17.84,985.57,5.73,6.51,1.76,14.92,23.83,35.00,41.18,0.78,0.00,0.00,1.00,1.00,0.33,
119.28,29.18,Other crops,4.16,1693.64,17.84,985.57,5.73,6.51,1.76,14.92,23.83,35.00,41.18,0.78,0.00,2.40,1.00,1.00,0.71,
119.28,29.18,Other crops,4.16,1693.64,17.84,985.57,5.73,6.51,1.76,14.92,23.83,35.00,41.18,0.78,0.00,1.00,1.00,1.00,0.43,
119.28,29.18,Other crops,4.16,1693.64,17.84,985.57,5.73,6.51,1.76,14.92,23.83,35.00,41.18,0.78,0.00,3.50,1.00,1.00,0.50,
112.08,30.96,Maize,4.00,1065.77,17.25,949.49,17.90,6.80,1.35,14.67,19.56,37.78,42.66,0.90,1.00,1.00,1.00,1.00,0.14,
112.08,30.96,Maize,4.00,1065.77,17.25,949.49,17.90,6.80,1.35,14.67,19.56,37.78,42.66,0.90,1.00,1.00,1.00,1.00,0.15,
112.08,30.96,Maize,4.00,1065.77,17.25,949.49,17.90,6.80,1.35,14.67,19.56,37.78,42.66,0.90,1.00,1.00,1.00,1.00,0.14,
112.08,30.96,Maize,4.00,1065.77,17.25,949.49,17.90,6.80,1.35,14.67,19.56,37.78,42.66,0.90,1.00,1.00,1.00,1.00,0.15,
112.08,30.96,Rice,4.00,1065.77,17.25,949.49,17.90,6.80,1.35,14.67,19.56,37.78,42.66,0.90,1.00,1.00,1.00,1.00,0.21,
112.08,30.96,Rice,4.00,1065.77,17.25,949.49,17.90,6.80,1.35,14.67,19.56,37.78,42.66,0.90,1.00,1.00,1.00,1.00,0.20,
112.08,30.96,Rice,4.00,1065.77,17.25,949.49,17.90,6.80,1.35,14.67,19.56,37.78,42.66,0.90,1.00,1.00,1.00,1.00,0.21,
112.08,30.96,Rice,4.00,1065.77,17.25,949.49,17.90,6.80,1.35,14.67,19.56,37.78,42.66,0.90,1.00,1.00,1.00,1.00,0.20,
112.08,30.96,Rice,4.00,1065.77,17.25,949.49,17.90,6.80,1.35,14.67,19.56,37.78,42.66,0.90,1.00,1.00,1.00,1.00,0.21,
112.08,30.96,Rice,4.00,1065.77,17.25,949.49,17.90,6.80,1.35,14.67,19.56,37.78,42.66,0.90,1.00,1.00,1.00,1.00,0.20,
120.70,30.46,Other crops,32.41,1345.77,17.66,976.94,13.96,6.22,1.76,13.71,23.96,38.55,37.48,0.02,0.00,1.11,1.00,1.00,5.40,
120.70,30.46,Other crops,32.41,1345.77,17.66,976.94,13.96,6.22,1.76,13.71,23.96,38.55,37.48,0.02,0.00,1.00,1.00,1.00,6.20,
120.70,30.46,Other crops,32.41,1345.77,17.66,976.94,13.96,6.22,1.76,13.71,23.96,38.55,37.48,0.02,0.00,1.00,1.00,1.00,4.75,
120.70,30.46,Other crops,32.41,1345.77,17.66,976.94,13.96,6.22,1.76,13.71,23.96,38.55,37.48,0.02,0.00,1.11,1.00,1.00,8.94,
120.70,30.46,Other crops,32.41,1345.77,17.66,976.94,13.96,6.22,1.76,13.71,23.96,38.55,37.48,0.02,0.00,1.00,1.00,1.00,10.07,
120.70,30.46,Other crops,32.41,1345.77,17.66,976.94,13.96,6.22,1.76,13.71,23.96,38.55,37.48,0.02,0.00,1.00,1.00,1.00,9.42,
120.70,30.46,Other crops,32.41,1345.77,17.66,976.94,13.96,6.22,1.76,13.71,23.96,38.55,37.48,0.02,0.00,0.96,1.00,1.00,7.81,
120.70,30.46,Other crops,32.41,1345.77,17.66,976.94,13.96,6.22,1.76,13.71,23.96,38.55,37.48,0.02,0.00,1.00,1.00,1.00,7.97,
120.70,30.46,Other crops,32.41,1345.77,17.66,976.94,13.96,6.22,1.76,13.71,23.96,38.55,37.48,0.02,0.00,1.00,1.00,1.00,8.54,
120.71,30.51,Other crops,23.11,1327.74,17.60,975.93,13.56,6.15,1.75,12.44,22.95,40.07,36.98,0.02,0.00,1.08,1.00,1.00,0.64,
120.71,30.51,Other crops,23.11,1327.74,17.60,975.93,13.56,6.15,1.75,12.44,22.95,40.07,36.98,0.02,0.00,1.00,1.00,1.00,0.64,
120.71,30.51,Other crops,23.11,1327.74,17.60,975.93,13.56,6.15,1.75,12.44,22.95,40.07,36.98,0.02,0.00,1.00,1.00,1.00,0.89,
120.71,30.51,Rice,23.11,1327.74,17.60,975.93,13.56,6.15,1.75,12.44,22.95,40.07,36.98,0.02,0.00,1.96,1.00,1.00,0.56,
120.71,30.51,Rice,23.11,1327.74,17.60,975.93,13.56,6.15,1.75,12.44,22.95,40.07,36.98,0.02,0.00,1.00,1.00,1.00,0.48,
120.71,30.51,Rice,23.11,1327.74,17.60,975.93,13.56,6.15,1.75,12.44,22.95,40.07,36.98,0.02,0.00,1.00,1.00,1.00,0.56,
122.37,43.67,Maize,38.02,385.10,6.40,993.57,8.81,7.95,1.70,13.37,19.28,34.27,46.45,0.05,0.00,0.96,1.00,1.00,0.03,
122.37,43.67,Maize,38.02,385.10,6.40,993.57,8.81,7.95,1.70,13.37,19.28,34.27,46.45,0.05,0.00,1.00,1.00,1.00,0.03,
122.37,43.67,Maize,38.02,385.10,6.40,993.57,8.81,7.95,1.70,13.37,19.28,34.27,46.45,0.05,0.00,1.00,1.00,1.00,0.02,
120.28,41.33,Maize,24.99,400.00,8.96,1066.82,9.62,7.60,1.70,16.11,19.41,36.80,43.79,8.00,0.00,1.00,1.00,1.00,0.70,
120.28,41.33,Maize,24.99,400.00,8.96,1066.82,8.31,7.80,1.70,16.11,19.41,36.80,43.79,8.00,0.00,1.00,1.00,1.00,0.50,
120.28,41.33,Maize,24.99,400.00,8.96,1066.82,9.27,8.20,1.70,16.11,19.41,36.80,43.79,8.00,0.00,1.00,1.00,1.00,0.30,
113.82,28.33,Maize,20.95,1614.12,17.59,979.65,4.91,5.53,1.73,9.94,21.74,31.77,46.48,5.05,0.00,0.00,1.00,1.00,0.16,
113.82,28.33,Maize,20.95,1614.12,17.59,979.65,4.91,5.53,1.73,9.94,21.74,31.77,46.48,5.05,0.00,1.00,1.00,1.00,0.46,
113.82,28.33,Maize,20.95,1614.12,17.59,979.65,4.91,5.53,1.73,9.94,21.74,31.77,46.48,5.05,0.00,1.00,1.00,1.00,0.29,
113.82,28.33,Maize,20.95,1614.12,17.59,979.65,4.91,5.53,1.73,9.94,21.74,31.77,46.48,5.05,0.00,1.00,1.00,1.00,0.33,
113.82,28.33,Maize,20.95,1614.12,17.59,979.65,4.91,5.53,1.73,9.94,21.74,31.77,46.48,5.05,0.00,1.00,1.00,1.00,0.26,
119.77,30.74,Other crops,263.59,1380.00,15.50,960.09,12.02,4.20,1.80,15.54,26.98,36.41,36.61,2.02,0.00,1.67,1.00,1.00,0.13,
119.77,30.74,Other crops,263.59,1380.00,15.50,960.09,12.02,4.20,1.80,15.54,26.98,36.41,36.61,2.02,0.00,1.00,1.00,1.00,0.10,
119.77,30.74,Other crops,263.59,1380.00,15.50,960.09,12.02,4.20,1.80,15.54,26.98,36.41,36.61,2.02,0.00,1.00,1.00,1.00,0.09,
119.77,30.74,Other crops,263.59,1380.00,15.50,960.09,12.02,4.20,1.80,15.54,26.98,36.41,36.61,2.02,0.00,1.00,1.00,1.00,0.09,
120.10,33.57,Other crops,16.86,1000.00,15.48,1027.05,8.98,7.84,1.77,13.76,23.77,37.39,38.83,0.03,0.00,1.00,1.00,1.00,0.36,
120.10,33.57,Other crops,16.86,1000.00,15.48,1027.05,8.98,7.84,1.77,13.76,23.77,37.39,38.83,0.03,0.00,1.00,1.00,1.00,0.22,
120.10,33.57,Other crops,16.86,1000.00,15.48,1027.05,8.98,7.84,1.77,13.76,23.77,37.39,38.83,0.03,0.00,1.00,1.00,1.00,0.29,
120.10,33.57,Other crops,16.86,1000.00,15.48,1027.05,8.98,7.84,1.77,13.76,23.77,37.39,38.83,0.03,0.00,1.00,1.00,1.00,0.19,
120.10,33.57,Maize,16.86,1000.00,15.48,1027.05,8.98,7.84,1.77,13.76,23.77,37.39,38.83,0.03,0.00,1.00,1.00,1.00,0.17,
118.08,25.53,Other crops,0.79,1500.00,18.00,988.05,3.02,5.15,1.79,14.45,26.58,34.04,39.37,23.00,1.00,1.00,1.00,1.00,0.22,
118.08,25.53,Other crops,1.56,1500.00,18.00,988.05,5.63,5.15,1.79,14.45,26.58,34.04,39.37,23.00,1.00,1.00,1.00,1.00,0.03,
118.08,25.53,Other crops,3.96,1500.00,18.00,988.05,5.53,5.15,1.79,14.45,26.58,34.04,39.37,23.00,1.00,1.00,1.00,1.00,0.01,
118.08,25.53,Other crops,0.88,1500.00,18.00,988.05,4.01,5.15,1.79,14.45,26.58,34.04,39.37,23.00,1.00,1.00,1.00,1.00,0.04,
118.08,25.53,Other crops,1.36,1500.00,18.00,988.05,5.01,5.15,1.79,14.45,26.58,34.04,39.37,23.00,1.00,1.00,1.00,1.00,0.02,
118.08,25.53,Other crops,0.79,1500.00,18.00,988.05,3.02,5.15,1.79,14.45,26.58,34.04,39.37,23.00,1.00,1.00,1.00,1.00,0.25,
118.08,25.53,Other crops,1.56,1500.00,18.00,988.05,5.63,5.15,1.79,14.45,26.58,34.04,39.37,23.00,1.00,1.00,1.00,1.00,0.03,
118.08,25.53,Other crops,3.96,1500.00,18.00,988.05,5.53,5.15,1.79,14.45,26.58,34.04,39.37,23.00,1.00,1.00,1.00,1.00,0.03,
118.08,25.53,Other crops,0.88,1500.00,18.00,988.05,4.01,5.15,1.79,14.45,26.58,34.04,39.37,23.00,1.00,1.00,1.00,1.00,0.08,
118.08,25.53,Other crops,1.36,1500.00,18.00,988.05,5.01,5.15,1.79,14.45,26.58,34.04,39.37,23.00,1.00,1.00,1.00,1.00,0.07,
119.23,39.99,Maize,44.38,750.00,10.67,1108.63,18.78,6.18,1.66,15.50,17.69,47.70,34.61,20.00,0.00,1.00,1.00,1.00,0.72,
119.23,39.99,Other crops,44.38,750.00,10.67,1108.63,18.78,6.18,1.66,15.50,17.69,47.70,34.61,20.00,0.00,0.00,1.00,1.00,0.57,
119.23,39.99,Other crops,44.38,750.00,10.67,1108.63,18.78,6.18,1.66,15.50,17.69,47.70,34.61,20.00,0.00,0.00,1.00,1.00,0.51,
119.23,39.99,Other crops,44.38,750.00,10.67,1108.63,18.78,6.18,1.66,15.50,17.69,47.70,34.61,20.00,0.00,0.00,1.00,1.00,0.40,
116.00,28.43,Rice,66.16,1636.00,17.50,1139.00,8.72,6.54,1.78,14.74,24.75,36.69,38.56,0.27,1.00,1.00,1.00,1.00,8.30,
116.00,28.43,Rice,68.13,1636.00,17.50,1139.00,9.73,5.66,1.78,14.74,24.75,36.69,38.56,0.27,1.00,1.00,1.00,1.00,1.70,
116.00,28.43,Rice,75.29,1636.00,17.50,1139.00,12.44,6.65,1.78,14.74,24.75,36.69,38.56,0.27,1.00,1.00,1.00,1.00,3.40,
116.00,28.43,Rice,68.13,1636.00,17.50,1139.00,9.73,5.66,1.78,14.74,24.75,36.69,38.56,0.27,1.00,1.00,1.00,1.00,1.10,
116.00,28.43,Rice,75.29,1636.00,17.50,1139.00,12.44,6.65,1.78,14.74,24.75,36.69,38.56,0.27,1.00,1.00,1.00,1.00,3.20,
113.22,28.29,Rice,15.72,1422.00,17.50,1272.00,24.60,5.19,1.29,15.70,23.08,36.34,40.58,0.90,0.00,0.00,0.00,0.00,0.05,
113.22,28.29,Rice,56.68,1422.00,17.50,1272.00,25.80,5.33,1.20,15.70,23.08,36.34,40.58,0.90,0.00,0.33,1.00,1.00,0.09,
113.22,28.29,Rice,31.62,1422.00,17.50,1272.00,21.00,5.38,1.42,15.70,23.08,36.34,40.58,0.90,0.00,0.47,1.00,1.00,0.10,
113.22,28.29,Rice,14.93,1422.00,17.50,1272.00,21.00,5.24,1.24,15.70,23.08,36.34,40.58,0.90,0.00,0.67,1.00,1.00,0.11,
113.22,28.29,Rice,9.51,1422.00,17.50,1272.00,16.60,5.53,1.26,15.70,23.08,36.34,40.58,0.90,0.00,1.00,1.00,1.00,0.14,
113.22,28.29,Rice,24.35,1422.00,17.50,1272.00,24.20,5.19,1.12,15.70,23.08,36.34,40.58,0.90,0.00,0.00,0.00,0.00,0.08,
113.22,28.29,Rice,17.56,1422.00,17.50,1272.00,24.60,5.12,1.04,15.70,23.08,36.34,40.58,0.90,0.00,0.33,1.00,1.00,0.11,
113.22,28.29,Rice,16.87,1422.00,17.50,1272.00,20.20,5.96,1.19,15.70,23.08,36.34,40.58,0.90,0.00,0.47,1.00,1.00,0.13,
113.22,28.29,Rice,19.78,1422.00,17.50,1272.00,22.30,5.64,1.05,15.70,23.08,36.34,40.58,0.90,0.00,0.67,1.00,1.00,0.14,
113.22,28.29,Rice,23.61,1422.00,17.50,1272.00,22.50,5.85,1.01,15.70,23.08,36.34,40.58,0.90,0.00,1.00,1.00,1.00,0.18,
113.22,28.29,Rice,25.17,1422.00,17.50,1272.00,24.50,5.93,1.04,15.70,23.08,36.34,40.58,0.90,0.00,0.00,0.00,0.00,0.07,
113.22,28.29,Rice,32.74,1422.00,17.50,1272.00,21.60,5.67,1.08,15.70,23.08,36.34,40.58,0.90,0.00,0.33,1.00,1.00,0.06,
113.22,28.29,Rice,18.12,1422.00,17.50,1272.00,25.00,5.87,1.03,15.70,23.08,36.34,40.58,0.90,0.00,0.47,1.00,1.00,0.07,
113.22,28.29,Rice,19.58,1422.00,17.50,1272.00,26.60,5.88,1.08,15.70,23.08,36.34,40.58,0.90,0.00,0.67,1.00,1.00,0.08,
113.22,28.29,Rice,15.71,1422.00,17.50,1272.00,25.10,5.43,1.01,15.70,23.08,36.34,40.58,0.90,0.00,1.00,1.00,1.00,0.08,
108.10,30.60,Maize,3.28,1150.00,19.20,841.58,4.25,8.65,1.75,16.36,22.45,35.26,42.30,10.00,0.00,0.00,0.00,0.00,0.29,
108.10,30.60,Maize,3.28,1150.00,19.20,841.58,4.25,8.65,1.75,16.36,22.45,35.26,42.30,10.00,0.00,1.00,1.00,1.00,0.13,
108.10,30.60,Maize,3.28,1150.00,19.20,841.58,4.25,8.65,1.75,16.36,22.45,35.26,42.30,10.00,0.00,1.00,1.00,1.00,0.24,
118.43,28.90,Other crops,17.19,1843.00,16.80,990.08,6.21,4.03,1.82,16.74,28.46,35.28,36.27,3.74,0.00,1.00,1.00,1.00,0.12,
118.43,28.90,Other crops,21.27,1843.00,16.80,990.08,6.21,4.03,1.82,16.74,28.46,35.28,36.27,3.74,0.00,1.00,1.00,1.00,0.05,
118.43,28.90,Other crops,22.31,1843.00,16.80,990.08,6.21,4.03,1.82,16.74,28.46,35.28,36.27,3.74,0.00,1.00,1.00,1.00,0.06,
118.43,28.90,Other crops,19.91,1843.00,16.80,990.08,6.21,4.03,1.82,16.74,28.46,35.28,36.27,3.74,0.00,1.00,1.00,1.00,0.10,
119.15,30.05,Other crops,15.06,1614.00,16.40,948.98,2.31,5.04,1.80,16.59,27.06,36.25,36.69,25.00,0.00,1.00,1.00,1.00,0.13,
121.48,31.21,Other crops,61.60,1229.83,16.86,979.39,13.63,6.30,1.53,15.00,25.00,37.00,38.00,0.17,0.00,0.00,0.00,0.00,0.12,
121.48,31.21,Other crops,61.60,1229.83,16.86,979.39,13.63,6.30,1.53,15.00,25.00,37.00,38.00,0.17,0.00,1.00,1.00,1.00,0.35,
121.48,31.21,Other crops,61.60,1229.83,16.86,979.39,13.63,6.30,1.53,15.00,25.00,37.00,38.00,0.17,0.00,0.85,1.00,1.00,0.30,
125.40,43.80,Other crops,31.75,600.00,4.70,920.52,20.47,6.91,1.78,21.18,25.09,45.30,29.60,3.00,1.00,1.00,1.00,1.00,3.12,
125.40,43.80,Other crops,31.75,600.00,4.70,920.52,20.47,6.91,1.78,21.18,25.09,45.30,29.60,3.00,1.00,1.00,1.00,1.00,1.57,
125.40,43.80,Other crops,31.75,600.00,4.70,920.52,20.47,6.91,1.78,21.18,25.09,45.30,29.60,3.00,1.00,1.00,1.00,1.00,1.47,
125.40,43.80,Other crops,31.75,600.00,4.70,920.52,20.47,6.91,1.78,21.18,25.09,45.30,29.60,3.00,1.00,1.00,1.00,1.00,0.62,
125.40,43.80,Other crops,31.75,600.00,4.70,920.52,20.47,6.91,1.78,21.18,25.09,45.30,29.60,3.00,1.00,1.00,1.00,1.00,0.30,
111.37,30.38,Other crops,55.70,1350.00,16.70,910.73,7.48,6.81,1.68,13.29,18.63,41.20,40.18,14.00,0.00,1.50,1.00,1.00,0.42,
111.37,30.38,Other crops,55.70,1350.00,16.70,910.73,7.48,6.81,1.68,13.29,18.63,41.20,40.18,14.00,0.00,1.50,1.00,1.00,0.21,
111.37,30.38,Other crops,55.70,1350.00,16.70,910.73,7.48,6.81,1.68,13.29,18.63,41.20,40.18,14.00,0.00,1.00,1.00,1.00,0.18,
110.48,24.83,Other crops,50.30,1640.00,19.00,938.02,12.47,4.20,1.66,12.93,17.26,39.65,43.10,12.00,0.00,1.00,1.00,1.00,0.03,
110.48,24.83,Other crops,50.30,1640.00,19.00,938.02,12.47,4.20,1.66,12.93,17.26,39.65,43.10,12.00,0.00,1.00,1.00,1.00,0.03,
110.48,24.83,Other crops,50.30,1640.00,19.00,938.02,12.47,4.20,1.66,12.93,17.26,39.65,43.10,12.00,0.00,1.00,1.00,1.00,0.04,
110.48,24.83,Other crops,9.87,1640.00,19.00,938.02,12.41,4.20,1.66,12.93,17.26,39.65,43.10,23.00,0.00,1.00,1.00,1.00,0.09,
110.48,24.83,Other crops,9.87,1640.00,19.00,938.02,12.41,4.20,1.66,12.93,17.26,39.65,43.10,23.00,0.00,1.00,1.00,1.00,0.09,
110.48,24.83,Other crops,9.87,1640.00,19.00,938.02,12.41,4.20,1.66,12.93,17.26,39.65,43.10,23.00,0.00,1.00,1.00,1.00,0.10,
110.48,24.83,Other crops,7.25,1640.00,19.00,938.02,10.61,4.20,1.66,12.93,17.26,39.65,43.10,42.00,0.00,1.00,1.00,1.00,0.14,
110.48,24.83,Other crops,7.25,1640.00,19.00,938.02,10.61,4.20,1.66,12.93,17.26,39.65,43.10,42.00,0.00,1.00,1.00,1.00,0.14,
110.48,24.83,Other crops,7.25,1640.00,19.00,938.02,10.61,4.20,1.66,12.93,17.26,39.65,43.10,42.00,0.00,1.00,1.00,1.00,0.16,
119.87,30.38,Other crops,8.96,1688.00,16.30,955.02,6.58,3.78,1.78,15.61,25.15,33.03,41.82,2.18,0.00,1.00,1.00,1.00,0.37,
119.87,30.38,Other crops,8.96,1688.00,16.30,955.02,6.58,3.78,1.78,15.61,25.15,33.03,41.82,2.18,0.00,1.00,1.00,1.00,0.30,
119.87,30.38,Other crops,8.96,1688.00,16.30,955.02,6.58,3.78,1.78,15.61,25.15,33.03,41.82,2.18,0.00,1.00,1.00,1.00,0.28,
119.87,30.38,Other crops,8.96,1688.00,16.30,955.02,6.58,3.78,1.78,15.61,25.15,33.03,41.82,2.18,0.00,1.00,1.00,1.00,0.30,
119.66,30.24,Other crops,458.62,1568.54,16.58,948.57,21.98,4.15,1.81,12.34,35.08,37.36,27.56,13.50,1.00,1.00,1.00,1.00,0.76,
119.66,30.24,Other crops,458.62,1568.54,16.58,948.57,21.98,4.15,1.81,12.34,35.08,37.36,27.56,13.50,1.00,1.00,1.00,1.00,0.16,
119.66,30.24,Other crops,458.62,1568.54,16.58,948.57,21.98,4.15,1.81,12.34,35.08,37.36,27.56,13.50,1.00,0.60,1.00,1.00,0.66,
119.66,30.24,Other crops,458.62,1568.54,16.58,948.57,21.98,4.15,1.81,12.34,35.08,37.36,27.56,13.50,1.00,0.60,1.00,1.00,0.17,
119.66,30.24,Other crops,458.62,1568.54,16.58,948.57,21.98,4.15,1.81,12.34,35.08,37.36,27.56,13.50,1.00,1.00,1.00,1.00,0.48,
119.66,30.24,Other crops,458.62,1568.54,16.58,948.57,21.98,4.15,1.81,12.34,35.08,37.36,27.56,13.50,1.00,1.00,1.00,1.00,0.11,
119.66,30.24,Other crops,458.62,1568.54,16.58,948.57,21.98,4.15,1.81,12.34,35.08,37.36,27.56,13.50,1.00,0.60,1.00,1.00,0.39,
119.66,30.24,Other crops,458.62,1568.54,16.58,948.57,21.98,4.15,1.81,12.34,35.08,37.36,27.56,13.50,1.00,0.60,1.00,1.00,0.09,
116.84,40.47,Maize,20.22,529.06,11.10,1090.36,3.74,7.17,1.71,16.44,21.20,24.80,54.00,4.00,0.00,1.00,1.00,1.00,0.07,
116.84,40.47,Maize,20.22,529.06,11.10,1090.36,3.74,7.17,1.71,16.44,21.20,24.80,54.00,4.00,0.00,0.00,1.00,1.00,0.05,
102.75,25.13,Other crops,26.30,921.97,15.12,1066.73,17.00,6.55,1.86,18.76,32.66,32.93,34.41,8.00,0.00,1.00,1.00,1.00,7.81,
102.75,25.13,Other crops,26.30,921.97,15.12,1066.73,17.00,6.55,1.86,18.76,32.66,32.93,34.41,8.00,0.00,1.00,1.00,1.00,12.30,
102.75,25.13,Other crops,26.30,921.97,15.12,1066.73,17.00,6.55,1.86,18.76,32.66,32.93,34.41,8.00,0.00,1.00,1.00,1.00,6.71,
102.75,25.13,Other crops,26.30,921.97,15.12,1066.73,17.00,6.55,1.86,18.76,32.66,32.93,34.41,8.00,0.00,1.00,1.00,1.00,8.90,
102.75,25.13,Other crops,26.30,921.97,15.12,1066.73,17.00,6.55,1.86,18.76,32.66,32.93,34.41,8.00,0.00,1.00,1.00,1.00,9.28,
102.75,25.13,Other crops,26.30,921.97,15.12,1066.73,17.00,6.55,1.86,18.76,32.66,32.93,34.41,8.00,0.00,1.00,1.00,1.00,8.64,
102.75,25.13,Other crops,26.30,921.97,15.12,1066.73,17.00,6.55,1.86,18.76,32.66,32.93,34.41,8.00,0.00,1.00,1.00,1.00,8.77,
102.75,25.13,Other crops,26.30,921.97,15.12,1066.73,17.00,6.55,1.86,18.76,32.66,32.93,34.41,8.00,0.00,1.00,1.00,1.00,7.18,
102.75,25.13,Other crops,26.30,921.97,15.12,1066.73,17.00,6.55,1.86,18.76,32.66,32.93,34.41,8.00,0.00,1.00,1.00,1.00,10.86,
100.17,25.68,Other crops,99.20,1005.40,14.63,1017.77,50.08,5.76,1.75,15.07,23.28,39.52,37.20,8.41,0.00,0.00,1.00,1.00,0.83,
100.17,25.68,Other crops,99.20,1005.40,14.63,1017.77,50.08,5.76,1.75,15.07,23.28,39.52,37.20,8.41,0.00,1.29,1.00,1.00,1.81,
100.17,25.68,Other crops,99.20,1005.40,14.63,1017.77,50.08,5.76,1.75,15.07,23.28,39.52,37.20,8.41,0.00,0.86,1.00,1.00,1.67,
100.17,25.68,Other crops,99.20,1005.40,14.63,1017.77,50.08,5.76,1.75,15.07,23.28,39.52,37.20,8.41,0.00,1.00,1.00,1.00,1.78,
99.98,26.17,Other crops,127.98,1009.15,13.67,993.75,40.81,8.00,1.78,14.03,25.57,32.76,41.67,7.88,0.00,0.00,1.00,1.00,0.40,
99.98,26.17,Other crops,127.98,1009.15,13.67,993.75,40.81,8.00,1.78,14.03,25.57,32.76,41.67,7.88,0.00,1.77,1.00,1.00,0.64,
99.98,26.17,Other crops,127.98,1009.15,13.67,993.75,40.81,8.00,1.78,14.03,25.57,32.76,41.67,7.88,0.00,0.67,1.00,1.00,0.49,
99.98,26.17,Other crops,127.98,1009.15,13.67,993.75,40.81,8.00,1.78,14.03,25.57,32.76,41.67,7.88,0.00,0.85,1.00,1.00,0.48,
104.12,30.56,Rice,14.84,771.20,16.70,809.77,16.83,7.17,1.73,17.02,21.53,36.35,42.12,0.30,0.00,1.00,1.00,1.00,0.45,
104.12,30.56,Rice,14.84,771.20,16.70,809.77,16.83,7.17,1.73,17.02,21.53,36.35,42.12,0.30,0.00,1.00,1.00,1.00,0.42,
104.12,30.56,Rice,14.84,771.20,16.70,809.77,16.83,7.17,1.73,17.02,21.53,36.35,42.12,0.30,0.00,1.00,1.00,1.00,0.51,
104.12,30.56,Rice,14.84,771.20,16.70,809.77,16.83,7.17,1.73,17.02,21.53,36.35,42.12,0.30,0.00,1.00,1.00,1.00,0.38,
104.12,30.56,Rice,14.84,771.20,16.70,809.77,16.83,7.17,1.73,17.02,21.53,36.35,42.12,0.30,0.00,1.00,1.00,1.00,0.49,
104.12,30.56,Rice,14.84,771.20,16.70,809.77,16.83,7.17,1.73,17.02,21.53,36.35,42.12,0.30,0.00,1.00,1.00,1.00,0.46,
104.12,30.56,Rice,14.84,771.20,16.70,809.77,16.83,7.17,1.73,17.02,21.53,36.35,42.12,0.30,0.00,1.00,1.00,1.00,0.35,
104.12,30.56,Rice,14.84,771.20,16.70,809.77,16.83,7.17,1.73,17.02,21.53,36.35,42.12,0.30,0.00,1.00,1.00,1.00,0.39,
104.12,30.56,Rice,14.84,771.20,16.70,809.77,16.83,7.17,1.73,17.02,21.53,36.35,42.12,0.30,0.00,1.00,1.00,1.00,0.37,
104.12,30.56,Rice,14.84,771.20,16.70,809.77,16.83,7.17,1.73,17.02,21.53,36.35,42.12,0.30,0.00,1.00,1.00,1.00,0.39,
106.41,29.81,Wheat,18.29,1100.00,18.30,841.50,5.08,5.81,1.74,13.95,22.57,38.15,39.28,15.00,0.00,0.00,1.00,1.00,1.24,
106.41,29.81,Wheat,18.29,1100.00,18.30,841.50,5.08,5.81,1.74,13.95,22.57,38.15,39.28,15.00,0.00,1.00,1.00,1.00,0.74,
106.41,29.81,Wheat,18.29,1100.00,18.30,841.50,5.08,5.81,1.74,13.95,22.57,38.15,39.28,15.00,0.00,1.00,1.00,1.00,0.71,
106.41,29.81,Wheat,18.29,1100.00,18.30,841.50,5.08,5.81,1.74,13.95,22.57,38.15,39.28,15.00,0.00,1.50,1.00,1.00,0.73,
106.41,29.81,Wheat,18.29,1100.00,18.30,841.50,5.08,5.81,1.74,13.95,22.57,38.15,39.28,15.00,0.00,1.00,1.00,1.00,0.37,
106.41,29.81,Maize,18.29,1100.00,18.30,841.50,5.08,5.81,1.74,13.95,22.57,38.15,39.28,15.00,0.00,0.00,1.00,1.00,1.24,
106.41,29.81,Maize,18.29,1100.00,18.30,841.50,5.08,5.81,1.74,13.95,22.57,38.15,39.28,15.00,0.00,1.00,1.00,1.00,0.74,
106.41,29.81,Maize,18.29,1100.00,18.30,841.50,5.08,5.81,1.74,13.95,22.57,38.15,39.28,15.00,0.00,1.00,1.00,1.00,0.71,
106.41,29.81,Maize,18.29,1100.00,18.30,841.50,5.08,5.81,1.74,13.95,22.57,38.15,39.28,15.00,0.00,1.50,1.00,1.00,0.73,
106.41,29.81,Maize,18.29,1100.00,18.30,841.50,5.08,5.81,1.74,13.95,22.57,38.15,39.28,15.00,0.00,1.00,1.00,1.00,0.37,
106.41,29.81,Wheat,18.29,1100.00,18.30,841.50,5.08,5.81,1.74,13.95,22.57,38.15,39.28,15.00,0.00,0.00,1.00,1.00,0.16,
106.41,29.81,Wheat,18.29,1100.00,18.30,841.50,5.08,5.81,1.74,13.95,22.57,38.15,39.28,15.00,0.00,1.00,1.00,1.00,0.14,
106.41,29.81,Wheat,18.29,1100.00,18.30,841.50,5.08,5.81,1.74,13.95,22.57,38.15,39.28,15.00,0.00,1.00,1.00,1.00,0.18,
106.41,29.81,Wheat,18.29,1100.00,18.30,841.50,5.08,5.81,1.74,13.95,22.57,38.15,39.28,15.00,0.00,1.50,1.00,1.00,0.24,
106.41,29.81,Wheat,18.29,1100.00,18.30,841.50,5.08,5.81,1.74,13.95,22.57,38.15,39.28,15.00,0.00,1.00,1.00,1.00,0.14,
106.41,29.81,Maize,18.29,1100.00,18.30,841.50,5.08,5.81,1.74,13.95,22.57,38.15,39.28,15.00,0.00,0.00,1.00,1.00,0.16,
106.41,29.81,Maize,18.29,1100.00,18.30,841.50,5.08,5.81,1.74,13.95,22.57,38.15,39.28,15.00,0.00,1.00,1.00,1.00,0.14,
106.41,29.81,Maize,18.29,1100.00,18.30,841.50,5.08,5.81,1.74,13.95,22.57,38.15,39.28,15.00,0.00,1.00,1.00,1.00,0.18,
106.41,29.81,Maize,18.29,1100.00,18.30,841.50,5.08,5.81,1.74,13.95,22.57,38.15,39.28,15.00,0.00,1.50,1.00,1.00,0.24,
106.41,29.81,Maize,18.29,1100.00,18.30,841.50,5.08,5.81,1.74,13.95,22.57,38.15,39.28,15.00,0.00,1.00,1.00,1.00,0.14,
106.41,29.81,Wheat,18.29,1100.00,18.30,841.50,5.08,5.81,1.74,13.95,22.57,38.15,39.28,15.00,0.00,0.00,1.00,1.00,0.45,
106.41,29.81,Wheat,18.29,1100.00,18.30,841.50,5.08,5.81,1.74,13.95,22.57,38.15,39.28,15.00,0.00,1.00,1.00,1.00,0.37,
106.41,29.81,Wheat,18.29,1100.00,18.30,841.50,5.08,5.81,1.74,13.95,22.57,38.15,39.28,15.00,0.00,1.00,1.00,1.00,0.34,
106.41,29.81,Wheat,18.29,1100.00,18.30,841.50,5.08,5.81,1.74,13.95,22.57,38.15,39.28,15.00,0.00,1.50,1.00,1.00,0.35,
106.41,29.81,Wheat,18.29,1100.00,18.30,841.50,5.08,5.81,1.74,13.95,22.57,38.15,39.28,15.00,0.00,1.00,1.00,1.00,0.18,
106.41,29.81,Maize,18.29,1100.00,18.30,841.50,5.08,5.81,1.74,13.95,22.57,38.15,39.28,15.00,0.00,0.00,1.00,1.00,0.45,
106.41,29.81,Maize,18.29,1100.00,18.30,841.50,5.08,5.81,1.74,13.95,22.57,38.15,39.28,15.00,0.00,1.00,1.00,1.00,0.37,
106.41,29.81,Maize,18.29,1100.00,18.30,841.50,5.08,5.81,1.74,13.95,22.57,38.15,39.28,15.00,0.00,1.00,1.00,1.00,0.34,
106.41,29.81,Maize,18.29,1100.00,18.30,841.50,5.08,5.81,1.74,13.95,22.57,38.15,39.28,15.00,0.00,1.50,1.00,1.00,0.35,
106.41,29.81,Maize,18.29,1100.00,18.30,841.50,5.08,5.81,1.74,13.95,22.57,38.15,39.28,15.00,0.00,1.00,1.00,1.00,0.18,
106.41,29.81,Wheat,18.29,1100.00,18.30,841.50,5.08,5.81,1.74,13.95,22.57,38.15,39.28,15.00,0.00,0.00,1.00,1.00,0.36,
106.41,29.81,Wheat,18.29,1100.00,18.30,841.50,5.08,5.81,1.74,13.95,22.57,38.15,39.28,15.00,0.00,1.00,1.00,1.00,0.17,
106.41,29.81,Wheat,18.29,1100.00,18.30,841.50,5.08,5.81,1.74,13.95,22.57,38.15,39.28,15.00,0.00,1.00,1.00,1.00,0.25,
106.41,29.81,Wheat,18.29,1100.00,18.30,841.50,5.08,5.81,1.74,13.95,22.57,38.15,39.28,15.00,0.00,1.50,1.00,1.00,0.27,
106.41,29.81,Wheat,18.29,1100.00,18.30,841.50,5.08,5.81,1.74,13.95,22.57,38.15,39.28,15.00,0.00,1.00,1.00,1.00,0.32,
106.41,29.81,Maize,18.29,1100.00,18.30,841.50,5.08,5.81,1.74,13.95,22.57,38.15,39.28,15.00,0.00,0.00,1.00,1.00,0.36,
106.41,29.81,Maize,18.29,1100.00,18.30,841.50,5.08,5.81,1.74,13.95,22.57,38.15,39.28,15.00,0.00,1.00,1.00,1.00,0.17,
106.41,29.81,Maize,18.29,1100.00,18.30,841.50,5.08,5.81,1.74,13.95,22.57,38.15,39.28,15.00,0.00,1.00,1.00,1.00,0.25,
106.41,29.81,Maize,18.29,1100.00,18.30,841.50,5.08,5.81,1.74,13.95,22.57,38.15,39.28,15.00,0.00,1.50,1.00,1.00,0.27,
106.41,29.81,Maize,18.29,1100.00,18.30,841.50,5.08,5.81,1.74,13.95,22.57,38.15,39.28,15.00,0.00,1.00,1.00,1.00,0.32,
106.41,29.81,Wheat,18.29,1100.00,18.30,841.50,5.08,5.81,1.74,13.95,22.57,38.15,39.28,15.00,0.00,0.00,1.00,1.00,0.18,
106.41,29.81,Wheat,18.29,1100.00,18.30,841.50,5.08,5.81,1.74,13.95,22.57,38.15,39.28,15.00,0.00,1.00,1.00,1.00,0.18,
106.41,29.81,Wheat,18.29,1100.00,18.30,841.50,5.08,5.81,1.74,13.95,22.57,38.15,39.28,15.00,0.00,1.00,1.00,1.00,0.16,
106.41,29.81,Wheat,18.29,1100.00,18.30,841.50,5.08,5.81,1.74,13.95,22.57,38.15,39.28,15.00,0.00,1.50,1.00,1.00,0.17,
106.41,29.81,Wheat,18.29,1100.00,18.30,841.50,5.08,5.81,1.74,13.95,22.57,38.15,39.28,15.00,0.00,1.00,1.00,1.00,0.07,
106.41,29.81,Maize,18.29,1100.00,18.30,841.50,5.08,5.81,1.74,13.95,22.57,38.15,39.28,15.00,0.00,0.00,1.00,1.00,0.18,
106.41,29.81,Maize,18.29,1100.00,18.30,841.50,5.08,5.81,1.74,13.95,22.57,38.15,39.28,15.00,0.00,1.00,1.00,1.00,0.18,
106.41,29.81,Maize,18.29,1100.00,18.30,841.50,5.08,5.81,1.74,13.95,22.57,38.15,39.28,15.00,0.00,1.00,1.00,1.00,0.16,
106.41,29.81,Maize,18.29,1100.00,18.30,841.50,5.08,5.81,1.74,13.95,22.57,38.15,39.28,15.00,0.00,1.50,1.00,1.00,0.17,
106.41,29.81,Maize,18.29,1100.00,18.30,841.50,5.08,5.81,1.74,13.95,22.57,38.15,39.28,15.00,0.00,1.00,1.00,1.00,0.07,
117.37,33.15,Other crops,21.06,911.30,16.47,1074.00,9.47,7.13,1.73,12.81,21.35,36.11,42.53,2.00,0.00,0.00,1.00,1.00,0.03,
117.37,33.15,Other crops,21.06,911.30,16.47,1074.00,9.47,7.13,1.73,12.81,21.35,36.11,42.53,2.00,0.00,1.00,1.00,1.00,0.06,
117.37,33.15,Maize,21.06,911.30,16.47,1074.00,9.47,7.13,1.73,12.81,21.35,36.11,42.53,2.00,0.00,0.00,1.00,1.00,0.04,
117.37,33.15,Maize,21.06,911.30,16.47,1074.00,9.47,7.13,1.73,12.81,21.35,36.11,42.53,2.00,0.00,1.00,1.00,1.00,0.04,
117.37,33.15,Other crops,21.06,911.30,16.47,1074.00,9.47,7.13,1.73,12.81,21.35,36.11,42.53,2.00,0.00,0.00,1.00,1.00,0.11,
120.50,31.52,Rice,12.41,1184.21,16.58,971.13,21.94,6.12,1.23,13.15,23.28,37.55,39.17,0.06,0.00,0.00,0.00,0.00,0.39,
120.50,31.52,Rice,12.41,1184.21,16.58,971.13,21.94,6.12,1.23,13.15,23.28,37.55,39.17,0.06,0.00,1.00,1.00,1.00,0.61,
120.50,31.52,Rice,12.41,1184.21,16.58,971.13,21.94,6.12,1.23,13.15,23.28,37.55,39.17,0.06,0.00,2.50,1.00,1.00,0.80,
120.50,31.52,Rice,12.41,1184.21,16.58,971.13,21.94,6.12,1.23,13.15,23.28,37.55,39.17,0.06,0.00,5.00,1.00,1.00,1.03,
120.62,31.89,Rice,10.04,1158.06,16.26,973.08,5.12,7.41,1.75,13.61,18.20,23.20,58.60,0.07,0.00,0.00,1.00,1.00,0.18,
120.62,31.89,Rice,10.04,1158.06,16.26,973.08,5.12,7.41,1.75,13.61,18.20,23.20,58.60,0.07,0.00,1.00,1.00,1.00,0.18,
120.62,31.89,Rice,10.04,1158.06,16.26,973.08,5.12,7.41,1.75,13.61,18.20,23.20,58.60,0.07,0.00,2.33,1.00,1.00,0.21,
119.43,30.56,Rice,8.34,1510.00,15.60,956.18,14.55,5.40,1.84,17.45,29.87,34.57,35.56,4.21,0.00,1.69,1.00,1.00,0.06,
119.43,30.56,Rice,8.34,1510.00,15.60,956.18,14.55,5.40,1.84,17.45,29.87,34.57,35.56,4.21,0.00,1.00,1.00,1.00,0.05,
119.43,30.56,Rice,8.34,1510.00,15.60,956.18,14.55,5.40,1.84,17.45,29.87,34.57,35.56,4.21,0.00,1.00,1.00,1.00,0.05,
119.43,30.56,Rice,8.34,1510.00,15.60,956.18,14.55,5.40,1.84,17.45,29.87,34.57,35.56,4.21,0.00,1.00,1.00,1.00,0.05,
119.43,30.56,Rice,8.34,1510.00,15.60,956.18,14.55,5.40,1.84,17.45,29.87,34.57,35.56,4.21,0.00,1.00,1.00,1.00,0.04,
105.90,25.03,Other crops,4.04,1165.21,18.70,948.27,17.44,6.74,1.75,7.00,22.55,26.08,51.37,7.30,0.00,1.00,1.00,1.00,0.01,
105.90,25.03,Other crops,4.04,1165.21,18.70,948.27,17.44,6.74,1.75,7.00,22.55,26.08,51.37,7.30,0.00,1.00,1.00,1.00,0.02,
119.57,30.31,Other crops,300.00,1568.44,16.41,948.47,18.62,3.12,1.74,13.23,22.55,38.56,38.89,15.00,0.00,1.00,1.00,1.00,0.14,
119.57,30.31,Other crops,300.00,1568.44,16.41,948.47,18.62,3.12,1.74,13.23,22.55,38.56,38.89,15.00,0.00,1.00,1.00,1.00,0.14,
119.18,31.58,Rice,11.84,1036.90,15.50,985.90,9.64,6.21,1.73,13.40,21.57,36.67,41.76,1.03,0.00,1.00,1.00,1.00,0.15,
119.18,31.58,Rice,11.84,1036.90,15.50,985.90,9.64,6.21,1.73,13.40,21.57,36.67,41.76,1.03,0.00,1.00,1.00,1.00,0.13,
119.18,31.58,Rice,11.84,1036.90,15.50,985.90,9.64,6.21,1.73,13.40,21.57,36.67,41.76,1.03,0.00,1.00,1.00,1.00,0.15,
119.18,31.58,Rice,11.84,1036.90,15.50,985.90,9.64,6.21,1.73,13.40,21.57,36.67,41.76,1.03,0.00,1.00,1.00,1.00,0.21,
119.18,31.58,Rice,11.84,1036.90,15.50,985.90,9.64,6.21,1.73,13.40,21.57,36.67,41.76,1.03,0.00,1.00,1.00,1.00,3.13,
117.45,31.21,Rice,15.85,1060.60,17.20,1030.86,14.55,7.52,1.18,14.95,24.76,37.14,38.09,0.36,0.00,1.00,1.00,1.00,1.48,
117.45,31.21,Rice,15.12,1060.60,17.20,1030.86,11.60,7.41,1.23,14.95,24.76,37.14,38.09,0.36,0.00,1.00,1.00,1.00,1.29,
117.45,31.21,Rice,14.42,1060.60,17.20,1030.86,10.90,7.25,1.36,14.95,24.76,37.14,38.09,0.36,0.00,1.00,1.00,1.00,0.60,
120.22,31.12,Other crops,34.85,1108.50,16.80,969.18,12.55,6.68,1.71,11.32,19.68,32.52,47.80,3.63,1.00,3.41,1.00,1.00,3.59,
120.22,31.12,Other crops,34.85,1108.50,16.80,969.18,12.55,6.68,1.71,11.32,19.68,32.52,47.80,3.63,1.00,1.00,1.00,1.00,2.76,
120.22,31.12,Other crops,34.85,1108.50,16.80,969.18,12.55,6.68,1.71,11.32,19.68,32.52,47.80,3.63,1.00,3.41,1.00,1.00,3.11,
120.22,31.12,Other crops,34.85,1108.50,16.80,969.18,12.55,6.68,1.71,11.32,19.68,32.52,47.80,3.63,1.00,1.00,1.00,1.00,2.25,
120.58,30.00,Other crops,26.35,1300.00,16.00,968.94,19.98,6.56,1.76,13.28,23.89,34.11,42.00,1.00,1.00,1.00,1.00,1.00,3.13,
120.58,30.00,Other crops,26.35,1300.00,16.00,968.94,19.98,6.56,1.76,13.28,23.89,34.11,42.00,1.00,1.00,1.00,1.00,1.00,1.92,
120.58,30.00,Other crops,26.35,1300.00,16.00,968.94,19.98,6.56,1.76,13.28,23.89,34.11,42.00,1.00,1.00,1.00,1.00,1.00,2.55,
120.58,30.00,Other crops,26.35,1300.00,16.00,968.94,19.98,6.56,1.76,13.28,23.89,34.11,42.00,1.00,1.00,1.00,1.00,1.00,2.42,
120.58,30.00,Other crops,26.35,1300.00,16.00,968.94,19.98,6.56,1.76,13.28,23.89,34.11,42.00,1.00,1.00,1.00,1.00,1.00,1.23,
104.64,28.75,Other crops,13.39,1000.00,18.21,879.41,11.41,6.55,1.76,15.63,23.56,36.73,39.72,2.00,0.00,1.00,1.00,1.00,0.02,
104.64,28.75,Other crops,13.39,1000.00,18.21,879.41,11.41,6.55,1.76,15.63,23.56,36.73,39.72,2.00,0.00,0.00,1.00,1.00,0.02,
104.54,28.85,Other crops,7.83,1000.00,18.00,875.58,11.53,7.91,1.78,15.01,24.99,37.00,38.01,3.00,0.00,1.00,1.00,1.00,0.02,
104.54,28.85,Other crops,7.83,1000.00,18.00,875.58,11.53,7.91,1.78,15.01,24.99,37.00,38.01,3.00,0.00,0.00,1.00,1.00,0.01,
104.54,30.41,Other crops,9.93,1025.00,17.35,813.34,9.66,7.74,1.77,15.76,24.24,33.18,42.58,7.00,0.00,1.00,1.00,1.00,0.26,
104.54,30.41,Other crops,12.11,1025.00,17.35,813.34,10.45,7.71,1.77,15.76,24.24,33.18,42.58,7.00,0.00,1.00,1.00,1.00,0.08,
105.49,31.25,Other crops,8.80,1025.00,17.56,821.08,8.71,7.47,1.77,15.75,24.25,33.24,42.51,7.00,0.00,1.00,1.00,1.00,0.03,
103.35,29.90,Other crops,16.03,1000.00,16.07,843.03,12.80,6.75,1.79,16.46,25.88,37.31,36.82,1.00,0.00,1.00,1.00,1.00,0.02,
104.54,28.85,Other crops,7.83,1000.00,18.00,875.58,11.53,7.91,1.78,15.01,24.99,37.00,38.01,3.00,0.00,1.00,1.00,1.00,0.02,
104.54,28.85,Other crops,7.83,1000.00,18.00,875.58,11.53,7.91,1.78,15.01,24.99,37.00,38.01,3.00,0.00,0.00,1.00,1.00,0.01,
104.54,28.85,Other crops,10.14,1000.00,18.00,875.58,11.76,7.63,1.78,15.01,24.99,37.00,38.01,15.00,0.00,1.00,1.00,1.00,0.18,
104.54,28.85,Other crops,10.14,1000.00,18.00,875.58,11.76,7.63,1.78,15.01,24.99,37.00,38.01,15.00,0.00,0.00,1.00,1.00,0.17,
104.84,29.75,Other crops,11.49,1195.14,17.97,844.45,12.98,7.57,1.72,15.38,21.11,37.56,41.33,2.00,0.00,0.00,1.00,1.00,0.01,
106.64,30.46,Other crops,11.00,1142.44,17.84,830.29,15.79,7.40,1.73,17.27,21.22,36.24,42.53,2.00,0.00,1.00,1.00,1.00,0.19,
106.64,30.46,Other crops,11.00,1142.44,17.84,830.29,15.79,7.40,1.73,17.27,21.22,36.24,42.53,2.00,0.00,0.00,1.00,1.00,0.08,
107.27,31.93,Other crops,12.09,1196.70,15.40,806.23,14.66,7.48,1.74,17.04,21.92,34.08,44.00,2.00,0.00,1.00,1.00,1.00,0.22,
107.27,31.93,Other crops,12.09,1196.70,15.40,806.23,14.66,7.48,1.74,17.04,21.92,34.08,44.00,2.00,0.00,0.00,1.00,1.00,0.11,
103.88,30.20,Other crops,22.15,1359.70,17.33,825.30,13.12,6.68,1.78,15.23,24.77,35.83,39.41,0.51,0.00,1.00,1.00,1.00,0.02,
103.88,30.20,Other crops,22.15,1359.70,17.33,825.30,13.12,6.68,1.78,15.23,24.77,35.83,39.41,0.51,0.00,1.00,1.00,1.00,0.03,
103.88,30.20,Other crops,22.15,1359.70,17.33,825.30,13.12,6.68,1.78,15.23,24.77,35.83,39.41,0.51,0.00,1.00,1.00,1.00,0.03,
103.88,30.20,Other crops,22.15,1359.70,17.33,825.30,13.12,6.68,1.78,15.23,24.77,35.83,39.41,0.51,0.00,1.50,1.00,1.00,0.05,
104.54,28.85,Other crops,7.83,1000.00,18.00,875.58,11.53,7.91,1.78,15.01,24.99,37.00,38.01,3.00,1.00,0.00,1.00,1.00,0.01,
104.54,28.85,Other crops,7.83,1000.00,18.00,875.58,11.53,7.91,1.78,15.01,24.99,37.00,38.01,3.00,1.00,0.86,1.00,1.00,0.02,
104.54,28.85,Other crops,7.83,1000.00,18.00,875.58,11.53,7.91,1.78,15.01,24.99,37.00,38.01,3.00,1.00,1.00,1.00,1.00,0.02,
104.54,28.85,Other crops,7.83,1000.00,18.00,875.58,11.53,7.91,1.78,15.01,24.99,37.00,38.01,3.00,1.00,1.27,1.00,1.00,0.02,
104.54,28.85,Other crops,7.83,1000.00,18.00,875.58,11.53,7.91,1.78,15.01,24.99,37.00,38.01,3.00,1.00,1.00,1.00,1.00,0.02,
104.54,28.85,Other crops,7.83,1000.00,18.00,875.58,11.53,7.91,1.78,15.01,24.99,37.00,38.01,3.00,1.00,1.00,1.00,1.00,0.02,
119.75,30.35,Rice,6.54,1250.00,10.00,951.55,9.92,6.05,1.80,15.89,30.10,61.20,8.70,5.43,0.00,0.00,1.00,1.00,0.14,
119.75,30.35,Rice,6.54,1250.00,10.00,951.55,9.92,6.05,1.80,15.89,30.10,61.20,8.70,5.43,0.00,0.40,1.00,1.00,0.46,
119.75,30.35,Rice,6.54,1250.00,10.00,951.55,9.92,6.05,1.80,15.89,30.10,61.20,8.70,5.43,0.00,1.00,1.00,1.00,0.95,
119.75,30.35,Rice,6.54,1250.00,10.00,951.55,9.92,6.05,1.80,15.89,30.10,61.20,8.70,5.43,0.00,2.00,1.00,1.00,3.03,
119.75,30.35,Rice,6.54,1250.00,10.00,951.55,9.92,6.05,1.80,15.89,30.10,61.20,8.70,5.43,0.00,4.00,1.00,1.00,6.47,
119.75,30.35,Wheat,6.54,1250.00,10.00,951.55,9.92,6.05,1.80,15.89,30.10,61.20,8.70,5.43,0.00,0.00,0.00,0.00,0.65,
119.75,30.35,Wheat,6.54,1250.00,10.00,951.55,9.92,6.05,1.80,15.89,30.10,61.20,8.70,5.43,0.00,0.50,1.00,1.00,0.73,
119.75,30.35,Wheat,6.54,1250.00,10.00,951.55,9.92,6.05,1.80,15.89,30.10,61.20,8.70,5.43,0.00,1.00,1.00,1.00,1.10,
119.75,30.35,Wheat,6.54,1250.00,10.00,951.55,9.92,6.05,1.80,15.89,30.10,61.20,8.70,5.43,0.00,2.00,1.00,1.00,2.41,
119.75,30.35,Wheat,6.54,1250.00,10.00,951.55,9.92,6.05,1.80,15.89,30.10,61.20,8.70,5.43,0.00,4.00,1.00,1.00,7.87,
119.75,30.35,Rice,6.54,1250.00,15.70,951.55,9.92,6.05,1.30,15.89,30.10,61.20,8.70,5.43,0.00,0.00,0.00,0.00,1.32,
119.75,30.35,Rice,6.54,1250.00,15.70,951.55,9.92,6.05,1.30,15.89,30.10,61.20,8.70,5.43,0.00,0.40,1.00,1.00,1.64,
119.75,30.35,Rice,6.54,1250.00,15.70,951.55,9.92,6.05,1.30,15.89,30.10,61.20,8.70,5.43,0.00,1.00,1.00,1.00,2.29,
119.75,30.35,Rice,6.54,1250.00,15.70,951.55,9.92,6.05,1.30,15.89,30.10,61.20,8.70,5.43,0.00,2.00,1.00,1.00,3.47,
119.75,30.35,Rice,6.54,1250.00,15.70,951.55,9.92,6.05,1.30,15.89,30.10,61.20,8.70,5.43,0.00,4.00,1.00,1.00,5.12,
120.08,31.49,Wheat,11.50,770.00,16.62,971.58,17.98,5.13,1.76,14.65,89.80,5.42,4.66,0.65,0.00,0.00,0.00,0.00,0.96,
120.08,31.49,Wheat,11.50,1007.00,16.62,971.58,17.98,5.13,1.76,14.65,89.80,5.42,4.66,0.65,0.00,0.00,0.00,0.00,1.15,
120.08,31.49,Wheat,11.50,770.00,16.62,971.58,17.98,5.13,1.76,14.65,89.80,5.42,4.66,0.65,0.00,1.00,1.00,1.00,1.21,
120.08,31.49,Wheat,11.50,1007.00,16.62,971.58,17.98,5.13,1.76,14.65,89.80,5.42,4.66,0.65,0.00,1.00,1.00,1.00,0.95,
120.08,31.49,Wheat,11.50,770.00,16.62,971.58,17.98,5.13,1.76,14.65,89.80,5.42,4.66,0.65,0.00,1.00,1.00,1.00,0.65,
120.08,31.49,Wheat,11.50,1007.00,16.62,971.58,17.98,5.13,1.76,14.65,89.80,5.42,4.66,0.65,0.00,1.00,1.00,1.00,0.72,
120.08,31.49,Wheat,11.50,770.00,16.62,971.58,17.98,5.13,1.76,14.65,89.80,5.42,4.66,0.65,0.00,1.00,1.00,1.00,0.87,
120.08,31.49,Wheat,11.50,1007.00,16.62,971.58,17.98,5.13,1.76,14.65,89.80,5.42,4.66,0.65,0.00,1.00,1.00,1.00,0.80,
120.08,31.49,Wheat,11.50,770.00,16.62,971.58,17.98,5.13,1.76,14.65,89.80,5.42,4.66,0.65,0.00,1.49,1.00,1.00,1.04,
120.08,31.49,Wheat,11.50,1007.00,16.62,971.58,17.98,5.13,1.76,14.65,89.80,5.42,4.66,0.65,0.00,1.49,1.00,1.00,0.84,
120.08,31.49,Wheat,11.50,770.00,16.62,971.58,17.98,5.13,1.76,14.65,89.80,5.42,4.66,0.65,0.00,1.00,1.00,1.00,0.75,
120.08,31.49,Wheat,11.50,1007.00,16.62,971.58,17.98,5.13,1.76,14.65,89.80,5.42,4.66,0.65,0.00,1.00,1.00,1.00,0.77,
120.08,31.49,Rice,11.50,770.00,16.62,971.58,17.98,5.13,1.76,14.65,89.80,5.42,4.66,0.65,0.00,0.00,0.00,0.00,0.96,
120.08,31.49,Rice,11.50,1007.00,16.62,971.58,17.98,5.13,1.76,14.65,89.80,5.42,4.66,0.65,0.00,0.00,0.00,0.00,1.15,
120.08,31.49,Rice,11.50,770.00,16.62,971.58,17.98,5.13,1.76,14.65,89.80,5.42,4.66,0.65,0.00,2.00,1.00,1.00,1.21,
120.08,31.49,Rice,11.50,1007.00,16.62,971.58,17.98,5.13,1.76,14.65,89.80,5.42,4.66,0.65,0.00,2.00,1.00,1.00,0.95,
120.08,31.49,Rice,11.50,770.00,16.62,971.58,17.98,5.13,1.76,14.65,89.80,5.42,4.66,0.65,0.00,1.00,1.00,1.00,0.65,
120.08,31.49,Rice,11.50,1007.00,16.62,971.58,17.98,5.13,1.76,14.65,89.80,5.42,4.66,0.65,0.00,1.00,1.00,1.00,0.72,
120.08,31.49,Rice,11.50,770.00,16.62,971.58,17.98,5.13,1.76,14.65,89.80,5.42,4.66,0.65,0.00,1.00,1.00,1.00,0.87,
120.08,31.49,Rice,11.50,1007.00,16.62,971.58,17.98,5.13,1.76,14.65,89.80,5.42,4.66,0.65,0.00,1.00,1.00,1.00,0.80,
120.08,31.49,Rice,11.50,770.00,16.62,971.58,17.98,5.13,1.76,14.65,89.80,5.42,4.66,0.65,0.00,1.49,1.00,1.00,1.04,
120.08,31.49,Rice,11.50,1007.00,16.62,971.58,17.98,5.13,1.76,14.65,89.80,5.42,4.66,0.65,0.00,1.49,1.00,1.00,0.84,
120.08,31.49,Rice,11.50,770.00,16.62,971.58,17.98,5.13,1.76,14.65,89.80,5.42,4.66,0.65,1.00,1.00,1.00,1.00,0.75,
120.08,31.49,Rice,11.50,1007.00,16.62,971.58,17.98,5.13,1.76,14.65,89.80,5.42,4.66,0.65,1.00,1.00,1.00,1.00,0.77,
119.33,31.45,Rice,27.43,1260.86,16.68,981.51,16.42,6.18,1.75,14.01,22.99,36.67,40.34,0.40,0.00,1.00,1.00,1.00,0.58,
119.33,31.45,Wheat,27.43,1260.86,16.68,981.51,16.42,6.18,1.75,14.01,22.99,36.67,40.34,0.40,0.00,1.00,1.00,1.00,0.58,
119.33,31.45,Other crops,27.43,1260.86,16.68,981.51,16.42,6.18,1.75,14.01,22.99,36.67,40.34,0.40,0.00,1.00,1.00,1.00,0.58,
120.00,31.44,Rice,31.18,1211.26,16.63,971.75,13.63,6.29,1.77,14.73,24.52,36.63,38.85,0.28,0.00,1.00,1.00,1.00,0.75,
120.00,31.44,Wheat,31.18,1211.26,16.63,971.75,13.63,6.29,1.77,14.73,24.52,36.63,38.85,0.28,0.00,1.00,1.00,1.00,0.75,
120.00,31.44,Other crops,31.18,1211.26,16.63,971.75,13.63,6.29,1.77,14.73,24.52,36.63,38.85,0.28,0.00,1.00,1.00,1.00,0.75,
119.33,31.45,Rice,27.43,1260.86,16.68,981.51,16.42,6.18,1.75,14.01,22.99,36.67,40.34,0.40,0.00,1.00,1.00,1.00,0.58,
119.33,31.45,Other crops,27.43,1260.86,16.68,981.51,16.42,6.18,1.75,14.01,22.99,36.67,40.34,0.40,0.00,1.00,1.00,1.00,0.58,
119.33,31.45,Other crops,27.43,1260.86,16.68,981.51,16.42,6.18,1.75,14.01,22.99,36.67,40.34,0.40,0.00,1.00,1.00,1.00,0.58,
120.00,31.44,Rice,31.18,1211.26,16.63,971.75,13.63,6.29,1.77,14.73,24.52,36.63,38.85,0.28,0.00,1.00,1.00,1.00,0.75,
120.00,31.44,Other crops,31.18,1211.26,16.63,971.75,13.63,6.29,1.77,14.73,24.52,36.63,38.85,0.28,0.00,1.00,1.00,1.00,0.75,
120.00,31.44,Other crops,31.18,1211.26,16.63,971.75,13.63,6.29,1.77,14.73,24.52,36.63,38.85,0.28,0.00,1.00,1.00,1.00,0.75,
120.48,31.60,Rice,8.34,1175.62,16.51,971.10,19.14,6.10,1.77,14.47,37.90,37.64,37.79,0.05,0.00,0.00,0.00,0.00,0.15,
120.48,31.60,Rice,8.34,1175.62,16.51,971.10,19.14,6.10,1.77,14.47,37.90,37.64,37.79,0.05,0.00,0.20,1.00,1.00,0.22,
120.48,31.60,Rice,8.34,1175.62,16.51,971.10,19.14,6.10,1.77,14.47,37.90,37.64,37.79,0.05,0.00,1.00,1.00,1.00,0.40,
120.48,31.60,Rice,8.34,1175.62,16.51,971.10,19.14,6.10,1.77,14.47,37.90,37.64,37.79,0.05,0.00,2.00,1.00,1.00,0.65,
120.48,31.60,Rice,8.34,1175.62,16.51,971.10,19.14,6.10,1.77,14.47,37.90,37.64,37.79,0.05,0.00,0.00,0.00,0.00,0.30,
120.48,31.60,Rice,8.34,1175.62,16.51,971.10,19.14,6.10,1.77,14.47,37.90,37.64,37.79,0.05,0.00,0.20,1.00,1.00,0.44,
120.48,31.60,Rice,8.34,1175.62,16.51,971.10,19.14,6.10,1.77,14.47,37.90,37.64,37.79,0.05,0.00,1.00,1.00,1.00,1.83,
120.48,31.60,Rice,8.34,1175.62,16.51,971.10,19.14,6.10,1.77,14.47,37.90,37.64,37.79,0.05,0.00,2.00,1.00,1.00,3.74,
120.48,31.60,Wheat,8.34,1175.62,16.51,971.10,19.14,6.10,1.77,14.47,37.90,37.64,37.79,0.05,0.00,0.00,0.00,0.00,0.25,
120.48,31.60,Wheat,8.34,1175.62,16.51,971.10,19.14,6.10,1.77,14.47,37.90,37.64,37.79,0.05,0.00,0.25,1.00,1.00,0.38,
120.48,31.60,Wheat,8.34,1175.62,16.51,971.10,19.14,6.10,1.77,14.47,37.90,37.64,37.79,0.05,0.00,1.00,1.00,1.00,0.58,
120.48,31.60,Wheat,8.34,1175.62,16.51,971.10,19.14,6.10,1.77,14.47,37.90,37.64,37.79,0.05,0.00,2.00,1.00,1.00,0.82,
120.48,31.60,Wheat,8.34,1175.62,16.51,971.10,19.14,6.10,1.77,14.47,37.90,37.64,37.79,0.05,0.00,0.00,0.00,0.00,0.57,
120.48,31.60,Wheat,8.34,1175.62,16.51,971.10,19.14,6.10,1.77,14.47,37.90,37.64,37.79,0.05,0.00,0.25,1.00,1.00,0.71,
120.48,31.60,Wheat,8.34,1175.62,16.51,971.10,19.14,6.10,1.77,14.47,37.90,37.64,37.79,0.05,0.00,1.00,1.00,1.00,1.12,
120.48,31.60,Wheat,8.34,1175.62,16.51,971.10,19.14,6.10,1.77,14.47,37.90,37.64,37.79,0.05,0.00,2.00,1.00,1.00,1.55,
120.48,31.60,Rice,10.88,1175.62,16.51,971.10,23.32,7.50,1.77,14.47,30.60,37.64,37.79,0.05,0.00,0.00,0.00,0.00,0.10,
120.48,31.60,Rice,10.88,1175.62,16.51,971.10,23.32,7.50,1.77,14.47,30.60,37.64,37.79,0.05,0.00,0.20,1.00,1.00,0.14,
120.48,31.60,Rice,10.88,1175.62,16.51,971.10,23.32,7.50,1.77,14.47,30.60,37.64,37.79,0.05,0.00,1.00,1.00,1.00,0.21,
120.48,31.60,Rice,10.88,1175.62,16.51,971.10,23.32,7.50,1.77,14.47,30.60,37.64,37.79,0.05,0.00,2.00,1.00,1.00,0.27,
120.48,31.60,Rice,10.88,1175.62,16.51,971.10,23.32,7.50,1.77,14.47,30.60,37.64,37.79,0.05,0.00,0.00,0.00,0.00,0.13,
120.48,31.60,Rice,10.88,1175.62,16.51,971.10,23.32,7.50,1.77,14.47,30.60,37.64,37.79,0.05,0.00,0.20,1.00,1.00,0.17,
120.48,31.60,Rice,10.88,1175.62,16.51,971.10,23.32,7.50,1.77,14.47,30.60,37.64,37.79,0.05,0.00,1.00,1.00,1.00,0.36,
120.48,31.60,Rice,10.88,1175.62,16.51,971.10,23.32,7.50,1.77,14.47,30.60,37.64,37.79,0.05,0.00,2.00,1.00,1.00,0.59,
120.48,31.60,Wheat,10.88,1175.62,16.51,971.10,23.32,7.50,1.77,14.47,30.60,37.64,37.79,0.05,0.00,0.00,0.00,0.00,0.40,
120.48,31.60,Wheat,10.88,1175.62,16.51,971.10,23.32,7.50,1.77,14.47,30.60,37.64,37.79,0.05,0.00,0.25,1.00,1.00,0.54,
120.48,31.60,Wheat,10.88,1175.62,16.51,971.10,23.32,7.50,1.77,14.47,30.60,37.64,37.79,0.05,0.00,1.00,1.00,1.00,1.36,
120.48,31.60,Wheat,10.88,1175.62,16.51,971.10,23.32,7.50,1.77,14.47,30.60,37.64,37.79,0.05,0.00,2.00,1.00,1.00,1.97,
120.48,31.60,Wheat,10.88,1175.62,16.51,971.10,23.32,7.50,1.77,14.47,30.60,37.64,37.79,0.05,0.00,0.00,0.00,0.00,0.81,
120.48,31.60,Wheat,10.88,1175.62,16.51,971.10,23.32,7.50,1.77,14.47,30.60,37.64,37.79,0.05,0.00,0.25,1.00,1.00,1.18,
120.48,31.60,Wheat,10.88,1175.62,16.51,971.10,23.32,7.50,1.77,14.47,30.60,37.64,37.79,0.05,0.00,1.00,1.00,1.00,3.01,
119.88,31.32,Other crops,36.21,1243.57,16.64,971.68,12.29,6.25,1.75,13.49,22.78,34.84,42.37,0.27,1.00,1.00,1.00,1.00,0.40,
119.88,31.32,Other crops,36.21,1243.57,16.64,971.68,12.29,6.25,1.75,13.49,22.78,34.84,42.37,0.27,1.00,1.00,1.00,1.00,0.30,
119.88,31.32,Other crops,36.21,1243.57,16.64,971.68,12.29,6.25,1.75,13.49,22.78,34.84,42.37,0.27,1.00,1.00,1.00,1.00,0.44,
119.88,31.32,Other crops,36.21,1243.57,16.64,971.68,12.29,6.25,1.75,13.49,22.78,34.84,42.37,0.27,1.00,1.00,1.00,1.00,0.41,
119.88,31.32,Other crops,36.21,1243.57,16.64,971.68,12.29,6.25,1.75,13.49,22.78,34.84,42.37,0.27,0.00,1.00,1.00,1.00,0.04,
119.88,31.32,Other crops,36.21,1243.57,16.64,971.68,12.29,6.25,1.75,13.49,22.78,34.84,42.37,0.27,0.00,1.00,1.00,1.00,0.11,
119.88,31.32,Other crops,36.21,1250.00,16.64,971.68,12.29,6.25,1.75,13.49,22.78,34.84,42.37,0.27,0.00,1.00,1.00,1.00,0.09,
119.88,31.32,Other crops,36.21,1250.00,16.64,971.68,12.29,6.25,1.75,13.49,22.78,34.84,42.37,0.27,0.00,1.00,1.00,1.00,0.05,
120.08,31.49,Other crops,11.50,1194.70,16.62,971.58,17.98,5.13,1.76,14.65,89.80,5.40,4.80,0.65,0.00,0.00,0.00,0.00,0.71,
120.08,31.49,Other crops,11.50,1194.70,16.62,971.58,17.98,5.13,1.76,14.65,89.80,5.40,4.80,0.65,0.00,2.00,1.00,1.00,0.87,
120.08,31.49,Other crops,11.50,1194.70,16.62,971.58,17.98,5.13,1.76,14.65,89.80,5.40,4.80,0.65,0.00,1.00,1.00,1.00,0.44,
120.08,31.49,Other crops,11.50,1194.70,16.62,971.58,17.98,5.13,1.76,14.65,89.80,5.40,4.80,0.65,0.00,1.00,1.00,1.00,0.51,
120.08,31.49,Other crops,11.50,1194.70,16.62,971.58,17.98,5.13,1.76,14.65,89.80,5.40,4.80,0.65,0.00,1.50,1.00,1.00,0.69,
120.08,31.49,Other crops,11.50,1194.70,16.62,971.58,17.98,5.13,1.76,14.65,89.80,5.40,4.80,0.65,0.00,1.00,1.00,1.00,0.54,
120.43,31.43,Other crops,7.13,1100.00,15.00,970.92,8.27,6.67,1.75,13.43,23.10,34.62,42.28,0.12,0.00,0.00,1.00,1.00,1.64,
120.43,31.43,Other crops,7.13,1100.00,15.00,970.92,8.27,6.67,1.75,13.43,23.10,34.62,42.28,0.12,0.00,0.25,1.00,1.00,2.24,
120.43,31.43,Other crops,7.13,1100.00,15.00,970.92,8.27,6.67,1.75,13.43,23.10,34.62,42.28,0.12,0.00,0.50,1.00,1.00,2.79,
120.43,31.43,Other crops,7.13,1100.00,15.00,970.92,8.27,6.67,1.75,13.43,23.10,34.62,42.28,0.12,0.00,1.00,1.00,1.00,4.27,
119.29,30.22,Other crops,15.25,1550.00,15.90,944.29,26.95,5.25,1.81,16.89,28.04,35.29,36.67,9.35,0.00,1.00,1.00,1.00,0.23,
119.29,30.22,Other crops,15.25,1550.00,15.90,944.29,26.95,5.25,1.81,16.89,28.04,35.29,36.67,9.35,0.00,1.00,1.00,1.00,0.24,
119.29,30.22,Other crops,15.25,1550.00,15.90,944.29,26.95,5.25,1.81,16.89,28.04,35.29,36.67,9.35,0.00,1.00,1.00,1.00,0.39,
119.29,30.22,Other crops,15.25,1550.00,15.90,944.29,26.95,5.25,1.81,16.89,28.04,35.29,36.67,9.35,0.00,1.00,1.00,1.00,0.37,
119.29,30.22,Other crops,15.25,1551.00,16.90,944.29,3.14,4.30,1.81,16.89,28.04,35.29,36.67,9.35,0.00,1.00,1.00,1.00,0.59,
119.29,30.22,Other crops,15.25,1551.00,16.90,944.29,3.14,4.30,1.81,16.89,28.04,35.29,36.67,9.35,0.00,1.00,1.00,1.00,0.67,
119.29,30.22,Other crops,15.25,1551.00,16.90,944.29,3.14,4.30,1.81,16.89,28.04,35.29,36.67,9.35,0.00,1.00,1.00,1.00,0.41,
119.29,30.22,Other crops,15.25,1551.00,16.90,944.29,3.14,4.30,1.81,16.89,28.04,35.29,36.67,9.35,0.00,1.00,1.00,1.00,0.04,
116.94,31.05,Other crops,11.81,1200.00,16.00,1039.58,20.97,6.01,1.71,13.46,20.38,34.00,45.62,3.37,0.00,0.00,0.00,0.00,0.13,
116.94,31.05,Other crops,11.81,1200.00,16.00,1039.58,20.97,6.01,1.71,13.46,20.38,34.00,45.62,3.37,0.00,1.00,1.00,1.00,0.17,
116.94,31.05,Rice,11.81,1200.00,16.00,1039.58,20.97,6.01,1.71,13.46,20.38,34.00,45.62,3.37,1.00,0.00,0.00,0.00,0.13,
116.94,31.05,Rice,11.81,1200.00,16.00,1039.58,20.97,6.01,1.71,13.46,20.38,34.00,45.62,3.37,1.00,1.00,1.00,1.00,0.22,
116.94,31.05,Other crops,11.81,1200.00,16.00,1039.58,20.97,6.01,1.71,13.46,20.38,34.00,45.62,3.37,0.00,0.00,0.00,0.00,0.16,
116.94,31.05,Other crops,11.81,1200.00,16.00,1039.58,20.97,6.01,1.71,13.46,20.38,34.00,45.62,3.37,0.00,1.00,1.00,1.00,0.23,
116.94,31.05,Rice,11.81,1200.00,16.00,1039.58,20.97,6.01,1.71,13.46,20.38,34.00,45.62,3.37,1.00,0.00,0.00,0.00,0.11,
116.94,31.05,Rice,11.81,1200.00,16.00,1039.58,20.97,6.01,1.71,13.46,20.38,34.00,45.62,3.37,1.00,1.00,1.00,1.00,0.21,
116.94,31.05,Other crops,11.81,1200.00,16.00,1039.58,20.97,6.01,1.71,13.46,20.38,34.00,45.62,3.37,0.00,0.00,0.00,0.00,0.05,
116.94,31.05,Other crops,11.81,1200.00,16.00,1039.58,20.97,6.01,1.71,13.46,20.38,34.00,45.62,3.37,0.00,1.00,1.00,1.00,0.07,
116.94,31.05,Rice,11.81,1200.00,16.00,1039.58,20.97,6.01,1.71,13.46,20.38,34.00,45.62,3.37,1.00,0.00,0.00,0.00,0.11,
116.94,31.05,Rice,11.81,1200.00,16.00,1039.58,20.97,6.01,1.71,13.46,20.38,34.00,45.62,3.37,1.00,1.00,1.00,1.00,0.27,
117.52,24.63,Other crops,2.15,1600.00,21.20,1043.96,3.79,4.80,1.46,7.49,23.49,26.74,49.77,8.05,0.00,1.00,1.00,1.00,0.24,
117.52,24.63,Other crops,2.15,1600.00,21.20,1043.96,3.79,4.80,1.46,7.49,23.49,26.74,49.77,8.05,0.00,1.00,1.00,1.00,0.25,
117.52,24.63,Other crops,2.15,1600.00,21.20,1043.96,3.79,4.80,1.46,7.49,23.49,26.74,49.77,8.05,0.00,1.00,1.00,1.00,0.34,
117.52,24.63,Other crops,2.15,1600.00,21.20,1043.96,3.79,4.80,1.46,7.49,23.49,26.74,49.77,8.05,0.00,1.00,1.00,1.00,0.01,
117.52,24.63,Other crops,2.15,1600.00,21.20,1043.96,3.79,4.80,1.46,7.49,23.49,26.74,49.77,8.05,0.00,1.00,1.00,1.00,0.06,
118.29,32.39,Wheat,13.87,1000.00,16.00,1038.33,9.72,5.70,1.74,14.09,22.09,34.92,42.99,0.53,0.00,1.35,1.00,1.00,0.52,
118.29,32.39,Wheat,13.87,1000.00,16.00,1038.33,9.72,5.70,1.74,14.09,22.09,34.92,42.99,0.53,0.00,1.35,1.00,1.00,2.22,
118.29,32.39,Wheat,13.87,1000.00,16.00,1038.33,9.72,5.70,1.74,14.09,22.09,34.92,42.99,0.53,0.00,1.35,1.00,1.00,2.48,
118.29,32.39,Rice,13.87,1000.00,16.00,1038.33,9.72,5.70,1.74,14.09,22.09,34.92,42.99,0.53,0.00,1.35,1.00,1.00,0.70,
118.29,32.39,Rice,13.87,1000.00,16.00,1038.33,9.72,5.70,1.74,14.09,22.09,34.92,42.99,0.53,0.00,1.35,1.00,1.00,1.84,
118.29,32.39,Rice,13.87,1000.00,16.00,1038.33,9.72,5.70,1.74,14.09,22.09,34.92,42.99,0.53,0.00,1.35,1.00,1.00,0.67,
118.29,32.39,Wheat,13.87,1000.00,16.00,1038.33,9.72,5.70,1.74,14.09,22.09,34.92,42.99,0.53,0.00,1.00,1.00,1.00,0.50,
118.29,32.39,Wheat,13.87,1000.00,16.00,1038.33,9.72,5.70,1.74,14.09,22.09,34.92,42.99,0.53,0.00,1.00,1.00,1.00,2.18,
118.29,32.39,Wheat,13.87,1000.00,16.00,1038.33,9.72,5.70,1.74,14.09,22.09,34.92,42.99,0.53,0.00,1.00,1.00,1.00,2.26,
118.29,32.39,Rice,13.87,1000.00,16.00,1038.33,9.72,5.70,1.74,14.09,22.09,34.92,42.99,0.53,0.00,1.00,1.00,1.00,0.70,
118.29,32.39,Rice,13.87,1000.00,16.00,1038.33,9.72,5.70,1.74,14.09,22.09,34.92,42.99,0.53,0.00,1.00,1.00,1.00,1.84,
118.29,32.39,Rice,13.87,1000.00,16.00,1038.33,9.72,5.70,1.74,14.09,22.09,34.92,42.99,0.53,0.00,1.00,1.00,1.00,0.41,
118.29,32.39,Wheat,13.87,1000.00,16.00,1038.33,9.72,5.70,1.74,14.09,22.09,34.92,42.99,0.53,0.00,1.00,1.00,1.00,0.49,
118.29,32.39,Wheat,13.87,1000.00,16.00,1038.33,9.72,5.70,1.74,14.09,22.09,34.92,42.99,0.53,0.00,1.00,1.00,1.00,2.20,
118.29,32.39,Wheat,13.87,1000.00,16.00,1038.33,9.72,5.70,1.74,14.09,22.09,34.92,42.99,0.53,0.00,1.00,1.00,1.00,2.02,
118.29,32.39,Rice,13.87,1000.00,16.00,1038.33,9.72,5.70,1.74,14.09,22.09,34.92,42.99,0.53,0.00,1.00,1.00,1.00,0.65,
118.29,32.39,Rice,13.87,1000.00,16.00,1038.33,9.72,5.70,1.74,14.09,22.09,34.92,42.99,0.53,0.00,1.00,1.00,1.00,1.76,
118.29,32.39,Rice,13.87,1000.00,16.00,1038.33,9.72,5.70,1.74,14.09,22.09,34.92,42.99,0.53,0.00,1.00,1.00,1.00,0.31,
103.61,31.01,Maize,67.92,1218.40,15.10,798.17,11.69,6.92,1.76,14.76,41.20,22.50,36.30,15.00,0.00,1.00,1.00,1.00,0.01,
103.61,31.01,Maize,67.92,1218.40,15.10,798.17,11.69,6.92,1.76,14.76,41.20,22.50,36.30,15.00,0.00,1.00,1.00,1.00,0.03,
103.61,31.01,Maize,67.92,1218.40,15.10,798.17,11.69,6.92,1.76,14.76,41.20,22.50,36.30,15.00,0.00,1.00,1.00,1.00,0.03,
103.61,31.01,Maize,67.92,1218.40,15.10,798.17,11.69,6.92,1.76,14.76,41.20,22.50,36.30,15.00,0.00,1.00,1.00,1.00,0.03,
103.61,31.01,Maize,67.92,1218.40,15.10,798.17,11.69,6.92,1.76,14.76,41.20,22.50,36.30,15.00,0.00,1.00,1.00,1.00,0.06,
103.61,31.01,Maize,67.92,1218.40,15.10,798.17,11.69,6.92,1.76,14.76,41.20,22.50,36.30,15.00,0.00,1.00,1.00,1.00,0.08,
103.61,31.01,Maize,67.92,1218.40,15.10,798.17,11.69,6.92,1.76,14.76,41.20,22.50,36.30,15.00,0.00,1.00,1.00,1.00,0.08,
111.88,26.75,Other crops,0.94,1323.50,19.00,1542.00,4.40,4.92,1.74,13.64,21.85,35.22,42.93,10.00,1.00,1.00,1.00,1.00,7.62,
111.88,26.75,Other crops,0.94,1323.50,19.00,1542.00,4.40,4.92,1.74,13.64,21.85,35.22,42.93,10.00,1.00,1.00,1.00,1.00,0.47,
109.23,19.53,Other crops,7.31,1800.00,21.00,1166.19,7.52,4.87,1.96,9.85,41.83,17.99,40.18,5.00,0.00,0.50,1.00,1.00,0.10,
109.23,19.53,Other crops,7.31,1800.00,21.00,1166.19,7.52,4.87,1.96,9.85,41.83,17.99,40.18,5.00,0.00,1.00,1.00,1.00,0.12,
111.22,32.95,Other crops,10.20,788.00,15.76,984.77,6.50,8.30,1.69,13.32,18.80,32.91,48.29,9.00,0.00,0.00,1.00,1.00,16.27,
111.22,32.95,Other crops,10.20,788.00,15.76,984.77,6.50,8.30,1.69,13.32,18.80,32.91,48.29,9.00,0.00,1.00,1.00,1.00,15.28,
111.22,32.95,Other crops,10.20,788.00,15.76,984.77,6.50,8.30,1.69,13.32,18.80,32.91,48.29,9.00,0.00,1.25,1.00,1.00,11.90,
111.22,32.95,Other crops,10.20,788.00,15.76,984.77,6.50,8.30,1.69,13.32,18.80,32.91,48.29,9.00,0.00,1.25,1.00,1.00,12.24,
118.62,32.48,Wheat,17.12,1099.35,16.49,1032.78,6.96,5.85,1.40,24.34,20.32,37.54,42.14,1.10,0.00,1.00,1.00,1.00,0.09,
118.62,32.48,Wheat,17.12,1099.35,16.49,1032.78,6.96,5.85,1.40,24.34,20.32,37.54,42.14,1.10,0.00,1.00,1.00,1.00,0.09,
118.62,32.48,Wheat,17.12,1099.35,16.49,1032.78,6.96,5.85,1.40,24.34,20.32,37.54,42.14,1.10,0.00,1.00,1.00,1.00,0.08,
118.62,32.48,Wheat,17.12,1099.35,16.49,1032.78,6.96,5.85,1.40,24.34,20.32,37.54,42.14,1.10,0.00,1.00,1.00,1.00,0.08,
118.62,32.48,Wheat,17.12,1099.35,16.49,1032.78,6.96,5.85,1.40,24.34,20.32,37.54,42.14,1.10,0.00,1.50,1.00,1.00,0.19,
118.62,32.48,Wheat,17.12,1099.35,16.49,1032.78,6.96,5.85,1.40,24.34,20.32,37.54,42.14,1.10,0.00,1.00,1.00,1.00,0.08,
118.62,32.48,Other crops,17.12,1099.35,16.49,1032.78,6.96,5.85,1.40,24.34,20.32,37.54,42.14,1.10,0.00,1.00,1.00,1.00,0.08,
118.62,32.48,Other crops,17.12,1099.35,16.49,1032.78,6.96,5.85,1.40,24.34,20.32,37.54,42.14,1.10,0.00,1.00,1.00,1.00,0.07,
118.62,32.48,Other crops,17.12,1099.35,16.49,1032.78,6.96,5.85,1.40,24.34,20.32,37.54,42.14,1.10,0.00,1.00,1.00,1.00,0.07,
118.62,32.48,Other crops,17.12,1099.35,16.49,1032.78,6.96,5.85,1.40,24.34,20.32,37.54,42.14,1.10,0.00,1.00,1.00,1.00,0.07,
118.62,32.48,Other crops,17.12,1099.35,16.49,1032.78,6.96,5.85,1.40,24.34,20.32,37.54,42.14,1.10,0.00,2.00,1.00,1.00,0.14,
118.62,32.48,Other crops,17.12,1099.35,16.49,1032.78,6.96,5.85,1.40,24.34,20.32,37.54,42.14,1.10,0.00,1.00,1.00,1.00,0.08,
117.69,31.66,Other crops,12.87,1100.00,15.50,1024.26,14.09,6.03,1.77,14.28,24.10,35.92,39.99,0.39,0.00,0.00,1.00,1.00,2.36,
117.69,31.66,Other crops,12.87,1100.00,15.50,1024.26,14.09,6.03,1.77,14.28,24.10,35.92,39.99,0.39,0.00,0.00,1.00,1.00,2.28,
117.69,31.66,Other crops,12.87,1100.00,15.50,1024.26,14.09,6.03,1.77,14.28,24.10,35.92,39.99,0.39,0.00,1.00,1.00,1.00,2.78,
117.69,31.66,Other crops,12.87,1100.00,15.50,1024.26,14.09,6.03,1.77,14.28,24.10,35.92,39.99,0.39,0.00,1.00,1.00,1.00,3.06,
117.69,31.66,Other crops,12.87,1100.00,15.50,1024.26,14.09,6.03,1.77,14.28,24.10,35.92,39.99,0.39,0.00,0.85,1.00,1.00,2.84,
117.69,31.66,Other crops,12.87,1100.00,15.50,1024.26,14.09,6.03,1.77,14.28,24.10,35.92,39.99,0.39,0.00,0.85,1.00,1.00,3.90,
117.69,31.66,Rice,12.87,1100.00,15.50,1024.26,14.09,6.03,1.77,14.28,24.10,35.92,39.99,0.39,0.00,0.00,1.00,1.00,1.54,
117.69,31.66,Rice,12.87,1100.00,15.50,1024.26,14.09,6.03,1.77,14.28,24.10,35.92,39.99,0.39,0.00,0.00,1.00,1.00,1.44,
117.69,31.66,Rice,12.87,1100.00,15.50,1024.26,14.09,6.03,1.77,14.28,24.10,35.92,39.99,0.39,0.00,1.00,1.00,1.00,2.01,
117.69,31.66,Rice,12.87,1100.00,15.50,1024.26,14.09,6.03,1.77,14.28,24.10,35.92,39.99,0.39,0.00,1.00,1.00,1.00,1.99,
117.69,31.66,Rice,12.87,1100.00,15.50,1024.26,14.09,6.03,1.77,14.28,24.10,35.92,39.99,0.39,0.00,0.85,1.00,1.00,1.95,
117.69,31.66,Rice,12.87,1100.00,15.50,1024.26,14.09,6.03,1.77,14.28,24.10,35.92,39.99,0.39,0.00,0.85,1.00,1.00,3.57,
117.69,31.66,Other crops,12.87,1100.00,15.50,1024.26,14.09,6.03,1.77,14.28,24.10,35.92,39.99,0.39,0.00,0.00,1.00,1.00,1.74,
117.69,31.66,Other crops,12.87,1100.00,15.50,1024.26,14.09,6.03,1.77,14.28,24.10,35.92,39.99,0.39,0.00,0.00,1.00,1.00,1.56,
117.69,31.66,Other crops,12.87,1100.00,15.50,1024.26,14.09,6.03,1.77,14.28,24.10,35.92,39.99,0.39,0.00,1.00,1.00,1.00,1.90,
117.69,31.66,Other crops,12.87,1100.00,15.50,1024.26,14.09,6.03,1.77,14.28,24.10,35.92,39.99,0.39,0.00,1.00,1.00,1.00,1.82,
117.69,31.66,Other crops,12.87,1100.00,15.50,1024.26,14.09,6.03,1.77,14.28,24.10,35.92,39.99,0.39,0.00,0.85,1.00,1.00,1.79,
117.69,31.66,Other crops,12.87,1100.00,15.50,1024.26,14.09,6.03,1.77,14.28,24.10,35.92,39.99,0.39,0.00,0.85,1.00,1.00,3.10,
117.69,31.66,Rice,12.87,1100.00,15.50,1024.26,14.09,6.03,1.77,14.28,24.10,35.92,39.99,0.39,0.00,0.00,1.00,1.00,0.72,
117.69,31.66,Rice,12.87,1100.00,15.50,1024.26,14.09,6.03,1.77,14.28,24.10,35.92,39.99,0.39,0.00,0.00,1.00,1.00,0.66,
117.69,31.66,Rice,12.87,1100.00,15.50,1024.26,14.09,6.03,1.77,14.28,24.10,35.92,39.99,0.39,0.00,1.00,1.00,1.00,0.96,
117.69,31.66,Rice,12.87,1100.00,15.50,1024.26,14.09,6.03,1.77,14.28,24.10,35.92,39.99,0.39,0.00,1.00,1.00,1.00,0.90,
117.69,31.66,Rice,12.87,1100.00,15.50,1024.26,14.09,6.03,1.77,14.28,24.10,35.92,39.99,0.39,0.00,0.85,1.00,1.00,0.87,
117.69,31.66,Rice,12.87,1100.00,15.50,1024.26,14.09,6.03,1.77,14.28,24.10,35.92,39.99,0.39,0.00,0.85,1.00,1.00,1.81,
119.73,30.09,Other crops,9.30,1629.00,15.80,950.48,11.39,5.62,1.77,15.51,24.92,37.26,37.82,4.95,0.00,0.00,1.00,1.00,0.40,
119.73,30.09,Other crops,9.30,1629.00,15.80,950.48,11.39,5.62,1.77,15.51,24.92,37.26,37.82,4.95,0.00,0.77,1.00,1.00,1.65,
119.73,30.09,Other crops,9.30,1629.00,15.80,950.48,11.39,5.62,1.77,15.51,24.92,37.26,37.82,4.95,0.00,0.93,1.00,1.00,1.22,
119.73,30.09,Other crops,9.30,1629.00,15.80,950.48,11.39,5.62,1.77,15.51,24.92,37.26,37.82,4.95,0.00,1.00,1.00,1.00,1.11,
120.10,31.50,Other crops,105.07,1086.00,16.80,971.54,11.83,6.19,1.75,14.58,23.31,38.06,38.63,0.70,0.00,0.00,1.00,1.00,2.26,
120.10,31.50,Other crops,105.07,1086.00,16.80,971.54,11.83,6.19,1.75,14.58,23.31,38.06,38.63,0.70,0.00,0.21,1.00,1.00,3.45,
120.10,31.50,Other crops,105.07,1086.00,16.80,971.54,11.83,6.19,1.75,14.58,23.31,38.06,38.63,0.70,0.00,0.50,1.00,1.00,3.96,
102.57,24.29,Other crops,6.97,909.10,16.79,1059.59,19.46,5.93,1.81,17.70,27.86,34.45,37.69,15.00,0.00,0.38,1.00,1.00,1.52,
102.57,24.29,Other crops,6.97,909.10,16.79,1059.59,19.46,5.93,1.81,17.70,27.86,34.45,37.69,15.00,0.00,0.50,1.00,1.00,1.18,
102.57,24.29,Other crops,6.97,909.10,16.79,1059.59,19.46,5.93,1.81,17.70,27.86,34.45,37.69,15.00,0.00,0.63,1.00,1.00,1.15,
102.57,24.29,Other crops,6.97,909.10,16.79,1059.59,19.46,5.93,1.81,17.70,27.86,34.45,37.69,15.00,0.00,0.75,1.00,1.00,1.05,
102.57,24.29,Other crops,6.97,909.10,16.79,1059.59,19.46,5.93,1.81,17.70,27.86,34.45,37.69,15.00,0.00,0.88,1.00,1.00,1.00,
102.57,24.29,Other crops,6.97,909.10,16.79,1059.59,19.46,5.93,1.81,17.70,27.86,34.45,37.69,15.00,0.00,1.00,1.00,1.00,0.87,
117.68,31.66,Wheat,19.36,1015.00,16.10,1024.84,15.41,6.97,1.77,14.10,23.88,35.65,40.47,0.42,0.00,0.00,1.00,1.00,0.12,
117.68,31.66,Wheat,19.36,1015.00,16.10,1024.84,15.41,6.97,1.77,14.10,23.88,35.65,40.47,0.42,0.00,2.24,1.00,1.00,0.40,
117.68,31.66,Wheat,19.36,1015.00,16.10,1024.84,15.41,6.97,1.77,14.10,23.88,35.65,40.47,0.42,0.00,1.00,1.00,1.00,0.38,
117.68,31.66,Wheat,19.36,1015.00,16.10,1024.84,15.41,6.97,1.77,14.10,23.88,35.65,40.47,0.42,0.00,1.67,1.00,1.00,0.60,
117.68,31.66,Wheat,19.36,1015.00,16.10,1024.84,15.41,6.97,1.77,14.10,23.88,35.65,40.47,0.42,0.00,3.33,1.00,1.00,1.62,
117.68,31.66,Wheat,19.36,1015.00,16.10,1024.84,15.41,6.97,1.77,14.10,23.88,35.65,40.47,0.42,0.00,0.07,1.00,1.00,0.43,
117.68,31.66,Wheat,19.36,1015.00,16.10,1024.84,15.41,6.97,1.77,14.10,23.88,35.65,40.47,0.42,0.00,0.11,1.00,1.00,0.58,
117.68,31.66,Wheat,19.36,1015.00,16.10,1024.84,15.41,6.97,1.77,14.10,23.88,35.65,40.47,0.42,0.00,0.22,1.00,1.00,1.76,
117.68,31.66,Rice,19.36,1015.00,16.10,1024.84,15.41,6.97,1.77,14.10,23.88,35.65,40.47,0.42,0.00,0.00,1.00,1.00,0.11,
117.68,31.66,Rice,19.36,1015.00,16.10,1024.84,15.41,6.97,1.77,14.10,23.88,35.65,40.47,0.42,0.00,2.15,1.00,1.00,0.24,
117.68,31.66,Rice,19.36,1015.00,16.10,1024.84,15.41,6.97,1.77,14.10,23.88,35.65,40.47,0.42,0.00,1.37,1.00,1.00,0.24,
117.68,31.66,Rice,19.36,1015.00,16.10,1024.84,15.41,6.97,1.77,14.10,23.88,35.65,40.47,0.42,0.00,1.00,1.00,1.00,0.28,
117.68,31.66,Rice,19.36,1015.00,16.10,1024.84,15.41,6.97,1.77,14.10,23.88,35.65,40.47,0.42,0.00,1.67,1.00,1.00,1.73,
117.68,31.66,Rice,19.36,1015.00,16.10,1024.84,15.41,6.97,1.77,14.10,23.88,35.65,40.47,0.42,0.00,0.98,1.00,1.00,0.25,
117.68,31.66,Rice,19.36,1015.00,16.10,1024.84,15.41,6.97,1.77,14.10,23.88,35.65,40.47,0.42,0.00,1.64,1.00,1.00,0.29,
117.68,31.66,Wheat,17.60,1270.00,16.84,1024.84,10.24,6.73,1.77,14.10,23.88,35.65,40.47,0.42,0.00,0.00,1.00,1.00,0.25,
117.68,31.66,Wheat,17.60,1270.00,16.84,1024.84,10.24,6.73,1.77,14.10,23.88,35.65,40.47,0.42,0.00,1.00,1.00,1.00,0.50,
117.68,31.66,Wheat,17.60,1270.00,16.84,1024.84,10.24,6.73,1.77,14.10,23.88,35.65,40.47,0.42,0.00,2.47,1.00,1.00,0.47,
117.68,31.66,Wheat,17.60,1270.00,16.84,1024.84,10.24,6.73,1.77,14.10,23.88,35.65,40.47,0.42,0.00,1.24,1.00,1.00,0.34,
117.68,31.66,Wheat,17.60,1270.00,16.84,1024.84,10.24,6.73,1.77,14.10,23.88,35.65,40.47,0.42,0.00,1.00,1.00,1.00,0.45,
117.68,31.66,Wheat,17.60,1270.00,16.84,1024.84,10.24,6.73,1.77,14.10,23.88,35.65,40.47,0.42,0.00,1.74,1.00,1.00,0.45,
117.68,31.66,Wheat,17.60,1270.00,16.84,1024.84,10.24,6.73,1.77,14.10,23.88,35.65,40.47,0.42,0.00,1.00,1.00,1.00,0.30,
117.68,31.66,Wheat,17.60,1270.00,16.84,1024.84,10.24,6.73,1.77,14.10,23.88,35.65,40.47,0.42,0.00,1.00,1.00,1.00,0.34,
117.68,31.66,Rice,17.60,1270.00,16.84,1024.84,10.24,6.73,1.77,14.10,23.88,35.65,40.47,0.42,0.00,0.00,1.00,1.00,0.04,
117.68,31.66,Rice,17.60,1270.00,16.84,1024.84,10.24,6.73,1.77,14.10,23.88,35.65,40.47,0.42,0.00,0.96,1.00,1.00,0.05,
117.68,31.66,Rice,17.60,1270.00,16.84,1024.84,10.24,6.73,1.77,14.10,23.88,35.65,40.47,0.42,0.00,2.84,1.00,1.00,0.05,
117.68,31.66,Rice,17.60,1270.00,16.84,1024.84,10.24,6.73,1.77,14.10,23.88,35.65,40.47,0.42,0.00,1.42,1.00,1.00,0.17,
117.68,31.66,Rice,17.60,1270.00,16.84,1024.84,10.24,6.73,1.77,14.10,23.88,35.65,40.47,0.42,0.00,0.98,1.00,1.00,0.15,
117.68,31.66,Rice,17.60,1270.00,16.84,1024.84,10.24,6.73,1.77,14.10,23.88,35.65,40.47,0.42,0.00,2.00,1.00,1.00,0.12,
117.68,31.66,Rice,17.60,1270.00,16.84,1024.84,10.24,6.73,1.77,14.10,23.88,35.65,40.47,0.42,0.00,1.00,1.00,1.00,0.05,
117.68,31.66,Rice,17.60,1270.00,16.84,1024.84,10.24,6.73,1.77,14.10,23.88,35.65,40.47,0.42,0.00,1.00,1.00,1.00,0.06,
106.67,23.86,Other crops,39.83,1100.00,21.10,1022.54,13.23,7.29,1.81,7.00,26.00,24.00,50.00,3.05,1.00,0.00,0.00,0.00,0.66,
106.67,23.86,Other crops,39.83,1100.00,21.10,1022.54,13.23,7.29,1.81,7.00,26.00,24.00,50.00,3.05,1.00,1.00,1.00,1.00,0.82,
106.67,23.86,Rice,39.83,1100.00,21.10,1022.54,13.23,7.29,1.81,7.00,26.00,24.00,50.00,3.05,1.00,0.00,0.00,0.00,0.66,
106.67,23.86,Rice,39.83,1100.00,21.10,1022.54,13.23,7.29,1.81,7.00,26.00,24.00,50.00,3.05,1.00,1.00,1.00,1.00,0.82,
106.67,23.86,Rice,39.83,1100.00,21.10,1022.54,13.23,7.29,1.81,7.00,26.00,24.00,50.00,3.05,1.00,0.00,0.00,0.00,0.66,
106.67,23.86,Rice,39.83,1100.00,21.10,1022.54,13.23,7.29,1.81,7.00,26.00,24.00,50.00,3.05,1.00,1.00,1.00,1.00,0.82,
119.58,30.16,Other crops,16.98,1150.00,15.80,948.28,20.12,5.70,1.81,14.99,27.80,34.18,38.02,5.67,0.00,0.00,1.00,1.00,0.14,
119.58,30.16,Other crops,16.98,1150.00,15.80,948.28,20.12,5.70,1.81,14.99,27.80,34.18,38.02,5.67,0.00,1.00,1.00,1.00,0.21,
119.58,30.16,Other crops,16.98,1150.00,15.80,948.28,20.12,5.70,1.81,14.99,27.80,34.18,38.02,5.67,0.00,0.46,1.00,1.00,0.17,
119.58,30.16,Other crops,16.98,1150.00,15.80,948.28,20.12,5.70,1.81,14.99,27.80,34.18,38.02,5.67,0.00,1.51,1.00,1.00,0.22,
119.58,30.16,Other crops,16.98,1150.00,15.80,948.28,20.12,5.70,1.81,14.99,27.80,34.18,38.02,5.67,0.00,2.26,1.00,1.00,0.23,
119.58,30.16,Other crops,16.98,1150.00,15.80,948.28,20.12,5.70,1.81,14.99,27.80,34.18,38.02,5.67,0.00,1.00,1.00,1.00,0.01,
119.58,30.16,Other crops,16.98,1150.00,15.80,948.28,20.12,5.70,1.81,14.99,27.80,34.18,38.02,5.67,0.00,0.00,1.00,1.00,0.01,
120.67,30.83,Rice,24.63,1200.00,15.70,971.03,12.16,7.20,1.62,8.10,15.70,24.84,59.45,0.04,0.00,1.00,1.00,1.00,0.04,
120.67,30.83,Rice,24.63,1200.00,15.70,971.03,12.16,7.20,1.62,8.10,15.70,24.84,59.45,0.04,0.00,1.00,1.00,1.00,0.15,
120.67,30.83,Rice,24.63,1200.00,15.70,971.03,12.16,7.20,1.62,8.10,15.70,24.84,59.45,0.04,0.00,1.00,1.00,1.00,0.38,
120.67,30.83,Rice,24.63,1200.00,15.70,971.03,12.16,7.20,1.62,8.10,15.70,24.84,59.45,0.04,0.00,1.00,1.00,1.00,0.98,
111.68,31.18,Maize,12.25,1090.11,16.13,925.33,13.11,6.69,1.72,14.59,20.83,37.31,41.86,3.96,1.00,1.00,1.00,1.00,0.15,
111.68,31.18,Maize,12.25,1090.11,16.13,925.33,13.11,6.69,1.72,14.59,20.83,37.31,41.86,3.96,1.00,1.00,1.00,1.00,0.05,
111.68,31.18,Maize,12.25,1090.11,16.13,925.33,13.11,6.69,1.72,14.59,20.83,37.31,41.86,3.96,1.00,1.00,1.00,1.00,0.15,
111.68,31.18,Maize,12.25,1090.11,16.13,925.33,13.11,6.69,1.72,14.59,20.83,37.31,41.86,3.96,1.00,1.00,1.00,1.00,0.18,
111.68,31.18,Rice,12.25,1090.11,16.13,925.33,13.11,6.69,1.72,14.59,20.83,37.31,41.86,3.96,1.00,1.00,1.00,1.00,0.19,
111.68,31.18,Rice,12.25,1090.11,16.13,925.33,13.11,6.69,1.72,14.59,20.83,37.31,41.86,3.96,1.00,1.00,1.00,1.00,0.14,
111.68,31.18,Rice,12.25,1090.11,16.13,925.33,13.11,6.69,1.72,14.59,20.83,37.31,41.86,3.96,1.00,1.00,1.00,1.00,0.11,
111.68,31.18,Rice,12.25,1090.11,16.13,925.33,13.11,6.69,1.72,14.59,20.83,37.31,41.86,3.96,1.00,1.00,1.00,1.00,0.03,
111.68,31.18,Rice,12.25,1090.11,16.13,925.33,13.11,6.69,1.72,14.59,20.83,37.31,41.86,3.96,1.00,1.00,1.00,1.00,0.19,
111.68,31.18,Rice,12.25,1090.11,16.13,925.33,13.11,6.69,1.72,14.59,20.83,37.31,41.86,3.96,1.00,1.00,1.00,1.00,0.08,
117.79,31.65,Wheat,37.45,996.00,16.00,1020.08,13.54,6.26,1.77,14.30,24.11,35.95,39.94,0.25,0.00,0.00,1.00,1.00,0.35,
117.79,31.65,Rice,37.45,996.00,16.00,1020.08,13.54,6.26,1.77,14.30,24.11,35.95,39.94,0.25,0.00,0.00,1.00,1.00,0.59,
117.79,31.65,Wheat,37.45,996.00,16.00,1020.08,13.54,6.26,1.77,14.30,24.11,35.95,39.94,0.25,0.00,1.00,1.00,1.00,0.67,
117.79,31.65,Rice,37.45,996.00,16.00,1020.08,13.54,6.26,1.77,14.30,24.11,35.95,39.94,0.25,0.00,1.07,1.00,1.00,0.93,
117.79,31.65,Wheat,37.45,996.00,16.00,1020.08,13.54,6.26,1.77,14.30,24.11,35.95,39.94,0.25,0.00,1.33,1.00,1.00,0.61,
117.79,31.65,Rice,37.45,996.00,16.00,1020.08,13.54,6.26,1.77,14.30,24.11,35.95,39.94,0.25,0.00,1.00,1.00,1.00,0.82,
117.79,31.65,Wheat,37.45,996.00,16.00,1020.08,13.54,6.26,1.77,14.30,24.11,35.95,39.94,0.25,0.00,1.33,1.00,1.00,0.59,
117.79,31.65,Rice,37.45,996.00,16.00,1020.08,13.54,6.26,1.77,14.30,24.11,35.95,39.94,0.25,0.00,0.67,1.00,1.00,0.80,
117.79,31.65,Wheat,37.45,996.00,16.00,1020.08,13.54,6.26,1.77,14.30,24.11,35.95,39.94,0.25,0.00,0.50,1.00,1.00,0.48,
117.79,31.65,Rice,37.45,996.00,16.00,1020.08,13.54,6.26,1.77,14.30,24.11,35.95,39.94,0.25,0.00,1.00,1.00,1.00,0.72,
117.79,31.65,Wheat,37.45,996.00,16.00,1020.08,13.54,6.26,1.77,14.30,24.11,35.95,39.94,0.25,0.00,0.67,1.00,1.00,0.44,
117.79,31.65,Rice,37.45,996.00,16.00,1020.08,13.54,6.26,1.77,14.30,24.11,35.95,39.94,0.25,0.00,0.50,1.00,1.00,0.68,
113.10,28.14,Other crops,106.01,1390.00,18.20,975.53,10.98,6.54,1.77,15.32,24.47,36.89,38.63,0.74,0.00,3.70,1.00,1.00,6.15,
113.10,28.14,Other crops,106.01,1390.00,18.20,975.53,10.98,6.54,1.77,15.32,24.47,36.89,38.63,0.74,0.00,0.94,1.00,1.00,5.70,
113.10,28.14,Other crops,106.01,1390.00,18.20,975.53,10.98,6.54,1.77,15.32,24.47,36.89,38.63,0.74,0.00,1.00,1.00,1.00,5.10,
113.10,28.14,Other crops,106.01,1390.00,18.20,975.53,10.98,6.54,1.77,15.32,24.47,36.89,38.63,0.74,0.00,1.00,1.00,1.00,4.80,
113.10,28.14,Other crops,106.01,1390.00,18.20,975.53,10.98,6.54,1.77,15.32,24.47,36.89,38.63,0.74,0.00,1.47,1.00,1.00,5.55,
113.10,28.14,Other crops,106.01,1390.00,18.20,975.53,10.98,6.54,1.77,15.32,24.47,36.89,38.63,0.74,0.00,0.00,0.00,0.00,4.05,
119.71,31.09,Other crops,24.80,1309.00,15.60,968.78,9.99,6.56,1.77,14.23,25.26,39.70,35.04,4.88,1.00,1.00,1.00,1.00,1.37,
119.71,31.09,Other crops,24.80,1309.00,15.60,968.78,9.99,6.56,1.77,14.23,25.26,39.70,35.04,4.88,1.00,1.00,1.00,1.00,5.49,
119.71,31.09,Other crops,24.80,1309.00,15.60,968.78,9.99,6.56,1.77,14.23,25.26,39.70,35.04,4.88,1.00,1.00,1.00,1.00,4.44,
119.71,31.09,Other crops,24.80,1309.00,15.60,968.78,9.99,6.56,1.77,14.23,25.26,39.70,35.04,4.88,1.00,1.00,1.00,1.00,2.48,
118.83,32.07,Rice,20.14,1106.50,15.40,1016.80,10.61,6.38,1.25,13.15,19.22,36.55,44.23,1.07,0.00,1.00,1.00,1.00,6.55,
118.83,32.07,Rice,20.14,1106.50,15.40,1016.80,10.61,6.38,1.25,13.15,19.22,36.55,44.23,1.07,0.00,1.00,1.00,1.00,3.94,
110.68,31.06,Maize,16.65,1205.76,14.03,867.81,3.86,5.38,1.70,16.18,15.43,32.53,52.03,20.00,1.00,1.00,1.00,1.00,0.10,
110.68,31.06,Wheat,16.65,1205.76,14.03,867.81,3.86,5.38,1.70,16.18,15.43,32.53,52.03,20.00,1.00,1.00,1.00,1.00,0.10,
110.68,31.06,Maize,16.65,1205.76,14.03,867.81,3.86,5.38,1.70,16.18,15.43,32.53,52.03,20.00,1.00,1.00,1.00,1.00,0.04,
110.68,31.06,Wheat,16.65,1205.76,14.03,867.81,3.86,5.38,1.70,16.18,15.43,32.53,52.03,20.00,1.00,1.00,1.00,1.00,0.04,
110.68,31.06,Maize,16.65,1205.76,14.03,867.81,3.86,5.38,1.70,16.18,15.43,32.53,52.03,20.00,1.00,1.00,1.00,1.00,0.06,
110.68,31.06,Wheat,16.65,1205.76,14.03,867.81,3.86,5.38,1.70,16.18,15.43,32.53,52.03,20.00,1.00,1.00,1.00,1.00,0.06,
110.68,31.06,Maize,16.65,1205.76,14.03,867.81,3.86,5.38,1.70,16.18,15.43,32.53,52.03,20.00,1.00,1.00,1.00,1.00,0.04,
110.68,31.06,Wheat,16.65,1205.76,14.03,867.81,3.86,5.38,1.70,16.18,15.43,32.53,52.03,20.00,1.00,1.00,1.00,1.00,0.04,
110.68,31.06,Maize,16.65,1205.76,14.03,867.81,3.86,5.38,1.70,16.18,15.43,32.53,52.03,20.00,1.00,1.00,1.00,1.00,0.09,
110.68,31.06,Wheat,16.65,1205.76,14.03,867.81,3.86,5.38,1.70,16.18,15.43,32.53,52.03,20.00,1.00,1.00,1.00,1.00,0.09,
110.68,31.06,Maize,16.65,1205.76,14.03,867.81,3.86,5.38,1.70,16.18,15.43,32.53,52.03,20.00,1.00,1.00,1.00,1.00,0.04,
110.68,31.06,Wheat,16.65,1205.76,14.03,867.81,3.86,5.38,1.70,16.18,15.43,32.53,52.03,20.00,1.00,1.00,1.00,1.00,0.04,
110.68,31.06,Maize,16.65,1205.76,14.03,867.81,3.86,5.38,1.70,16.18,15.43,32.53,52.03,20.00,1.00,1.00,1.00,1.00,0.08,
110.68,31.06,Wheat,16.65,1205.76,14.03,867.81,3.86,5.38,1.70,16.18,15.43,32.53,52.03,20.00,1.00,1.00,1.00,1.00,0.08,
110.68,31.06,Maize,16.65,1205.76,14.03,867.81,3.86,5.38,1.70,16.18,15.43,32.53,52.03,20.00,1.00,1.00,1.00,1.00,0.06,
110.68,31.06,Wheat,16.65,1205.76,14.03,867.81,3.86,5.38,1.70,16.18,15.43,32.53,52.03,20.00,1.00,1.00,1.00,1.00,0.06,
113.82,28.32,Maize,20.95,1613.16,17.60,979.58,4.91,5.53,1.73,9.43,21.43,31.23,47.34,4.53,0.00,0.00,1.00,1.00,4.03,
113.82,28.32,Maize,20.95,1613.16,17.60,979.58,4.91,5.53,1.73,9.43,21.43,31.23,47.34,4.53,0.00,0.00,1.00,1.00,0.67,
113.82,28.32,Maize,20.95,1613.16,17.60,979.58,4.91,5.53,1.73,9.43,21.43,31.23,47.34,4.53,0.00,1.00,1.00,1.00,1.18,
113.82,28.32,Maize,20.95,1613.16,17.60,979.58,4.91,5.53,1.73,9.43,21.43,31.23,47.34,4.53,0.00,1.00,1.00,1.00,1.02,
113.82,28.32,Maize,20.95,1613.16,17.60,979.58,4.91,5.53,1.73,9.43,21.43,31.23,47.34,4.53,0.00,1.00,1.00,1.00,3.16,
113.82,28.32,Maize,20.95,1613.16,17.60,979.58,4.91,5.53,1.73,9.43,21.43,31.23,47.34,4.53,0.00,1.00,1.00,1.00,0.98,
113.82,28.32,Maize,20.95,1613.16,17.60,979.58,4.91,5.53,1.73,9.43,21.43,31.23,47.34,4.53,0.00,1.00,1.00,1.00,2.83,
113.82,28.32,Maize,20.95,1613.16,17.60,979.58,4.91,5.53,1.73,9.43,21.43,31.23,47.34,4.53,0.00,1.00,1.00,1.00,0.87,
113.82,28.32,Maize,20.95,1613.16,17.60,979.58,4.91,5.53,1.73,9.43,21.43,31.23,47.34,4.53,0.00,1.00,1.00,1.00,2.78,
113.82,28.32,Maize,20.95,1613.16,17.60,979.58,4.91,5.53,1.73,9.43,21.43,31.23,47.34,4.53,0.00,1.00,1.00,1.00,0.78,
106.53,29.57,Other crops,15.95,1200.00,18.30,848.50,24.39,5.42,1.73,17.64,21.28,35.91,42.80,2.90,0.00,1.00,1.00,1.00,0.20,
106.53,29.57,Other crops,15.95,1200.00,18.30,848.50,24.39,5.42,1.73,17.64,21.28,35.91,42.80,2.90,0.00,0.00,1.00,1.00,0.12,
106.53,29.57,Other crops,15.95,1200.00,18.30,848.50,24.39,5.42,1.73,17.64,21.28,35.91,42.80,2.90,0.00,1.00,1.00,1.00,0.06,
106.53,29.57,Other crops,15.95,1200.00,18.30,848.50,24.39,5.42,1.73,17.64,21.28,35.91,42.80,2.90,0.00,0.00,1.00,1.00,0.05,
106.53,29.57,Other crops,15.95,1200.00,18.30,848.50,24.39,5.42,1.73,17.64,21.28,35.91,42.80,2.90,0.00,1.00,1.00,1.00,0.29,
106.53,29.57,Other crops,15.95,1200.00,18.30,848.50,24.39,5.42,1.73,17.64,21.28,35.91,42.80,2.90,0.00,0.00,1.00,1.00,0.24,
106.53,29.57,Other crops,15.95,1200.00,18.30,848.50,24.39,5.42,1.73,17.64,21.28,35.91,42.80,2.90,0.00,1.00,1.00,1.00,0.08,
106.53,29.57,Other crops,15.95,1200.00,18.30,848.50,24.39,5.42,1.73,17.64,21.28,35.91,42.80,2.90,0.00,0.00,1.00,1.00,0.05,
106.53,29.57,Other crops,15.95,1200.00,18.30,848.50,24.39,5.42,1.73,17.64,21.28,35.91,42.80,2.90,0.00,1.00,1.00,1.00,1.10,
106.53,29.57,Other crops,15.95,1200.00,18.30,848.50,24.39,5.42,1.73,17.64,21.28,35.91,42.80,2.90,0.00,0.00,1.00,1.00,0.74,
106.53,29.57,Rice,15.95,1200.00,18.30,848.50,24.39,5.42,1.73,17.64,21.28,35.91,42.80,2.90,0.00,1.00,1.00,1.00,0.02,
106.53,29.57,Rice,15.95,1200.00,18.30,848.50,24.39,5.42,1.73,17.64,21.28,35.91,42.80,2.90,0.00,1.00,1.00,1.00,0.06,
106.53,29.57,Rice,15.95,1200.00,18.30,848.50,24.39,5.42,1.73,17.64,21.28,35.91,42.80,2.90,0.00,0.00,1.00,1.00,0.05,
106.53,29.57,Rice,15.95,1200.00,18.30,848.50,24.39,5.42,1.73,17.64,21.28,35.91,42.80,2.90,0.00,1.00,1.00,1.00,0.17,
106.53,29.57,Rice,15.95,1200.00,18.30,848.50,24.39,5.42,1.73,17.64,21.28,35.91,42.80,2.90,0.00,0.00,1.00,1.00,0.12,
106.53,29.57,Other crops,15.95,1200.00,18.30,848.50,24.39,5.42,1.73,17.64,21.28,35.91,42.80,2.90,0.00,1.00,1.00,1.00,0.03,
106.53,29.57,Other crops,15.95,1200.00,18.30,848.50,24.39,5.42,1.73,17.64,21.28,35.91,42.80,2.90,0.00,0.00,1.00,1.00,0.02,
106.43,30.43,Other crops,18.57,1105.40,18.30,830.85,18.85,5.89,1.75,16.12,23.14,36.63,40.23,15.00,1.00,1.00,1.00,1.00,0.66,
106.43,30.43,Maize,18.57,1105.40,18.30,830.85,18.85,5.89,1.75,16.12,23.14,36.63,40.23,15.00,1.00,1.00,1.00,1.00,1.60,
106.43,30.43,Maize,18.57,1105.40,18.30,830.85,18.85,5.89,1.75,16.12,23.14,36.63,40.23,15.00,1.00,1.00,1.00,1.00,0.78,
106.43,30.43,Maize,18.57,1105.40,18.30,830.85,18.85,5.89,1.75,16.12,23.14,36.63,40.23,15.00,1.00,1.00,1.00,1.00,0.49,
106.43,30.43,Rice,29.00,1115.30,18.30,830.85,13.05,6.80,1.75,23.46,23.14,36.63,40.23,0.95,0.00,0.00,1.00,1.00,0.52,
106.43,30.43,Rice,29.00,1115.30,18.30,830.85,13.05,6.80,1.75,23.46,23.14,36.63,40.23,0.95,0.00,0.50,1.00,1.00,1.68,
106.43,30.43,Rice,29.00,1115.30,18.30,830.85,13.05,6.80,1.75,23.46,23.14,36.63,40.23,0.95,0.00,1.00,1.00,1.00,2.09,
106.43,30.43,Rice,29.00,1115.30,18.30,830.85,13.05,6.80,1.75,23.46,23.14,36.63,40.23,0.95,0.00,2.00,1.00,1.00,3.20,
106.43,30.43,Rice,29.00,1115.30,18.30,830.85,13.05,6.80,1.75,23.46,23.14,36.63,40.23,0.95,0.00,1.00,1.00,1.00,1.74,
106.43,30.43,Rice,29.00,1115.30,18.30,830.85,13.05,6.80,1.75,23.46,23.14,36.63,40.23,0.95,0.00,1.00,1.00,1.00,2.37,
106.41,29.81,Wheat,18.29,1100.00,18.30,841.50,5.08,8.16,1.74,13.95,22.57,38.15,39.28,15.00,0.00,0.00,1.00,1.00,0.05,
106.41,29.81,Maize,18.29,1100.00,18.30,841.50,5.08,8.16,1.74,13.95,22.57,38.15,39.28,15.00,0.00,0.00,1.00,1.00,0.05,
106.41,29.81,Wheat,18.29,1100.00,18.30,841.50,5.08,8.16,1.74,13.95,22.57,38.15,39.28,15.00,0.00,1.00,1.00,1.00,0.07,
106.41,29.81,Maize,18.29,1100.00,18.30,841.50,5.08,8.16,1.74,13.95,22.57,38.15,39.28,15.00,0.00,1.00,1.00,1.00,0.07,
106.41,29.81,Wheat,18.29,1100.00,18.30,841.50,5.08,8.16,1.74,13.95,22.57,38.15,39.28,15.00,0.00,1.00,1.00,1.00,0.08,
106.41,29.81,Maize,18.29,1100.00,18.30,841.50,5.08,8.16,1.74,13.95,22.57,38.15,39.28,15.00,0.00,1.00,1.00,1.00,0.08,
106.41,29.81,Wheat,18.29,1100.00,18.30,841.50,5.08,8.16,1.74,13.95,22.57,38.15,39.28,15.00,0.00,1.50,1.00,1.00,0.12,
106.41,29.81,Maize,18.29,1100.00,18.30,841.50,5.08,8.16,1.74,13.95,22.57,38.15,39.28,15.00,0.00,1.50,1.00,1.00,0.12,
106.41,29.81,Wheat,18.29,1100.00,18.30,841.50,5.08,8.16,1.74,13.95,22.57,38.15,39.28,15.00,0.00,1.00,1.00,1.00,0.08,
106.41,29.81,Maize,18.29,1100.00,18.30,841.50,5.08,8.16,1.74,13.95,22.57,38.15,39.28,15.00,0.00,1.00,1.00,1.00,0.08,
106.41,29.81,Maize,3.90,1100.00,18.30,841.50,3.45,8.16,1.74,13.95,22.57,38.15,39.28,15.00,0.00,0.00,0.00,0.00,0.02,
106.41,29.81,Maize,3.90,1100.00,18.30,841.50,3.45,8.16,1.74,13.95,22.57,38.15,39.28,15.00,0.00,0.99,1.00,1.00,0.04,
106.41,29.81,Maize,3.90,1100.00,18.30,841.50,3.45,8.16,1.74,13.95,22.57,38.15,39.28,15.00,0.00,1.00,1.00,1.00,0.09,
106.41,29.81,Maize,3.90,1100.00,18.30,841.50,3.45,8.16,1.74,13.95,22.57,38.15,39.28,15.00,0.00,1.44,1.00,1.00,0.16,
106.41,29.81,Maize,3.90,1100.00,18.30,841.50,3.45,8.16,1.74,13.95,22.57,38.15,39.28,15.00,0.00,1.00,1.00,1.00,0.03,
105.45,31.27,Maize,4.16,826.00,17.30,820.67,4.97,7.52,1.77,15.76,24.21,33.25,42.54,65.00,0.00,1.00,1.00,1.00,0.01,
105.45,31.27,Maize,4.16,826.00,17.30,820.67,4.97,7.52,1.77,15.76,24.21,33.25,42.54,65.00,0.00,1.00,1.00,1.00,0.10,
105.45,31.27,Maize,4.16,826.00,17.30,820.67,4.97,7.52,1.77,15.76,24.21,33.25,42.54,65.00,0.00,1.00,1.00,1.00,0.10,
105.45,31.27,Maize,4.16,826.00,17.30,820.67,4.97,7.52,1.77,15.76,24.21,33.25,42.54,65.00,0.00,1.00,1.00,1.00,0.06,
105.45,31.27,Maize,4.16,826.00,17.30,820.67,4.97,7.52,1.77,15.76,24.21,33.25,42.54,65.00,0.00,1.00,1.00,1.00,0.05,
105.45,31.27,Maize,4.16,826.00,17.30,820.67,4.97,7.52,1.77,15.76,24.21,33.25,42.54,65.00,0.00,1.00,1.00,1.00,0.08,
105.45,31.27,Maize,4.16,826.00,17.30,820.67,4.97,7.52,1.77,15.76,24.21,33.25,42.54,65.00,0.00,1.00,1.00,1.00,0.10,
105.45,31.27,Maize,4.16,826.00,17.30,820.67,4.97,7.52,1.77,15.76,24.21,33.25,42.54,65.00,0.00,1.00,1.00,1.00,0.06,
105.45,31.27,Maize,4.16,826.00,17.30,820.67,4.97,7.52,1.77,15.76,24.21,33.25,42.54,65.00,0.00,1.00,1.00,1.00,0.04,
105.45,31.27,Maize,4.16,826.00,17.30,820.67,4.97,7.52,1.77,15.76,24.21,33.25,42.54,65.00,0.00,1.00,1.00,1.00,0.11,
105.45,31.27,Maize,4.16,826.00,17.30,820.67,4.97,7.52,1.77,15.76,24.21,33.25,42.54,65.00,0.00,1.00,1.00,1.00,0.23,
105.45,31.27,Maize,4.16,826.00,17.30,820.67,4.97,7.52,1.77,15.76,24.21,33.25,42.54,65.00,0.00,1.00,1.00,1.00,0.05,
105.45,31.27,Maize,4.16,826.00,17.30,820.67,4.97,7.52,1.77,15.76,24.21,33.25,42.54,65.00,0.00,1.00,1.00,1.00,0.05,
106.43,30.43,Other crops,57.71,1105.40,18.30,830.85,8.68,6.29,1.45,16.12,23.14,36.63,40.23,15.00,1.00,1.00,1.00,1.00,0.02,
106.43,30.43,Other crops,57.71,1105.40,18.30,830.85,8.68,6.29,1.45,16.12,23.14,36.63,40.23,15.00,1.00,1.00,1.00,1.00,0.02,
106.43,30.43,Other crops,57.71,1105.40,18.30,830.85,8.68,6.29,1.45,16.12,23.14,36.63,40.23,15.00,1.00,1.00,1.00,1.00,0.02,
106.43,30.43,Other crops,57.71,1105.40,18.30,830.85,8.68,6.29,1.45,16.12,23.14,36.63,40.23,15.00,1.00,1.00,1.00,1.00,0.02,
106.43,30.43,Other crops,57.71,1105.40,18.30,830.85,8.68,6.29,1.45,16.12,23.14,36.63,40.23,15.00,1.00,1.00,1.00,1.00,0.02,
106.43,30.43,Other crops,57.71,1105.40,18.30,830.85,8.68,6.29,1.45,16.12,23.14,36.63,40.23,15.00,1.00,1.00,1.00,1.00,0.01,
106.43,30.43,Maize,57.71,1105.40,18.30,830.85,8.68,6.29,1.45,16.12,23.14,36.63,40.23,15.00,1.00,1.00,1.00,1.00,0.31,
106.43,30.43,Maize,57.71,1105.40,18.30,830.85,8.68,6.29,1.45,16.12,23.14,36.63,40.23,15.00,1.00,1.00,1.00,1.00,0.27,
106.43,30.43,Maize,57.71,1105.40,18.30,830.85,8.68,6.29,1.45,16.12,23.14,36.63,40.23,15.00,1.00,1.00,1.00,1.00,0.25,
106.43,30.43,Maize,57.71,1105.40,18.30,830.85,8.68,6.29,1.45,16.12,23.14,36.63,40.23,15.00,1.00,1.00,1.00,1.00,0.15,
106.43,30.43,Other crops,57.71,1105.40,18.30,830.85,8.68,6.29,1.45,16.12,23.14,36.63,40.23,15.00,1.00,1.00,1.00,1.00,0.05,
106.43,30.43,Other crops,57.71,1105.40,18.30,830.85,8.68,6.29,1.45,16.12,23.14,36.63,40.23,15.00,1.00,1.00,1.00,1.00,0.18,
106.43,30.43,Other crops,57.71,1105.40,18.30,830.85,8.68,6.29,1.45,16.12,23.14,36.63,40.23,15.00,1.00,1.00,1.00,1.00,0.23,
106.43,30.43,Other crops,57.71,1105.40,18.30,830.85,8.68,6.29,1.45,16.12,23.14,36.63,40.23,15.00,1.00,1.00,1.00,1.00,0.07,
120.73,30.44,Other crops,23.40,1352.49,17.69,977.95,5.74,8.75,1.76,13.57,23.87,38.65,37.48,0.11,0.00,2.07,1.00,1.00,5.36,
120.73,30.44,Other crops,23.40,1352.49,17.69,977.95,5.74,8.75,1.76,13.57,23.87,38.65,37.48,0.11,0.00,2.07,1.00,1.00,5.36,
120.73,30.44,Other crops,23.40,1352.49,17.69,977.95,5.74,8.75,1.76,13.57,23.87,38.65,37.48,0.11,0.00,2.07,1.00,1.00,5.36,
120.73,30.44,Other crops,23.40,1352.49,17.69,977.95,5.74,8.75,1.76,13.57,23.87,38.65,37.48,0.11,0.00,1.00,1.00,1.00,4.14,
120.73,30.44,Other crops,23.40,1352.49,17.69,977.95,5.74,8.75,1.76,13.57,23.87,38.65,37.48,0.11,0.00,1.00,1.00,1.00,4.14,
120.73,30.44,Other crops,23.40,1352.49,17.69,977.95,5.74,8.75,1.76,13.57,23.87,38.65,37.48,0.11,0.00,1.00,1.00,1.00,4.14,
120.73,30.44,Other crops,23.40,1352.49,17.69,977.95,5.74,8.75,1.76,13.57,23.87,38.65,37.48,0.11,0.00,1.00,1.00,1.00,3.88,
120.73,30.44,Other crops,23.40,1352.49,17.69,977.95,5.74,8.75,1.76,13.57,23.87,38.65,37.48,0.11,0.00,1.00,1.00,1.00,3.88,
120.73,30.44,Other crops,23.40,1352.49,17.69,977.95,5.74,8.75,1.76,13.57,23.87,38.65,37.48,0.11,0.00,1.00,1.00,1.00,3.88,
111.81,30.66,Other crops,22.30,1000.00,16.40,935.47,13.05,6.58,1.75,14.56,39.72,48.49,11.79,1.14,0.00,1.00,1.00,1.00,0.67,
111.81,30.66,Other crops,22.30,1000.00,16.40,935.47,13.05,6.58,1.75,14.56,39.72,48.49,11.79,1.14,0.00,1.00,1.00,1.00,0.59,
111.81,30.66,Other crops,22.30,1000.00,16.40,935.47,13.05,6.58,1.75,14.56,39.72,48.49,11.79,1.14,0.00,1.00,1.00,1.00,0.68,
111.81,30.66,Other crops,22.30,1000.00,16.40,935.47,13.05,6.58,1.75,14.56,39.72,48.49,11.79,1.14,0.00,1.00,1.00,1.00,0.65,
116.84,28.20,Rice,37.99,1914.21,18.97,1042.11,14.79,5.67,1.74,10.17,21.78,32.17,46.04,0.71,0.00,0.00,0.00,0.00,5.40,
116.84,28.20,Rice,37.99,1914.21,18.97,1042.11,18.90,6.56,1.74,10.17,21.78,32.17,46.04,0.71,0.00,0.00,0.00,0.00,5.40,
116.84,28.20,Rice,37.99,1914.21,18.97,1042.11,18.90,6.56,1.74,10.17,21.78,32.17,46.04,0.71,0.00,1.00,1.00,1.00,7.80,
116.84,28.20,Rice,37.99,1914.21,18.97,1042.11,6.93,6.30,1.74,10.17,21.78,32.17,46.04,0.71,0.00,0.00,0.00,0.00,5.40,
116.84,28.20,Rice,37.99,1914.21,18.97,1042.11,6.93,6.30,1.74,10.17,21.78,32.17,46.04,0.71,0.00,1.00,1.00,1.00,7.80,
116.84,28.20,Rice,37.99,1914.21,18.97,1042.11,8.52,6.37,1.74,10.17,21.78,32.17,46.04,0.71,0.00,0.00,0.00,0.00,2.90,
116.84,28.20,Rice,37.99,1914.21,18.97,1042.11,8.52,6.37,1.74,10.17,21.78,32.17,46.04,0.71,0.00,1.00,1.00,1.00,4.70,
116.84,28.20,Rice,37.99,1914.21,18.97,1042.11,2.13,4.83,1.74,10.17,21.78,32.17,46.04,0.71,0.00,1.00,1.00,1.00,4.70,
116.84,28.20,Other crops,37.99,1914.21,18.97,1042.11,14.62,6.71,1.74,10.17,21.78,32.17,46.04,0.71,0.00,0.00,0.00,0.00,8.80,
116.84,28.20,Other crops,37.99,1914.21,18.97,1042.11,5.82,5.38,1.74,10.17,21.78,32.17,46.04,0.71,0.00,0.00,0.00,0.00,8.80,
116.84,28.20,Other crops,37.99,1914.21,18.97,1042.11,8.05,6.42,1.74,10.17,21.78,32.17,46.04,0.71,0.00,0.00,0.00,0.00,6.00,
116.84,28.20,Other crops,37.99,1914.21,18.97,1042.11,11.14,6.01,1.74,10.17,21.78,32.17,46.04,0.71,0.00,0.00,1.00,1.00,6.00,
116.84,28.20,Other crops,37.99,1914.21,18.97,1042.11,11.14,6.01,1.74,10.17,21.78,32.17,46.04,0.71,0.00,1.00,1.00,1.00,11.70,
116.84,28.20,Other crops,37.99,1914.21,18.97,1042.11,18.27,5.72,1.74,10.17,21.78,32.17,46.04,0.71,0.00,0.00,1.00,1.00,8.00,
116.84,28.20,Other crops,37.99,1914.21,18.97,1042.11,21.01,4.94,1.74,10.17,21.78,32.17,46.04,0.71,0.00,0.00,1.00,1.00,7.00,
104.69,31.54,Rice,21.17,958.49,16.25,801.23,14.21,5.86,1.31,11.35,44.78,32.64,22.58,1.19,0.00,0.00,1.00,1.00,0.10,
104.69,31.54,Rice,21.17,958.49,16.25,801.23,14.21,5.86,1.31,11.35,44.78,32.64,22.58,1.19,0.00,1.00,1.00,1.00,0.25,
104.69,31.54,Rice,21.17,958.49,16.25,801.23,14.21,5.86,1.31,11.35,44.78,32.64,22.58,1.19,0.00,1.00,1.00,1.00,0.23,
104.69,31.54,Rice,21.17,958.49,16.25,801.23,14.21,5.86,1.31,11.35,44.78,32.64,22.58,1.19,0.00,1.00,1.00,1.00,0.24,
119.31,26.06,Other crops,5.54,1016.00,19.80,1042.74,14.08,6.01,1.76,12.66,23.44,34.66,41.90,23.00,0.00,1.00,1.00,1.00,0.08,
119.31,26.06,Other crops,5.54,1016.00,19.80,1042.74,14.08,6.01,1.76,12.66,23.44,34.66,41.90,23.00,0.00,1.00,1.00,1.00,0.04,
119.31,26.06,Other crops,5.54,1016.00,19.80,1042.74,14.08,6.01,1.76,12.66,23.44,34.66,41.90,23.00,0.00,1.00,1.00,1.00,2.18,
119.31,26.06,Other crops,5.54,1016.00,19.80,1042.74,14.08,6.01,1.76,12.66,23.44,34.66,41.90,23.00,0.00,1.00,1.00,1.00,0.22,
119.31,26.06,Other crops,5.54,1016.00,19.80,1042.74,14.08,6.01,1.76,12.66,23.44,34.66,41.90,23.00,0.00,1.00,1.00,1.00,0.89,
119.31,26.06,Other crops,5.54,1656.00,19.80,1042.74,14.08,6.01,1.76,12.66,23.44,34.66,41.90,23.00,0.00,1.00,1.00,1.00,1.26,
119.31,26.06,Other crops,5.54,1656.00,19.80,1042.74,14.08,6.01,1.76,12.66,23.44,34.66,41.90,23.00,0.00,1.00,1.00,1.00,3.25,
119.31,26.06,Other crops,5.54,1656.00,19.80,1042.74,14.08,6.01,1.76,12.66,23.44,34.66,41.90,23.00,0.00,1.00,1.00,1.00,6.16,
119.31,26.06,Other crops,5.54,1818.30,19.80,1042.74,14.08,6.01,1.76,12.66,23.44,34.66,41.90,23.00,0.00,1.00,1.00,1.00,0.16,
119.31,26.06,Other crops,5.54,1818.30,19.80,1042.74,14.08,6.01,1.76,12.66,23.44,34.66,41.90,23.00,0.00,1.00,1.00,1.00,0.06,
119.31,26.06,Other crops,5.54,1818.30,19.80,1042.74,14.08,6.01,1.76,12.66,23.44,34.66,41.90,23.00,0.00,1.00,1.00,1.00,0.66,
119.31,26.06,Other crops,5.54,1818.30,19.80,1042.74,14.08,6.01,1.76,12.66,23.44,34.66,41.90,23.00,0.00,1.00,1.00,1.00,0.23,
119.31,26.06,Other crops,5.54,1818.30,19.80,1042.74,14.08,6.01,1.76,12.66,23.44,34.66,41.90,23.00,0.00,1.00,1.00,1.00,0.55,
118.60,33.19,Wheat,22.41,925.50,14.80,1592.20,14.14,8.40,1.72,13.11,21.05,34.71,44.24,0.04,0.00,1.00,1.00,1.00,0.05,
118.60,33.19,Wheat,22.41,925.50,14.80,1592.20,14.14,8.40,1.72,13.11,21.05,34.71,44.24,0.04,0.00,1.00,1.00,1.00,0.05,
118.60,33.19,Wheat,22.41,925.50,14.80,1592.20,14.14,8.40,1.72,13.11,21.05,34.71,44.24,0.04,0.00,1.00,1.00,1.00,0.05,
118.60,33.19,Rice,22.41,925.50,14.80,1592.20,14.14,8.40,1.72,13.11,21.05,34.71,44.24,0.04,0.00,1.00,1.00,1.00,0.89,
118.60,33.19,Rice,22.41,925.50,14.80,1592.20,14.14,8.40,1.72,13.11,21.05,34.71,44.24,0.04,0.00,1.00,1.00,1.00,0.89,
118.60,33.19,Rice,22.41,925.50,14.80,1592.20,14.14,8.40,1.72,13.11,21.05,34.71,44.24,0.04,0.00,1.00,1.00,1.00,0.89,
106.19,29.94,Rice,12.10,1107.90,18.10,837.14,17.87,7.64,1.74,16.68,22.21,36.44,41.35,1.89,0.00,0.86,1.00,1.00,0.09,
106.19,29.94,Rice,12.10,1107.90,18.10,837.14,17.87,7.64,1.74,16.68,22.21,36.44,41.35,1.89,0.00,0.86,1.00,1.00,0.08,
106.19,29.94,Rice,12.10,1107.90,18.10,837.14,17.87,7.64,1.74,16.68,22.21,36.44,41.35,1.89,0.00,0.33,1.00,1.00,0.08,
106.19,29.94,Rice,12.10,1107.90,18.10,837.14,17.87,7.64,1.74,16.68,22.21,36.44,41.35,1.89,0.00,0.33,1.00,1.00,0.08,
106.19,29.94,Rice,12.10,1107.90,18.10,837.14,17.87,7.64,1.74,16.68,22.21,36.44,41.35,1.89,0.00,0.67,1.00,1.00,0.08,
106.19,29.94,Rice,12.10,1107.90,18.10,837.14,17.87,7.64,1.74,16.68,22.21,36.44,41.35,1.89,0.00,0.67,1.00,1.00,0.08,
106.19,29.94,Rice,12.10,1107.90,18.10,837.14,17.87,7.64,1.74,16.68,22.21,36.44,41.35,1.89,0.00,1.00,1.00,1.00,0.09,
106.19,29.94,Rice,12.10,1107.90,18.10,837.14,17.87,7.64,1.74,16.68,22.21,36.44,41.35,1.89,0.00,1.00,1.00,1.00,0.08,
106.19,29.94,Rice,12.10,1107.90,18.10,837.14,17.87,7.64,1.74,16.68,22.21,36.44,41.35,1.89,0.00,0.44,1.00,1.00,0.18,
106.19,29.94,Rice,12.10,1107.90,18.10,837.14,17.87,7.64,1.74,16.68,22.21,36.44,41.35,1.89,0.00,0.44,1.00,1.00,0.12,
106.19,29.94,Rice,12.10,1107.90,18.10,837.14,17.87,7.64,1.74,16.68,22.21,36.44,41.35,1.89,0.00,0.44,1.00,1.00,0.07,
106.19,29.94,Rice,12.10,1107.90,18.10,837.14,17.87,7.64,1.74,16.68,22.21,36.44,41.35,1.89,0.00,0.44,1.00,1.00,0.03,
106.19,29.94,Rice,12.10,1107.90,18.10,837.14,17.87,7.64,1.74,16.68,22.21,36.44,41.35,1.89,0.00,0.67,1.00,1.00,0.18,
106.19,29.94,Rice,12.10,1107.90,18.10,837.14,17.87,7.64,1.74,16.68,22.21,36.44,41.35,1.89,0.00,0.67,1.00,1.00,0.12,
106.19,29.94,Rice,12.10,1107.90,18.10,837.14,17.87,7.64,1.74,16.68,22.21,36.44,41.35,1.89,0.00,0.67,1.00,1.00,0.08,
106.19,29.94,Rice,12.10,1107.90,18.10,837.14,17.87,7.64,1.74,16.68,22.21,36.44,41.35,1.89,0.00,0.67,1.00,1.00,0.03,
106.19,29.94,Rice,12.10,1107.90,18.10,837.14,17.87,7.64,1.74,16.68,22.21,36.44,41.35,1.89,0.00,1.00,1.00,1.00,0.18,
106.19,29.94,Rice,12.10,1107.90,18.10,837.14,17.87,7.64,1.74,16.68,22.21,36.44,41.35,1.89,0.00,1.00,1.00,1.00,0.12,
106.19,29.94,Rice,12.10,1107.90,18.10,837.14,17.87,7.64,1.74,16.68,22.21,36.44,41.35,1.89,0.00,1.00,1.00,1.00,0.08,
106.19,29.94,Rice,12.10,1107.90,18.10,837.14,17.87,7.64,1.74,16.68,22.21,36.44,41.35,1.89,0.00,1.00,1.00,1.00,0.03,
106.19,29.94,Rice,12.10,1107.90,18.10,837.14,17.87,7.64,1.74,16.68,22.21,36.44,41.35,1.89,0.00,0.33,1.00,1.00,0.16,
106.19,29.94,Rice,12.10,1107.90,18.10,837.14,17.87,7.64,1.74,16.68,22.21,36.44,41.35,1.89,0.00,0.33,1.00,1.00,0.11,
106.19,29.94,Rice,12.10,1107.90,18.10,837.14,17.87,7.64,1.74,16.68,22.21,36.44,41.35,1.89,0.00,0.33,1.00,1.00,0.07,
106.19,29.94,Rice,12.10,1107.90,18.10,837.14,17.87,7.64,1.74,16.68,22.21,36.44,41.35,1.89,0.00,0.33,1.00,1.00,0.03,
106.19,29.94,Rice,12.10,1107.90,18.10,837.14,17.87,7.64,1.74,16.68,22.21,36.44,41.35,1.89,0.00,0.67,1.00,1.00,0.18,
106.19,29.94,Rice,12.10,1107.90,18.10,837.14,17.87,7.64,1.74,16.68,22.21,36.44,41.35,1.89,0.00,0.67,1.00,1.00,0.12,
106.19,29.94,Rice,12.10,1107.90,18.10,837.14,17.87,7.64,1.74,16.68,22.21,36.44,41.35,1.89,0.00,0.67,1.00,1.00,0.08,
106.19,29.94,Rice,12.10,1107.90,18.10,837.14,17.87,7.64,1.74,16.68,22.21,36.44,41.35,1.89,0.00,0.67,1.00,1.00,0.03,
106.19,29.94,Rice,12.10,1107.90,18.10,837.14,17.87,7.64,1.74,16.68,22.21,36.44,41.35,1.89,0.00,1.00,1.00,1.00,0.16,
106.19,29.94,Rice,12.10,1107.90,18.10,837.14,17.87,7.64,1.74,16.68,22.21,36.44,41.35,1.89,0.00,1.00,1.00,1.00,0.11,
106.19,29.94,Rice,12.10,1107.90,18.10,837.14,17.87,7.64,1.74,16.68,22.21,36.44,41.35,1.89,0.00,1.00,1.00,1.00,0.07,
106.19,29.94,Rice,12.10,1107.90,18.10,837.14,17.87,7.64,1.74,16.68,22.21,36.44,41.35,1.89,0.00,1.00,1.00,1.00,0.03,
106.19,29.94,Rice,12.10,1107.90,18.10,837.14,17.87,7.64,1.74,16.68,22.21,36.44,41.35,1.89,0.00,1.00,1.00,1.00,0.16,
106.19,29.94,Rice,12.10,1107.90,18.10,837.14,17.87,7.64,1.74,16.68,22.21,36.44,41.35,1.89,0.00,1.00,1.00,1.00,0.11,
106.19,29.94,Rice,12.10,1107.90,18.10,837.14,17.87,7.64,1.74,16.68,22.21,36.44,41.35,1.89,0.00,1.00,1.00,1.00,0.07,
106.19,29.94,Rice,12.10,1107.90,18.10,837.14,17.87,7.64,1.74,16.68,22.21,36.44,41.35,1.89,0.00,1.00,1.00,1.00,0.03,
107.06,26.98,Maize,3.98,1150.00,15.10,833.01,22.34,4.94,1.73,14.06,21.51,38.23,40.26,20.00,0.00,1.00,1.00,1.00,0.42,
107.06,26.98,Maize,3.98,1150.00,15.10,833.01,22.34,4.94,1.73,14.06,21.51,38.23,40.26,20.00,0.00,1.00,1.00,1.00,0.24,
107.06,26.98,Maize,3.98,1150.00,15.10,833.01,22.34,4.94,1.73,14.06,21.51,38.23,40.26,20.00,0.00,1.00,1.00,1.00,0.12,
107.06,26.98,Maize,3.98,1150.00,15.10,833.01,22.34,4.94,1.73,14.06,21.51,38.23,40.26,20.00,0.00,1.00,1.00,1.00,0.11,
119.94,30.91,Rice,12.51,1240.00,15.60,965.55,14.30,6.73,1.77,23.00,54.90,15.00,30.10,0.72,0.00,0.00,0.00,0.00,0.32,
119.94,30.91,Rice,12.51,1240.00,15.60,965.55,14.30,6.73,1.77,23.00,54.90,15.00,30.10,0.72,0.00,1.06,1.00,1.00,1.06,
119.94,30.91,Rice,12.51,1240.00,15.60,965.55,14.30,6.73,1.77,23.00,54.90,15.00,30.10,0.72,0.00,1.00,1.00,1.00,0.94,
119.94,30.91,Rice,12.51,1240.00,15.60,965.55,14.30,6.73,1.77,23.00,54.90,15.00,30.10,0.72,0.00,0.95,1.00,1.00,0.96,
112.62,30.38,Rice,8.49,1200.00,16.00,959.90,9.05,8.11,1.77,14.51,24.01,37.75,38.24,0.04,0.00,0.00,1.00,1.00,0.16,
112.62,30.38,Rice,8.49,1200.00,16.00,959.90,9.05,8.11,1.77,14.51,24.01,37.75,38.24,0.04,0.00,1.00,1.00,1.00,0.36,
112.62,30.38,Wheat,8.49,1200.00,16.00,959.90,9.05,8.11,1.77,14.51,24.01,37.75,38.24,0.04,0.00,0.00,1.00,1.00,0.17,
112.62,30.38,Wheat,8.49,1200.00,16.00,959.90,9.05,8.11,1.77,14.51,24.01,37.75,38.24,0.04,0.00,1.00,1.00,1.00,0.18,
112.62,30.38,Rice,8.49,1200.00,16.00,959.90,9.05,8.11,1.77,14.51,24.01,37.75,38.24,0.04,0.00,0.00,1.00,1.00,0.35,
112.62,30.38,Rice,8.49,1200.00,16.00,959.90,9.05,8.11,1.77,14.51,24.01,37.75,38.24,0.04,0.00,1.00,1.00,1.00,0.35,
112.62,30.38,Wheat,8.49,1200.00,16.00,959.90,9.05,8.11,1.77,14.51,24.01,37.75,38.24,0.04,0.00,0.00,1.00,1.00,0.52,
112.62,30.38,Wheat,8.49,1200.00,16.00,959.90,9.05,8.11,1.77,14.51,24.01,37.75,38.24,0.04,0.00,1.00,1.00,1.00,0.47,
112.62,30.38,Rice,8.49,1200.00,16.00,959.90,9.05,8.11,1.77,14.51,24.01,37.75,38.24,0.04,0.00,0.00,1.00,1.00,0.25,
112.62,30.38,Rice,8.49,1200.00,16.00,959.90,9.05,8.11,1.77,14.51,24.01,37.75,38.24,0.04,0.00,1.00,1.00,1.00,0.46,
112.62,30.38,Wheat,8.49,1200.00,16.00,959.90,9.05,8.11,1.77,14.51,24.01,37.75,38.24,0.04,0.00,0.00,1.00,1.00,0.48,
112.62,30.38,Wheat,8.49,1200.00,16.00,959.90,9.05,8.11,1.77,14.51,24.01,37.75,38.24,0.04,0.00,1.00,1.00,1.00,0.52,
115.97,28.43,Rice,7.67,1620.00,19.02,1069.90,21.57,5.14,1.78,14.92,24.92,36.90,38.18,0.27,0.00,0.72,1.00,1.00,1.45,
115.97,28.43,Rice,7.67,1620.00,19.02,1069.90,21.57,5.14,1.78,14.92,24.92,36.90,38.18,0.27,0.00,0.72,1.00,1.00,1.61,
115.97,28.43,Rice,7.67,1620.00,19.02,1069.90,21.57,5.14,1.78,14.92,24.92,36.90,38.18,0.27,0.00,1.00,1.00,1.00,1.41,
115.97,28.43,Rice,7.67,1620.00,19.02,1069.90,21.57,5.14,1.78,14.92,24.92,36.90,38.18,0.27,0.00,1.00,1.00,1.00,1.45,
115.97,28.43,Rice,7.67,1620.00,19.02,1069.90,21.57,5.14,1.78,14.92,24.92,36.90,38.18,0.27,0.00,1.00,1.00,1.00,1.61,
115.97,28.43,Rice,7.67,1620.00,19.02,1069.90,21.57,5.14,1.78,14.92,24.92,36.90,38.18,0.27,0.00,1.00,1.00,1.00,1.41,
116.84,28.22,Other crops,39.27,1912.96,18.98,1043.02,17.08,5.05,1.74,10.38,21.92,32.38,45.70,0.75,0.00,70.00,1.00,1.00,2.82,
116.84,28.22,Other crops,39.27,1912.96,18.98,1043.02,17.08,5.05,1.74,10.38,21.92,32.38,45.70,0.75,0.00,50.00,1.00,1.00,2.68,
116.84,28.22,Other crops,39.27,1912.96,18.98,1043.02,17.08,5.05,1.74,10.38,21.92,32.38,45.70,0.75,0.00,1.00,1.00,1.00,2.72,
116.84,28.22,Rice,39.27,1912.96,18.98,1043.02,17.08,5.05,1.74,10.38,21.92,32.38,45.70,0.75,0.00,1.34,1.00,1.00,2.82,
116.84,28.22,Rice,39.27,1912.96,18.98,1043.02,17.08,5.05,1.74,10.38,21.92,32.38,45.70,0.75,0.00,1.07,1.00,1.00,2.68,
116.84,28.22,Rice,39.27,1912.96,18.98,1043.02,17.08,5.05,1.74,10.38,21.92,32.38,45.70,0.75,0.00,1.00,1.00,1.00,2.72,
116.62,28.23,Other crops,6.36,1385.60,19.00,1046.74,10.49,4.76,1.75,12.10,23.07,34.10,42.83,0.98,1.00,0.67,1.00,1.00,0.31,
116.62,28.23,Other crops,6.36,1385.60,19.00,1046.74,10.49,4.76,1.75,12.10,23.07,34.10,42.83,0.98,1.00,1.00,1.00,1.00,0.27,
116.62,28.23,Other crops,6.36,1385.60,19.00,1046.74,10.49,4.76,1.75,12.10,23.07,34.10,42.83,0.98,1.00,1.00,1.00,1.00,0.27,
116.62,28.23,Other crops,6.36,1385.60,19.00,1046.74,10.49,4.76,1.75,12.10,23.07,34.10,42.83,0.98,1.00,0.91,1.00,1.00,0.31,
116.62,28.23,Other crops,6.36,1385.60,19.00,1046.74,10.49,4.76,1.75,12.10,23.07,34.10,42.83,0.98,1.00,1.00,1.00,1.00,0.27,
116.62,28.23,Other crops,6.36,1385.60,19.00,1046.74,10.49,4.76,1.75,12.10,23.07,34.10,42.83,0.98,1.00,1.00,1.00,1.00,0.27,
116.22,40.05,Maize,100.00,550.00,12.18,1090.14,9.22,7.43,1.70,13.38,19.25,34.55,46.21,2.00,0.00,0.00,1.00,1.00,0.21,
116.22,40.05,Maize,100.00,550.00,12.18,1090.14,9.22,7.43,1.70,13.38,19.25,34.55,46.21,2.00,0.00,1.00,1.00,1.00,0.33,
116.22,40.05,Maize,100.00,550.00,12.18,1090.14,9.22,7.43,1.70,13.38,19.25,34.55,46.21,2.00,0.00,1.00,1.00,1.00,0.25,
120.47,30.58,Other crops,62.76,1328.72,15.70,1454.00,13.63,5.73,1.75,12.66,23.13,39.81,37.06,0.05,1.00,0.00,1.00,1.00,0.21,
120.47,30.58,Other crops,62.76,1328.72,15.70,1454.00,13.63,5.73,1.75,12.66,23.13,39.81,37.06,0.05,1.00,1.18,1.00,1.00,0.68,
120.47,30.58,Other crops,62.76,1328.72,15.70,1454.00,13.63,5.73,1.75,12.66,23.13,39.81,37.06,0.05,1.00,1.00,1.00,1.00,0.62,
107.69,35.24,Other crops,14.51,579.00,9.20,899.49,9.33,7.93,1.21,15.68,27.92,37.10,34.98,0.50,0.00,1.00,1.00,1.00,1.26,
107.69,35.24,Other crops,14.51,579.00,9.20,899.49,9.33,7.93,1.21,15.68,27.92,37.10,34.98,0.50,0.00,1.00,1.00,1.00,3.62,
107.69,35.24,Wheat,10.01,579.00,9.20,899.49,8.67,7.95,1.28,15.68,27.31,37.28,35.41,0.50,0.00,1.00,1.00,1.00,1.00,
107.69,35.24,Other crops,10.01,579.00,9.20,899.49,8.67,7.95,1.28,15.68,27.31,37.28,35.41,0.50,0.00,1.00,1.00,1.00,1.26,
107.69,35.24,Other crops,7.87,579.00,9.20,899.49,8.07,7.96,1.27,15.68,27.78,37.42,34.80,0.50,0.00,1.00,1.00,1.00,3.62,
107.69,35.24,Other crops,7.87,579.00,9.20,899.49,8.07,7.96,1.27,15.68,27.78,37.42,34.80,0.50,0.00,1.00,1.00,1.00,1.00,
107.69,35.24,Other crops,10.85,579.00,9.20,899.49,7.78,8.08,1.25,15.68,28.08,39.04,32.88,0.50,0.00,1.00,1.00,1.00,1.26,
107.69,35.24,Other crops,10.85,579.00,9.20,899.49,7.78,8.08,1.25,15.68,28.08,39.04,32.88,0.50,0.00,1.00,1.00,1.00,3.62,
107.69,35.24,Other crops,13.19,579.00,9.20,899.49,8.28,7.96,1.24,15.68,27.75,37.35,34.90,0.50,0.00,1.00,1.00,1.00,1.00,
107.69,35.24,Other crops,13.19,579.00,9.20,899.49,8.28,7.96,1.24,15.68,27.75,37.35,34.90,0.50,0.00,1.00,1.00,1.00,1.26,
107.69,35.24,Other crops,7.91,579.00,9.20,899.49,8.15,7.79,1.48,15.68,26.63,36.77,36.60,0.50,0.00,1.00,1.00,1.00,3.62,
107.69,35.24,Wheat,7.91,579.00,9.20,899.49,8.15,7.79,1.48,15.68,26.63,36.77,36.60,0.50,0.00,1.00,1.00,1.00,1.00,
107.69,35.24,Wheat,7.57,579.00,9.20,899.49,9.03,7.77,1.29,15.68,26.30,37.76,35.94,0.50,0.00,1.00,1.00,1.00,0.43,
107.69,35.24,Wheat,7.57,579.00,9.20,899.49,9.03,7.77,1.29,15.68,26.30,37.76,35.94,0.50,0.00,1.00,1.00,1.00,0.43,
107.69,35.24,Wheat,11.46,579.00,9.20,899.49,8.85,7.72,1.38,15.68,26.90,39.42,33.68,1.00,0.00,1.00,1.00,1.00,0.71,
107.69,35.24,Wheat,11.46,579.00,9.20,899.49,8.85,7.72,1.38,15.68,26.90,39.42,33.68,1.00,0.00,1.00,1.00,1.00,0.71,
107.69,35.24,Wheat,9.38,579.00,9.20,899.49,8.10,7.74,1.30,15.68,25.29,36.29,38.42,3.00,0.00,1.00,1.00,1.00,0.77,
107.69,35.24,Wheat,9.38,579.00,9.20,899.49,8.10,7.74,1.30,15.68,25.29,36.29,38.42,3.00,0.00,1.00,1.00,1.00,0.77,
115.71,29.29,Other crops,24.12,1350.90,16.70,1069.30,8.64,6.67,1.33,10.05,16.06,65.60,18.34,10.00,0.00,1.00,1.00,1.00,0.36,
115.71,29.29,Other crops,24.12,1350.90,16.70,1069.30,8.64,6.67,1.33,10.05,16.06,65.60,18.34,10.00,0.00,1.00,1.00,1.00,0.30,
115.71,29.29,Other crops,24.12,1350.90,16.70,1069.30,8.64,6.67,1.33,10.05,16.06,65.60,18.34,10.00,0.00,1.00,1.00,1.00,0.27,
115.71,29.29,Other crops,24.12,1350.90,16.70,1069.30,8.64,6.67,1.33,10.05,16.06,65.60,18.34,10.00,0.00,1.00,1.00,1.00,0.15,
115.71,29.29,Other crops,24.12,1350.90,16.70,1069.30,8.64,6.67,1.33,10.05,16.06,65.60,18.34,10.00,0.00,1.00,1.00,1.00,0.03,
112.15,30.35,Rice,38.50,1095.00,16.50,946.00,13.80,7.40,1.77,14.96,24.53,37.45,38.02,0.14,1.00,1.00,1.00,1.00,0.35,
112.15,30.35,Rice,38.50,1095.00,16.50,946.00,13.80,7.40,1.77,14.96,24.53,37.45,38.02,0.14,1.00,1.00,1.00,1.00,0.35,
112.15,30.35,Rice,38.50,1095.00,16.50,946.00,13.80,7.40,1.77,14.96,24.53,37.45,38.02,0.14,1.00,1.00,1.00,1.00,0.32,
112.15,30.35,Rice,38.50,1095.00,16.50,946.00,13.80,7.40,1.77,14.96,24.53,37.45,38.02,0.14,1.00,1.00,1.00,1.00,0.21,
112.15,30.35,Rice,38.50,1095.00,16.50,946.00,13.80,7.40,1.77,14.96,24.53,37.45,38.02,0.14,1.00,1.00,1.00,1.00,0.18,
112.15,30.35,Rice,38.50,1095.00,16.50,946.00,13.80,7.40,1.77,14.96,24.53,37.45,38.02,0.14,1.00,1.00,1.00,1.00,0.13,
107.51,29.89,Other crops,27.20,1130.00,22.10,831.48,8.53,5.40,1.30,15.70,24.77,36.36,38.87,3.33,1.00,1.00,1.00,1.00,0.20,
107.51,29.89,Other crops,30.50,1130.00,22.10,831.48,8.18,7.60,1.28,15.70,24.77,36.36,38.87,3.33,1.00,1.00,1.00,1.00,0.11,
107.51,29.89,Other crops,30.50,1130.00,22.10,831.48,8.18,5.60,1.24,15.70,24.77,36.36,38.87,3.33,1.00,1.00,1.00,1.00,0.08,
107.51,29.89,Other crops,27.20,1130.00,22.10,831.48,8.53,5.40,1.26,15.70,24.77,36.36,38.87,3.33,1.00,1.00,1.00,1.00,0.06,
107.51,29.89,Other crops,27.20,1130.00,22.10,831.48,8.53,5.40,1.29,15.70,24.77,36.36,38.87,3.33,1.00,1.00,1.00,1.00,0.14,
107.51,29.89,Other crops,36.10,1130.00,22.10,831.48,8.53,6.10,1.24,15.70,24.77,36.36,38.87,3.33,1.00,1.00,1.00,1.00,0.24,
119.55,29.08,Rice,2.20,1667.18,17.50,975.24,11.50,7.20,1.77,132.80,21.10,39.80,39.10,0.87,0.00,0.00,1.00,1.00,0.12,
119.55,29.08,Rice,2.20,1667.18,17.50,975.24,11.50,7.20,1.77,132.80,21.10,39.80,39.10,0.87,0.00,1.00,1.00,1.00,0.95,
119.55,29.08,Rice,2.20,1667.18,17.50,975.24,11.50,7.20,1.77,132.80,21.10,39.80,39.10,0.87,0.00,1.00,1.00,1.00,0.76,
119.55,29.08,Rice,2.20,1667.18,17.50,975.24,11.50,7.20,1.77,132.80,21.10,39.80,39.10,0.87,0.00,1.00,1.00,1.00,0.64,
119.55,29.08,Rice,2.20,1667.18,17.50,975.24,11.50,7.20,1.77,132.80,21.10,39.80,39.10,0.87,0.00,0.00,1.00,1.00,0.08,
119.55,29.08,Rice,2.20,1667.18,17.50,975.24,11.50,7.20,1.77,132.80,21.10,39.80,39.10,0.87,0.00,1.00,1.00,1.00,1.34,
119.55,29.08,Rice,2.20,1667.18,17.50,975.24,11.50,7.20,1.77,132.80,21.10,39.80,39.10,0.87,0.00,1.00,1.00,1.00,1.10,
119.55,29.08,Rice,2.20,1667.18,17.50,975.24,11.50,7.20,1.77,132.80,21.10,39.80,39.10,0.87,0.00,1.00,1.00,1.00,0.71,
120.86,29.14,Rice,20.30,1660.28,17.10,930.57,5.20,6.70,1.81,164.80,31.30,30.00,38.70,2.44,0.00,0.00,1.00,1.00,0.10,
120.86,29.14,Rice,20.30,1660.28,17.10,930.57,5.20,6.70,1.81,164.80,31.30,30.00,38.70,2.44,0.00,1.00,1.00,1.00,0.79,
120.86,29.14,Rice,20.30,1660.28,17.10,930.57,5.20,6.70,1.81,164.80,31.30,30.00,38.70,2.44,0.00,1.00,1.00,1.00,0.91,
120.86,29.14,Rice,20.30,1660.28,17.10,930.57,5.20,6.70,1.81,164.80,31.30,30.00,38.70,2.44,0.00,1.00,1.00,1.00,0.61,
120.38,29.73,Other crops,9.00,1519.43,16.20,961.44,7.20,7.71,1.78,24.80,15.30,66.10,18.60,2.46,0.00,0.00,1.00,1.00,0.23,
120.38,29.73,Other crops,9.00,1519.43,16.20,961.44,7.20,7.71,1.78,24.80,15.30,66.10,18.60,2.46,0.00,1.00,1.00,1.00,6.40,
120.38,29.73,Other crops,9.00,1519.43,16.20,961.44,7.20,7.71,1.78,24.80,15.30,66.10,18.60,2.46,0.00,1.00,1.00,1.00,4.53,
120.38,29.73,Other crops,9.00,1519.43,16.20,961.44,7.20,7.71,1.78,24.80,15.30,66.10,18.60,2.46,0.00,0.00,1.00,1.00,0.13,
120.38,29.73,Other crops,9.00,1519.43,16.20,961.44,7.20,7.71,1.78,24.80,15.30,66.10,18.60,2.46,0.00,1.00,1.00,1.00,3.32,
120.38,29.73,Other crops,9.00,1519.43,16.20,961.44,7.20,7.71,1.78,24.80,15.30,66.10,18.60,2.46,0.00,1.00,1.00,1.00,3.01,
120.38,29.73,Other crops,9.00,1519.43,16.20,961.44,7.20,7.71,1.78,24.80,15.30,66.10,18.60,2.46,0.00,1.00,1.00,1.00,2.28,
120.38,29.73,Other crops,9.00,1519.43,16.20,961.44,7.20,7.71,1.78,24.80,15.30,66.10,18.60,2.46,0.00,0.00,1.00,1.00,0.10,
120.38,29.73,Other crops,9.00,1519.43,16.20,961.44,7.20,7.71,1.78,24.80,15.30,66.10,18.60,2.46,0.00,1.00,1.00,1.00,4.56,
120.38,29.73,Other crops,9.00,1519.43,16.20,961.44,7.20,7.71,1.78,24.80,15.30,66.10,18.60,2.46,0.00,1.00,1.00,1.00,3.48,
113.62,24.23,Rice,19.47,1900.00,21.07,1052.35,8.98,5.83,1.26,7.48,14.60,15.90,69.50,10.00,1.00,0.00,1.00,1.00,0.09,
113.62,24.23,Rice,19.47,1900.00,21.07,1052.35,8.98,5.83,1.26,7.48,14.60,15.90,69.50,10.00,1.00,1.00,1.00,1.00,0.30,
113.62,24.23,Rice,19.47,1900.00,21.07,1052.35,8.98,5.83,1.26,7.48,14.60,15.90,69.50,10.00,1.00,0.00,1.00,1.00,0.11,
113.62,24.23,Rice,19.47,1900.00,21.07,1052.35,8.98,5.83,1.26,7.48,14.60,15.90,69.50,10.00,1.00,1.00,1.00,1.00,0.31,
113.62,24.23,Rice,19.47,1900.00,21.07,1052.35,8.98,5.83,1.26,7.48,14.60,15.90,69.50,10.00,1.00,1.00,1.00,1.00,0.23,
113.62,24.23,Rice,19.47,1900.00,21.07,1052.35,8.98,5.83,1.26,7.48,14.60,15.90,69.50,10.00,1.00,1.00,1.00,1.00,0.26,
113.62,24.23,Rice,19.47,1900.00,21.07,1052.35,8.98,5.83,1.26,7.48,14.60,15.90,69.50,10.00,1.00,0.00,1.00,1.00,0.15,
113.62,24.23,Rice,19.47,1900.00,21.07,1052.35,8.98,5.83,1.26,7.48,14.60,15.90,69.50,10.00,1.00,1.00,1.00,1.00,0.62,
113.62,24.23,Rice,19.47,1900.00,21.07,1052.35,8.98,5.83,1.26,7.48,14.60,15.90,69.50,10.00,1.00,0.00,1.00,1.00,0.19,
113.62,24.23,Rice,19.47,1900.00,21.07,1052.35,8.98,5.83,1.26,7.48,14.60,15.90,69.50,10.00,1.00,1.00,1.00,1.00,0.68,
113.62,24.23,Rice,19.47,1900.00,21.07,1052.35,8.98,5.83,1.26,7.48,14.60,15.90,69.50,10.00,1.00,1.00,1.00,1.00,0.45,
113.62,24.23,Rice,19.47,1900.00,21.07,1052.35,8.98,5.83,1.26,7.48,14.60,15.90,69.50,10.00,1.00,1.00,1.00,1.00,0.38,
113.62,24.23,Maize,19.47,1900.00,21.07,1052.35,8.98,5.83,1.26,7.48,14.60,15.90,69.50,10.00,1.00,0.00,1.00,1.00,0.14,
113.62,24.23,Maize,19.47,1900.00,21.07,1052.35,8.98,5.83,1.26,7.48,14.60,15.90,69.50,10.00,1.00,1.00,1.00,1.00,0.46,
113.62,24.23,Maize,19.47,1900.00,21.07,1052.35,8.98,5.83,1.26,7.48,14.60,15.90,69.50,10.00,1.00,0.00,1.00,1.00,0.14,
113.62,24.23,Maize,19.47,1900.00,21.07,1052.35,8.98,5.83,1.26,7.48,14.60,15.90,69.50,10.00,1.00,1.00,1.00,1.00,0.44,
113.62,24.23,Maize,19.47,1900.00,21.07,1052.35,8.98,5.83,1.26,7.48,14.60,15.90,69.50,10.00,1.00,1.00,1.00,1.00,0.48,
113.62,24.23,Maize,19.47,1900.00,21.07,1052.35,8.98,5.83,1.26,7.48,14.60,15.90,69.50,10.00,1.00,1.00,1.00,1.00,0.29,
113.62,24.23,Maize,19.47,1900.00,21.07,1052.35,8.98,5.83,1.26,7.48,14.60,15.90,69.50,10.00,1.00,0.00,1.00,1.00,0.03,
113.62,24.23,Maize,19.47,1900.00,21.07,1052.35,8.98,5.83,1.26,7.48,14.60,15.90,69.50,10.00,1.00,1.00,1.00,1.00,0.06,
113.62,24.23,Maize,19.47,1900.00,21.07,1052.35,8.98,5.83,1.26,7.48,14.60,15.90,69.50,10.00,1.00,0.00,1.00,1.00,0.03,
113.62,24.23,Maize,19.47,1900.00,21.07,1052.35,8.98,5.83,1.26,7.48,14.60,15.90,69.50,10.00,1.00,1.00,1.00,1.00,0.07,
113.62,24.23,Maize,19.47,1900.00,21.07,1052.35,8.98,5.83,1.26,7.48,14.60,15.90,69.50,10.00,1.00,1.00,1.00,1.00,0.08,
113.62,24.23,Maize,19.47,1900.00,21.07,1052.35,8.98,5.83,1.26,7.48,14.60,15.90,69.50,10.00,1.00,1.00,1.00,1.00,0.02,
113.62,24.23,Maize,19.47,1900.00,21.07,1052.35,8.98,5.83,1.26,7.48,14.60,15.90,69.50,10.00,1.00,0.00,1.00,1.00,0.16,
113.62,24.23,Maize,19.47,1900.00,21.07,1052.35,8.98,5.83,1.26,7.48,14.60,15.90,69.50,10.00,1.00,1.00,1.00,1.00,0.64,
113.62,24.23,Maize,19.47,1900.00,21.07,1052.35,8.98,5.83,1.26,7.48,14.60,15.90,69.50,10.00,1.00,0.00,1.00,1.00,0.23,
113.62,24.23,Maize,19.47,1900.00,21.07,1052.35,8.98,5.83,1.26,7.48,14.60,15.90,69.50,10.00,1.00,1.00,1.00,1.00,0.71,
113.62,24.23,Maize,19.47,1900.00,21.07,1052.35,8.98,5.83,1.26,7.48,14.60,15.90,69.50,10.00,1.00,1.00,1.00,1.00,0.48,
113.62,24.23,Maize,19.47,1900.00,21.07,1052.35,8.98,5.83,1.26,7.48,14.60,15.90,69.50,10.00,1.00,1.00,1.00,1.00,0.37,
118.17,35.58,Other crops,27.98,757.00,13.40,1135.99,14.09,5.10,1.18,14.85,17.81,40.29,41.89,8.00,0.00,1.00,1.00,1.00,0.03,
118.17,35.58,Other crops,27.98,757.00,13.40,1135.99,14.09,5.10,1.18,14.85,17.81,40.29,41.89,8.00,0.00,1.00,1.00,1.00,0.03,
118.17,35.58,Other crops,27.98,757.00,13.40,1135.99,14.09,5.10,1.18,14.85,17.81,40.29,41.89,8.00,0.00,1.00,1.00,1.00,0.03,
120.10,31.50,Rice,32.66,1100.00,15.00,971.54,16.90,6.40,1.75,14.49,23.31,38.06,38.63,0.70,0.00,1.00,1.00,1.00,1.43,
120.10,31.50,Rice,11.82,1100.00,15.00,971.54,23.20,6.30,1.75,15.15,23.31,38.06,38.63,0.70,0.00,1.00,1.00,1.00,1.20,
120.10,31.50,Rice,8.73,1100.00,15.00,971.54,16.70,6.40,1.75,14.33,23.31,38.06,38.63,0.70,0.00,1.00,1.00,1.00,1.16,
120.10,31.50,Wheat,32.66,1100.00,15.00,971.54,16.90,6.40,1.75,14.49,23.31,38.06,38.63,0.70,0.00,1.00,1.00,1.00,1.13,
120.10,31.50,Wheat,11.82,1100.00,15.00,971.54,23.20,6.30,1.75,15.15,23.31,38.06,38.63,0.70,0.00,1.00,1.00,1.00,0.43,
120.10,31.50,Wheat,8.73,1100.00,15.00,971.54,16.70,6.40,1.75,14.33,23.31,38.06,38.63,0.70,0.00,1.00,1.00,1.00,0.60,
110.68,31.07,Other crops,15.94,1114.90,17.50,868.15,23.15,5.38,1.70,16.16,19.18,37.90,42.92,25.00,0.00,1.00,1.00,1.00,0.15,
110.68,31.07,Other crops,15.94,1114.90,17.50,868.15,23.15,5.38,1.70,16.16,19.18,37.90,42.92,25.00,0.00,1.00,1.00,1.00,0.09,
110.68,31.07,Other crops,15.94,1114.90,17.50,868.15,23.15,5.38,1.70,16.16,19.18,37.90,42.92,25.00,0.00,1.00,1.00,1.00,0.05,
110.68,31.07,Other crops,15.94,1114.90,17.50,868.15,23.15,5.38,1.70,16.16,19.18,37.90,42.92,25.00,0.00,1.00,1.00,1.00,0.07,
110.68,31.07,Other crops,15.94,1114.90,17.50,868.15,23.15,5.38,1.70,16.16,19.18,37.90,42.92,25.00,0.00,1.00,1.00,1.00,0.13,
110.68,31.07,Other crops,15.94,1114.90,17.50,868.15,23.15,5.38,1.70,16.16,19.18,37.90,42.92,25.00,0.00,1.00,1.00,1.00,0.09,
110.68,31.07,Other crops,15.94,1114.90,17.50,868.15,23.15,5.38,1.70,16.16,19.18,37.90,42.92,25.00,0.00,1.00,1.00,1.00,0.08,
110.68,31.07,Other crops,15.94,1114.90,17.50,868.15,23.15,5.38,1.70,16.16,19.18,37.90,42.92,25.00,0.00,1.00,1.00,1.00,0.06,
110.68,31.07,Other crops,15.94,1114.90,17.50,868.15,23.15,5.38,1.70,16.16,19.18,37.90,42.92,25.00,0.00,1.00,1.00,1.00,0.10,
110.68,31.07,Other crops,15.94,1114.90,17.50,868.15,23.15,5.38,1.70,16.16,19.18,37.90,42.92,25.00,0.00,1.00,1.00,1.00,0.07,
110.68,31.07,Other crops,15.94,1114.90,17.50,868.15,23.15,5.38,1.70,16.16,19.18,37.90,42.92,25.00,0.00,1.00,1.00,1.00,0.03,
110.68,31.07,Other crops,15.94,1114.90,17.50,868.15,23.15,5.38,1.70,16.16,19.18,37.90,42.92,25.00,0.00,1.00,1.00,1.00,0.03,
110.68,31.07,Other crops,15.94,1114.90,17.50,868.15,23.15,5.38,1.70,16.16,19.18,37.90,42.92,25.00,0.00,1.00,1.00,1.00,0.18,
110.68,31.07,Other crops,15.94,1114.90,17.50,868.15,23.15,5.38,1.70,16.16,19.18,37.90,42.92,25.00,0.00,1.00,1.00,1.00,0.14,
110.68,31.07,Other crops,15.94,1114.90,17.50,868.15,23.15,5.38,1.70,16.16,19.18,37.90,42.92,25.00,0.00,1.00,1.00,1.00,0.12,
110.68,31.07,Other crops,15.94,1114.90,17.50,868.15,23.15,5.38,1.70,16.16,19.18,37.90,42.92,25.00,0.00,1.00,1.00,1.00,0.11,
110.68,31.07,Other crops,15.94,1114.90,17.50,868.15,23.15,5.38,1.70,16.16,19.18,37.90,42.92,25.00,0.00,1.00,1.00,1.00,0.20,
110.68,31.07,Other crops,15.94,1114.90,17.50,868.15,23.15,5.38,1.70,16.16,19.18,37.90,42.92,25.00,0.00,1.00,1.00,1.00,0.12,
110.68,31.07,Other crops,15.94,1114.90,17.50,868.15,23.15,5.38,1.70,16.16,19.18,37.90,42.92,25.00,0.00,1.00,1.00,1.00,0.07,
110.68,31.07,Other crops,15.94,1114.90,17.50,868.15,23.15,5.38,1.70,16.16,19.18,37.90,42.92,25.00,0.00,1.00,1.00,1.00,0.08,
110.68,31.07,Other crops,15.94,1114.90,17.50,868.15,23.15,5.38,1.70,16.16,19.18,37.90,42.92,25.00,0.00,1.00,1.00,1.00,0.27,
110.68,31.07,Other crops,15.94,1114.90,17.50,868.15,23.15,5.38,1.70,16.16,19.18,37.90,42.92,25.00,0.00,1.00,1.00,1.00,0.15,
110.68,31.07,Other crops,15.94,1114.90,17.50,868.15,23.15,5.38,1.70,16.16,19.18,37.90,42.92,25.00,0.00,1.00,1.00,1.00,0.12,
110.68,31.07,Other crops,15.94,1114.90,17.50,868.15,23.15,5.38,1.70,16.16,19.18,37.90,42.92,25.00,0.00,1.00,1.00,1.00,0.10,
110.68,31.07,Other crops,15.94,1114.90,17.50,868.15,23.15,5.38,1.70,16.16,19.18,37.90,42.92,25.00,0.00,1.00,1.00,1.00,0.24,
110.68,31.07,Other crops,15.94,1114.90,17.50,868.15,23.15,5.38,1.70,16.16,19.18,37.90,42.92,25.00,0.00,1.00,1.00,1.00,0.12,
110.68,31.07,Other crops,15.94,1114.90,17.50,868.15,23.15,5.38,1.70,16.16,19.18,37.90,42.92,25.00,0.00,1.00,1.00,1.00,0.06,
110.68,31.07,Other crops,15.94,1114.90,17.50,868.15,23.15,5.38,1.70,16.16,19.18,37.90,42.92,25.00,0.00,1.00,1.00,1.00,0.07,
110.68,31.07,Other crops,15.94,1114.90,17.50,868.15,23.15,5.38,1.70,16.16,19.18,37.90,42.92,25.00,0.00,1.00,1.00,1.00,0.18,
110.68,31.07,Other crops,15.94,1114.90,17.50,868.15,23.15,5.38,1.70,16.16,19.18,37.90,42.92,25.00,0.00,1.00,1.00,1.00,0.13,
110.68,31.07,Other crops,15.94,1114.90,17.50,868.15,23.15,5.38,1.70,16.16,19.18,37.90,42.92,25.00,0.00,1.00,1.00,1.00,0.11,
110.68,31.07,Other crops,15.94,1114.90,17.50,868.15,23.15,5.38,1.70,16.16,19.18,37.90,42.92,25.00,0.00,1.00,1.00,1.00,0.10,
105.85,29.24,Maize,20.40,1020.00,22.90,875.44,9.80,8.00,1.75,16.45,22.70,36.48,40.82,4.00,1.00,1.00,1.00,1.00,0.14,
105.85,29.24,Maize,7.25,1020.00,22.90,875.44,8.99,7.90,1.75,16.45,22.70,36.48,40.82,9.00,1.00,1.00,1.00,1.00,0.23,
105.85,29.24,Maize,4.94,1020.00,22.90,875.44,8.18,8.10,1.75,16.45,22.70,36.48,40.82,17.00,1.00,1.00,1.00,1.00,0.44,
120.49,31.61,Wheat,8.47,1174.64,16.50,971.09,16.07,6.10,1.77,14.40,24.52,37.72,37.76,0.05,1.00,0.00,0.00,0.00,0.25,
120.49,31.61,Wheat,8.47,1174.64,16.50,971.09,16.07,6.10,1.77,14.40,24.52,37.72,37.76,0.05,1.00,0.25,1.00,1.00,0.38,
120.49,31.61,Wheat,8.47,1174.64,16.50,971.09,16.07,6.10,1.77,14.40,24.52,37.72,37.76,0.05,1.00,1.00,1.00,1.00,0.58,
120.49,31.61,Wheat,8.47,1174.64,16.50,971.09,16.07,6.10,1.77,14.40,24.52,37.72,37.76,0.05,1.00,2.00,1.00,1.00,0.82,
120.70,31.55,Wheat,11.08,1191.37,16.53,971.34,17.11,7.21,1.62,7.35,15.35,26.58,58.07,0.05,1.00,0.00,0.00,0.00,0.39,
120.70,31.55,Wheat,11.08,1191.37,16.53,971.34,17.11,7.21,1.62,7.35,15.35,26.58,58.07,0.05,1.00,0.25,1.00,1.00,0.53,
120.70,31.55,Wheat,11.08,1191.37,16.53,971.34,17.11,7.21,1.62,7.35,15.35,26.58,58.07,0.05,1.00,1.00,1.00,1.00,1.35,
120.70,31.55,Wheat,11.08,1191.37,16.53,971.34,17.11,7.21,1.62,7.35,15.35,26.58,58.07,0.05,1.00,2.00,1.00,1.00,1.97,
112.93,27.99,Rice,17.92,1340.00,17.50,971.44,24.77,5.43,1.01,10.27,21.95,32.22,45.83,0.88,0.00,0.00,0.00,0.00,0.05,
112.93,27.99,Rice,17.92,1340.00,17.50,971.44,23.97,5.13,1.08,10.27,21.95,32.22,45.83,0.88,0.00,0.00,0.00,0.00,0.05,
112.93,27.99,Rice,17.92,1340.00,17.50,971.44,24.26,5.33,0.94,10.27,21.95,32.22,45.83,0.88,0.00,0.17,1.00,1.00,0.09,
112.93,27.99,Rice,17.92,1340.00,17.50,971.44,22.71,5.93,1.02,10.27,21.95,32.22,45.83,0.88,0.00,0.17,1.00,1.00,0.09,
112.93,27.99,Rice,17.92,1340.00,17.50,971.44,23.20,5.35,1.04,10.27,21.95,32.22,45.83,0.88,0.00,0.17,1.00,1.00,0.09,
112.93,27.99,Rice,17.92,1340.00,17.50,971.44,26.67,5.39,0.97,10.27,21.95,32.22,45.83,0.88,0.00,0.23,1.00,1.00,0.10,
112.93,27.99,Rice,17.92,1340.00,17.50,971.44,23.87,5.21,0.96,10.27,21.95,32.22,45.83,0.88,0.00,0.23,1.00,1.00,0.10,
112.93,27.99,Rice,17.92,1340.00,17.50,971.44,21.90,5.14,0.99,10.27,21.95,32.22,45.83,0.88,0.00,0.23,1.00,1.00,0.10,
112.93,27.99,Rice,17.92,1340.00,17.50,971.44,26.67,5.39,0.91,10.27,21.95,32.22,45.83,0.88,0.00,0.67,1.00,1.00,0.11,
112.93,27.99,Rice,17.92,1340.00,17.50,971.44,20.71,5.42,1.00,10.27,21.95,32.22,45.83,0.88,0.00,0.67,1.00,1.00,0.11,
112.93,27.99,Rice,17.92,1340.00,17.50,971.44,20.62,5.42,1.03,10.27,21.95,32.22,45.83,0.88,0.00,0.67,1.00,1.00,0.11,
112.93,27.99,Rice,17.92,1340.00,17.50,971.44,24.18,5.14,1.01,10.27,21.95,32.22,45.83,0.88,0.00,0.67,1.00,1.00,0.11,
112.93,27.99,Rice,17.92,1340.00,17.50,971.44,21.92,5.55,0.95,10.27,21.95,32.22,45.83,0.88,0.00,1.00,1.00,1.00,0.14,
112.93,27.99,Rice,17.92,1340.00,17.50,971.44,21.92,5.55,0.93,10.27,21.95,32.22,45.83,0.88,0.00,1.00,1.00,1.00,0.14,
112.93,27.99,Rice,17.92,1340.00,17.50,971.44,22.63,5.32,1.04,10.27,21.95,32.22,45.83,0.88,0.00,1.00,1.00,1.00,0.14,
112.93,27.99,Rice,17.92,1340.00,17.50,971.44,24.77,5.43,1.01,10.27,21.95,32.22,45.83,0.88,0.00,0.00,0.00,0.00,0.08,
112.93,27.99,Rice,17.92,1340.00,17.50,971.44,23.97,5.13,1.08,10.27,21.95,32.22,45.83,0.88,0.00,0.00,0.00,0.00,0.08,
112.93,27.99,Rice,17.92,1340.00,17.50,971.44,24.26,5.33,0.94,10.27,21.95,32.22,45.83,0.88,0.00,0.17,1.00,1.00,0.11,
112.93,27.99,Rice,17.92,1340.00,17.50,971.44,22.71,5.93,1.02,10.27,21.95,32.22,45.83,0.88,0.00,0.17,1.00,1.00,0.11,
112.93,27.99,Rice,17.92,1340.00,17.50,971.44,23.20,5.35,1.04,10.27,21.95,32.22,45.83,0.88,0.00,0.17,1.00,1.00,0.11,
112.93,27.99,Rice,17.92,1340.00,17.50,971.44,26.67,5.39,0.97,10.27,21.95,32.22,45.83,0.88,0.00,0.23,1.00,1.00,0.13,
112.93,27.99,Rice,17.92,1340.00,17.50,971.44,23.87,5.21,0.96,10.27,21.95,32.22,45.83,0.88,0.00,0.23,1.00,1.00,0.13,
112.93,27.99,Rice,17.92,1340.00,17.50,971.44,21.90,5.14,0.99,10.27,21.95,32.22,45.83,0.88,0.00,0.23,1.00,1.00,0.13,
112.93,27.99,Rice,17.92,1340.00,17.50,971.44,26.67,5.39,0.91,10.27,21.95,32.22,45.83,0.88,0.00,0.67,1.00,1.00,0.14,
112.93,27.99,Rice,17.92,1340.00,17.50,971.44,20.71,5.42,1.00,10.27,21.95,32.22,45.83,0.88,0.00,0.67,1.00,1.00,0.14,
112.93,27.99,Rice,17.92,1340.00,17.50,971.44,20.62,5.42,1.03,10.27,21.95,32.22,45.83,0.88,0.00,0.67,1.00,1.00,0.14,
112.93,27.99,Rice,17.92,1340.00,17.50,971.44,24.18,5.14,1.01,10.27,21.95,32.22,45.83,0.88,0.00,0.67,1.00,1.00,0.14,
112.93,27.99,Rice,17.92,1340.00,17.50,971.44,21.92,5.55,0.95,10.27,21.95,32.22,45.83,0.88,0.00,1.00,1.00,1.00,0.18,
112.93,27.99,Rice,17.92,1340.00,17.50,971.44,21.92,5.55,0.93,10.27,21.95,32.22,45.83,0.88,0.00,1.00,1.00,1.00,0.18,
112.93,27.99,Rice,17.92,1340.00,17.50,971.44,22.63,5.32,1.04,10.27,21.95,32.22,45.83,0.88,0.00,1.00,1.00,1.00,0.18,
112.93,27.99,Rice,17.92,1340.00,17.50,971.44,24.77,5.43,1.01,10.27,21.95,32.22,45.83,0.88,0.00,0.00,0.00,0.00,0.07,
112.93,27.99,Rice,17.92,1340.00,17.50,971.44,23.97,5.13,1.08,10.27,21.95,32.22,45.83,0.88,0.00,0.00,0.00,0.00,0.07,
112.93,27.99,Rice,17.92,1340.00,17.50,971.44,24.26,5.33,0.94,10.27,21.95,32.22,45.83,0.88,0.00,0.17,1.00,1.00,0.06,
112.93,27.99,Rice,17.92,1340.00,17.50,971.44,22.71,5.93,1.02,10.27,21.95,32.22,45.83,0.88,0.00,0.17,1.00,1.00,0.06,
112.93,27.99,Rice,17.92,1340.00,17.50,971.44,23.20,5.35,1.04,10.27,21.95,32.22,45.83,0.88,0.00,0.17,1.00,1.00,0.06,
112.93,27.99,Rice,17.92,1340.00,17.50,971.44,26.67,5.39,0.97,10.27,21.95,32.22,45.83,0.88,0.00,0.23,1.00,1.00,0.07,
112.93,27.99,Rice,17.92,1340.00,17.50,971.44,23.87,5.21,0.96,10.27,21.95,32.22,45.83,0.88,0.00,0.23,1.00,1.00,0.07,
112.93,27.99,Rice,17.92,1340.00,17.50,971.44,21.90,5.14,0.99,10.27,21.95,32.22,45.83,0.88,0.00,0.23,1.00,1.00,0.07,
112.93,27.99,Rice,17.92,1340.00,17.50,971.44,26.67,5.39,0.91,10.27,21.95,32.22,45.83,0.88,0.00,0.67,1.00,1.00,0.08,
112.93,27.99,Rice,17.92,1340.00,17.50,971.44,20.71,5.42,1.00,10.27,21.95,32.22,45.83,0.88,0.00,0.67,1.00,1.00,0.08,
112.93,27.99,Rice,17.92,1340.00,17.50,971.44,20.62,5.42,1.03,10.27,21.95,32.22,45.83,0.88,0.00,0.67,1.00,1.00,0.08,
112.93,27.99,Rice,17.92,1340.00,17.50,971.44,24.18,5.14,1.01,10.27,21.95,32.22,45.83,0.88,0.00,0.67,1.00,1.00,0.08,
112.93,27.99,Rice,17.92,1340.00,17.50,971.44,21.92,5.55,0.95,10.27,21.95,32.22,45.83,0.88,0.00,1.00,1.00,1.00,0.08,
112.93,27.99,Rice,17.92,1340.00,17.50,971.44,21.92,5.55,0.93,10.27,21.95,32.22,45.83,0.88,0.00,1.00,1.00,1.00,0.08,
112.93,27.99,Rice,17.92,1340.00,17.50,971.44,22.63,5.32,1.04,10.27,21.95,32.22,45.83,0.88,0.00,1.00,1.00,1.00,0.08,
115.60,30.18,Rice,4.98,666.70,17.34,1041.04,18.42,5.20,1.77,10.89,24.31,47.29,28.40,3.04,1.00,0.00,1.00,1.00,0.04,
115.60,30.18,Rice,4.98,666.70,17.34,1041.04,18.42,5.20,1.77,10.89,24.31,47.29,28.40,3.04,1.00,1.00,1.00,1.00,0.06,
115.60,30.18,Rice,4.98,666.70,17.34,1041.04,18.42,5.20,1.77,10.89,24.31,47.29,28.40,3.04,1.00,2.00,1.00,1.00,0.07,
115.60,30.18,Other crops,4.98,666.70,17.34,1041.04,18.42,5.20,1.77,10.89,24.31,47.29,28.40,3.04,1.00,0.00,1.00,1.00,0.14,
115.60,30.18,Other crops,4.98,666.70,17.34,1041.04,18.42,5.20,1.77,10.89,24.31,47.29,28.40,3.04,1.00,1.00,1.00,1.00,0.25,
115.60,30.18,Other crops,4.98,666.70,17.34,1041.04,18.42,5.20,1.77,10.89,24.31,47.29,28.40,3.04,1.00,2.00,1.00,1.00,0.28,
115.60,30.18,Rice,4.98,862.00,17.34,1041.04,18.42,5.20,1.77,10.89,24.31,47.29,28.40,3.04,1.00,0.00,1.00,1.00,0.44,
115.60,30.18,Rice,4.98,862.00,17.34,1041.04,18.42,5.20,1.77,10.89,24.31,47.29,28.40,3.04,1.00,1.00,1.00,1.00,0.75,
115.60,30.18,Rice,4.98,862.00,17.34,1041.04,18.42,5.20,1.77,10.89,24.31,47.29,28.40,3.04,1.00,2.00,1.00,1.00,0.99,
115.60,30.18,Other crops,4.98,862.00,17.34,1041.04,18.42,5.20,1.77,10.89,24.31,47.29,28.40,3.04,1.00,0.00,1.00,1.00,0.07,
115.60,30.18,Other crops,4.98,862.00,17.34,1041.04,18.42,5.20,1.77,10.89,24.31,47.29,28.40,3.04,1.00,1.00,1.00,1.00,0.12,
115.60,30.18,Other crops,4.98,862.00,17.34,1041.04,18.42,5.20,1.77,10.89,24.31,47.29,28.40,3.04,1.00,2.00,1.00,1.00,0.15,
106.30,29.72,Other crops,11.47,1174.00,18.20,842.57,14.58,7.25,1.38,14.88,25.71,38.19,36.10,15.00,0.00,1.00,1.00,1.00,0.07,
106.30,29.72,Other crops,11.47,1174.00,18.20,842.57,14.58,7.25,1.38,14.88,25.71,38.19,36.10,15.00,0.00,1.00,1.00,1.00,0.02,
106.30,29.72,Other crops,11.47,1174.00,18.20,842.57,14.58,7.25,1.38,14.88,25.71,38.19,36.10,15.00,0.00,1.00,1.00,1.00,0.03,
106.30,29.72,Other crops,11.47,1174.00,18.20,842.57,14.58,7.25,1.38,14.88,25.71,38.19,36.10,15.00,0.00,1.00,1.00,1.00,0.03,
105.47,31.27,Maize,4.16,1070.50,17.53,820.74,5.10,8.30,1.30,15.77,18.60,35.30,46.10,7.00,1.00,0.00,1.00,1.00,0.83,
105.47,31.27,Maize,4.16,1070.50,17.53,820.74,5.10,8.30,1.30,15.77,18.60,35.30,46.10,7.00,1.00,0.97,1.00,1.00,0.90,
105.47,31.27,Maize,4.16,1070.50,17.53,820.74,5.10,8.30,1.30,15.77,18.60,35.30,46.10,7.00,1.00,0.70,1.00,1.00,0.58,
105.47,31.27,Maize,4.16,1070.50,17.53,820.74,5.10,8.30,1.30,15.77,18.60,35.30,46.10,7.00,1.00,1.25,1.00,1.00,0.49,
105.47,31.27,Maize,4.16,1070.50,17.53,820.74,5.10,8.30,1.30,15.77,18.60,35.30,46.10,7.00,1.00,0.07,1.00,1.00,0.07,
105.47,31.27,Maize,4.16,1070.50,17.53,820.74,5.10,8.30,1.30,15.77,18.60,35.30,46.10,7.00,1.00,1.00,1.00,1.00,0.20,
105.47,31.27,Maize,4.16,1070.50,17.53,820.74,5.10,8.30,1.30,15.77,18.60,35.30,46.10,7.00,1.00,0.00,1.00,1.00,0.83,
105.47,31.27,Maize,4.16,1070.50,17.53,820.74,5.10,8.30,1.30,15.77,18.60,35.30,46.10,7.00,1.00,1.39,1.00,1.00,0.90,
105.47,31.27,Maize,4.16,1070.50,17.53,820.74,5.10,8.30,1.30,15.77,18.60,35.30,46.10,7.00,1.00,1.00,1.00,1.00,0.58,
105.47,31.27,Maize,4.16,1070.50,17.53,820.74,5.10,8.30,1.30,15.77,18.60,35.30,46.10,7.00,1.00,1.79,1.00,1.00,0.49,
105.47,31.27,Maize,4.16,1070.50,17.53,820.74,5.10,8.30,1.30,15.77,18.60,35.30,46.10,7.00,1.00,0.09,1.00,1.00,0.07,
105.47,31.27,Maize,4.16,1070.50,17.53,820.74,5.10,8.30,1.30,15.77,18.60,35.30,46.10,7.00,1.00,1.43,1.00,1.00,0.20,
120.08,31.49,Rice,32.09,1121.70,16.20,971.60,8.97,5.70,1.76,14.66,59.80,24.50,15.70,0.63,0.00,0.00,1.00,1.00,0.10,
120.08,31.49,Rice,32.09,1121.70,16.20,971.60,8.97,5.70,1.76,14.66,59.80,24.50,15.70,0.63,0.00,1.00,1.00,1.00,1.49,
120.08,31.49,Rice,32.09,1121.70,16.20,971.60,8.97,5.70,1.76,14.66,59.80,24.50,15.70,0.63,0.00,0.27,1.00,1.00,1.16,
120.08,31.49,Wheat,32.09,1121.70,16.20,971.60,8.97,5.70,1.76,14.66,59.80,24.50,15.70,0.63,0.00,0.00,1.00,1.00,0.23,
120.08,31.49,Wheat,32.09,1121.70,16.20,971.60,8.97,5.70,1.76,14.66,59.80,24.50,15.70,0.63,0.00,1.00,1.00,1.00,0.48,
120.08,31.49,Wheat,32.09,1121.70,16.20,971.60,8.97,5.70,1.76,14.66,59.80,24.50,15.70,0.63,0.00,0.19,1.00,1.00,0.24,
120.08,31.49,Rice,32.09,1121.70,16.20,971.60,8.97,5.70,1.76,14.66,59.80,24.50,15.70,0.63,0.00,0.00,1.00,1.00,0.15,
120.08,31.49,Rice,32.09,1121.70,16.20,971.60,8.97,5.70,1.76,14.66,59.80,24.50,15.70,0.63,0.00,1.00,1.00,1.00,2.35,
120.08,31.49,Rice,32.09,1121.70,16.20,971.60,8.97,5.70,1.76,14.66,59.80,24.50,15.70,0.63,0.00,0.27,1.00,1.00,0.30,
120.08,31.49,Wheat,32.09,1121.70,16.20,971.60,8.97,5.70,1.76,14.66,59.80,24.50,15.70,0.63,0.00,0.00,1.00,1.00,0.23,
120.08,31.49,Wheat,32.09,1121.70,16.20,971.60,8.97,5.70,1.76,14.66,59.80,24.50,15.70,0.63,0.00,1.00,1.00,1.00,1.05,
120.08,31.49,Wheat,32.09,1121.70,16.20,971.60,8.97,5.70,1.76,14.66,59.80,24.50,15.70,0.63,0.00,0.19,1.00,1.00,0.55,
110.60,32.60,Other crops,16.00,750.00,15.70,939.13,5.28,6.50,1.68,14.33,18.34,37.84,43.81,15.00,0.00,1.00,1.00,1.00,0.77,
110.60,32.60,Other crops,16.00,750.00,15.70,939.13,5.28,6.50,1.68,14.33,18.34,37.84,43.81,15.00,0.00,1.00,1.00,1.00,0.52,
110.60,32.60,Wheat,11.80,750.00,15.70,939.13,6.38,7.30,1.68,14.33,18.34,37.84,43.81,10.00,0.00,1.00,1.00,1.00,0.43,
110.60,32.60,Wheat,11.80,750.00,15.70,939.13,6.38,7.30,1.68,14.33,18.34,37.84,43.81,10.00,0.00,1.00,1.00,1.00,0.26,
119.07,26.23,Rice,3.36,1350.00,19.50,1022.60,8.21,6.19,1.73,8.77,21.09,30.42,48.50,8.56,1.00,0.00,1.00,1.00,0.51,
119.07,26.23,Rice,3.36,1350.00,19.50,1022.60,8.21,6.19,1.73,8.77,21.09,30.42,48.50,8.56,1.00,1.13,1.00,1.00,0.67,
119.07,26.23,Rice,3.36,1350.00,19.50,1022.60,8.21,6.19,1.73,8.77,21.09,30.42,48.50,8.56,1.00,1.00,1.00,1.00,0.68,
120.49,31.61,Rice,27.83,1350.00,15.50,971.09,16.07,6.10,1.77,14.40,39.30,43.30,17.40,0.05,1.00,0.00,0.00,0.00,0.42,
120.49,31.61,Rice,27.83,1350.00,15.50,971.09,16.07,6.10,1.77,14.40,39.30,43.30,17.40,0.05,1.00,0.40,1.00,1.00,0.62,
120.49,31.61,Rice,27.83,1350.00,15.50,971.09,16.07,6.10,1.77,14.40,39.30,43.30,17.40,0.05,1.00,1.00,1.00,1.00,1.60,
120.49,31.61,Rice,27.83,1350.00,15.50,971.09,16.07,6.10,1.77,14.40,39.30,43.30,17.40,0.05,1.00,2.00,1.00,1.00,2.15,
120.49,31.61,Wheat,27.83,1350.00,15.50,971.09,16.07,6.10,1.77,14.40,39.30,43.30,17.40,0.05,1.00,0.00,0.00,0.00,0.21,
120.49,31.61,Wheat,27.83,1350.00,15.50,971.09,16.07,6.10,1.77,14.40,39.30,43.30,17.40,0.05,1.00,0.50,1.00,1.00,0.34,
120.49,31.61,Wheat,27.83,1350.00,15.50,971.09,16.07,6.10,1.77,14.40,39.30,43.30,17.40,0.05,1.00,1.00,1.00,1.00,0.47,
120.49,31.61,Wheat,27.83,1350.00,15.50,971.09,16.07,6.10,1.77,14.40,39.30,43.30,17.40,0.05,1.00,2.00,1.00,1.00,0.71,
120.70,31.55,Rice,29.06,1350.00,15.50,971.34,17.11,7.20,1.20,7.35,32.90,43.40,23.70,0.05,1.00,0.00,0.00,0.00,0.19,
120.70,31.55,Rice,29.06,1350.00,15.50,971.34,17.11,7.20,1.20,7.35,32.90,43.40,23.70,0.05,1.00,0.40,1.00,1.00,0.24,
120.70,31.55,Rice,29.06,1350.00,15.50,971.34,17.11,7.20,1.20,7.35,32.90,43.40,23.70,0.05,1.00,1.00,1.00,1.00,0.28,
120.70,31.55,Rice,29.06,1350.00,15.50,971.34,17.11,7.20,1.20,7.35,32.90,43.40,23.70,0.05,1.00,2.00,1.00,1.00,0.39,
120.70,31.55,Wheat,29.06,1350.00,15.50,971.34,17.11,7.20,1.20,7.35,32.90,43.40,23.70,0.05,1.00,0.00,0.00,0.00,0.22,
120.70,31.55,Wheat,29.06,1350.00,15.50,971.34,17.11,7.20,1.20,7.35,32.90,43.40,23.70,0.05,1.00,0.50,1.00,1.00,0.47,
120.70,31.55,Wheat,29.06,1350.00,15.50,971.34,17.11,7.20,1.20,7.35,32.90,43.40,23.70,0.05,1.00,1.00,1.00,1.00,0.81,
120.70,31.55,Wheat,29.06,1350.00,15.50,971.34,17.11,7.20,1.20,7.35,32.90,43.40,23.70,0.05,1.00,2.00,1.00,1.00,1.10,
110.68,31.07,Other crops,15.94,940.30,18.20,868.15,34.86,8.38,1.70,16.16,19.22,38.21,42.58,27.00,1.00,1.00,1.00,1.00,0.03,
110.68,31.07,Other crops,15.94,940.30,18.20,868.15,34.86,8.38,1.70,16.16,19.22,38.21,42.58,27.00,1.00,1.00,1.00,1.00,0.03,
110.68,31.07,Other crops,15.94,940.30,18.20,868.15,34.86,8.38,1.70,16.16,19.22,38.21,42.58,27.00,1.00,1.00,1.00,1.00,0.04,
110.68,31.07,Other crops,15.94,940.30,18.20,868.15,34.86,8.38,1.70,16.16,19.22,38.21,42.58,27.00,1.00,1.00,1.00,1.00,0.04,
110.68,31.07,Other crops,15.94,940.30,18.20,868.15,34.86,8.38,1.70,16.16,19.22,38.21,42.58,27.00,1.00,1.00,1.00,1.00,0.05,
110.68,31.07,Other crops,16.65,940.30,18.20,868.04,3.86,5.40,1.69,16.06,15.43,32.53,52.03,20.00,1.00,1.00,1.00,1.00,0.03,
110.68,31.07,Other crops,16.65,940.30,18.20,868.04,3.86,5.40,1.69,16.06,15.43,32.53,52.03,20.00,1.00,1.00,1.00,1.00,0.04,
110.68,31.07,Other crops,16.65,940.30,18.20,868.04,3.86,5.40,1.69,16.06,15.43,32.53,52.03,20.00,1.00,1.00,1.00,1.00,0.03,
110.68,31.07,Other crops,16.65,940.30,18.20,868.04,3.86,5.40,1.69,16.06,15.43,32.53,52.03,20.00,1.00,1.00,1.00,1.00,0.04,
110.68,31.07,Other crops,30.11,1097.00,18.20,868.04,2.80,6.68,1.69,16.06,19.09,38.06,42.85,25.00,1.00,1.00,1.00,1.00,1.48,
110.68,31.07,Wheat,30.11,1097.00,18.20,868.04,2.80,6.68,1.69,16.06,19.09,38.06,42.85,25.00,1.00,1.03,1.00,1.00,3.16,
110.68,31.07,Other crops,30.11,1097.00,18.20,868.04,2.80,6.68,1.69,16.06,19.09,38.06,42.85,25.00,1.00,1.00,1.00,1.00,1.21,
110.68,31.07,Other crops,30.11,1097.00,18.20,868.04,2.80,6.68,1.69,16.06,19.09,38.06,42.85,25.00,1.00,1.00,1.00,1.00,0.59,
110.68,31.07,Wheat,30.11,1097.00,18.20,868.04,2.80,6.68,1.69,16.06,19.09,38.06,42.85,25.00,1.00,1.09,1.00,1.00,0.42,
110.68,31.07,Other crops,30.11,1097.00,18.20,868.04,2.80,6.68,1.69,16.06,19.09,38.06,42.85,25.00,1.00,1.00,1.00,1.00,2.08,
110.68,31.07,Other crops,30.11,923.00,18.20,868.04,2.80,6.68,1.69,16.06,19.09,38.06,42.85,25.00,1.00,1.00,1.00,1.00,0.63,
110.68,31.07,Wheat,30.11,923.00,18.20,868.04,2.80,6.68,1.69,16.06,19.09,38.06,42.85,25.00,0.00,1.03,1.00,1.00,0.66,
110.68,31.07,Other crops,30.11,923.00,18.20,868.04,2.80,6.68,1.69,16.06,19.09,38.06,42.85,25.00,1.00,1.00,1.00,1.00,0.70,
110.68,31.07,Other crops,30.11,923.00,18.20,868.04,2.80,6.68,1.69,16.06,19.09,38.06,42.85,25.00,1.00,1.00,1.00,1.00,0.28,
110.68,31.07,Wheat,30.11,923.00,18.20,868.04,2.80,6.68,1.69,16.06,19.09,38.06,42.85,25.00,1.00,1.09,1.00,1.00,0.70,
110.68,31.07,Other crops,30.11,923.00,18.20,868.04,2.80,6.68,1.69,16.06,19.09,38.06,42.85,25.00,1.00,1.00,1.00,1.00,0.51,
110.68,31.07,Other crops,30.11,800.00,18.20,868.04,2.80,6.68,1.69,16.06,19.09,38.06,42.85,25.00,1.00,1.00,1.00,1.00,0.45,
110.68,31.07,Wheat,30.11,800.00,18.20,868.04,2.80,6.68,1.69,16.06,19.09,38.06,42.85,25.00,1.00,1.03,1.00,1.00,0.51,
110.68,31.07,Other crops,30.11,800.00,18.20,868.04,2.80,6.68,1.69,16.06,19.09,38.06,42.85,25.00,1.00,1.00,1.00,1.00,0.20,
110.68,31.07,Other crops,30.11,800.00,18.20,868.04,2.80,6.68,1.69,16.06,19.09,38.06,42.85,25.00,1.00,1.00,1.00,1.00,0.24,
110.68,31.07,Wheat,30.11,800.00,18.20,868.04,2.80,6.68,1.69,16.06,19.09,38.06,42.85,25.00,1.00,1.09,1.00,1.00,0.34,
110.68,31.07,Other crops,30.11,800.00,18.20,868.04,2.80,6.68,1.69,16.06,19.09,38.06,42.85,25.00,1.00,1.00,1.00,1.00,0.49,
110.68,31.07,Other crops,30.11,1146.00,18.20,868.04,2.80,6.68,1.69,16.06,19.09,38.06,42.85,25.00,1.00,1.00,1.00,1.00,0.93,
110.68,31.07,Wheat,30.11,1146.00,18.20,868.04,2.80,6.68,1.69,16.06,19.09,38.06,42.85,25.00,1.00,1.03,1.00,1.00,0.47,
110.68,31.07,Other crops,30.11,1146.00,18.20,868.04,2.80,6.68,1.69,16.06,19.09,38.06,42.85,25.00,1.00,1.00,1.00,1.00,0.56,
110.68,31.07,Other crops,30.11,1146.00,18.20,868.04,2.80,6.68,1.69,16.06,19.09,38.06,42.85,25.00,1.00,1.00,1.00,1.00,0.34,
110.68,31.07,Wheat,30.11,1146.00,18.20,868.04,2.80,6.68,1.69,16.06,19.09,38.06,42.85,25.00,1.00,1.09,1.00,1.00,0.47,
110.68,31.07,Other crops,30.11,1146.00,18.20,868.04,2.80,6.68,1.69,16.06,19.09,38.06,42.85,25.00,1.00,1.00,1.00,1.00,0.38,
110.68,31.07,Other crops,30.11,1149.00,18.20,868.04,2.80,6.68,1.69,16.06,19.09,38.06,42.85,25.00,1.00,1.00,1.00,1.00,0.45,
110.68,31.07,Wheat,30.11,1149.00,18.20,868.04,2.80,6.68,1.69,16.06,19.09,38.06,42.85,25.00,1.00,1.03,1.00,1.00,0.74,
110.68,31.07,Other crops,30.11,1149.00,18.20,868.04,2.80,6.68,1.69,16.06,19.09,38.06,42.85,25.00,1.00,1.00,1.00,1.00,0.30,
110.68,31.07,Other crops,30.11,1149.00,18.20,868.04,2.80,6.68,1.69,16.06,19.09,38.06,42.85,25.00,1.00,1.00,1.00,1.00,0.30,
110.68,31.07,Wheat,30.11,1149.00,18.20,868.04,2.80,6.68,1.69,16.06,19.09,38.06,42.85,25.00,1.00,1.09,1.00,1.00,0.31,
110.68,31.07,Other crops,30.11,1149.00,18.20,868.04,2.80,6.68,1.69,16.06,19.09,38.06,42.85,25.00,1.00,1.00,1.00,1.00,0.38,
110.68,31.07,Other crops,30.11,920.00,18.20,868.04,2.80,6.68,1.69,16.06,19.09,38.06,42.85,25.00,1.00,1.00,1.00,1.00,0.53,
110.68,31.07,Wheat,30.11,920.00,18.20,868.04,2.80,6.68,1.69,16.06,19.09,38.06,42.85,25.00,1.00,1.00,1.00,1.00,0.31,
110.68,31.07,Other crops,30.11,920.00,18.20,868.04,2.80,6.68,1.69,16.06,19.09,38.06,42.85,25.00,1.00,1.00,1.00,1.00,0.16,
110.68,31.07,Other crops,30.11,920.00,18.20,868.04,2.80,6.68,1.69,16.06,19.09,38.06,42.85,25.00,1.00,1.00,1.00,1.00,0.27,
110.68,31.07,Wheat,30.11,920.00,18.20,868.04,2.80,6.68,1.69,16.06,19.09,38.06,42.85,25.00,1.00,1.00,1.00,1.00,0.21,
110.68,31.07,Other crops,30.11,920.00,18.20,868.04,2.80,6.68,1.69,16.06,19.09,38.06,42.85,25.00,1.00,1.00,1.00,1.00,0.27,
110.68,31.07,Other crops,30.11,917.00,18.20,868.04,2.80,6.68,1.69,16.06,19.09,38.06,42.85,25.00,1.00,1.00,1.00,1.00,0.45,
110.68,31.07,Wheat,30.11,917.00,18.20,868.04,2.80,6.68,1.69,16.06,19.09,38.06,42.85,25.00,1.00,1.04,1.00,1.00,0.37,
110.68,31.07,Other crops,30.11,917.00,18.20,868.04,2.80,6.68,1.69,16.06,19.09,38.06,42.85,25.00,1.00,1.00,1.00,1.00,0.37,
110.68,31.07,Other crops,30.11,917.00,18.20,868.04,2.80,6.68,1.69,16.06,19.09,38.06,42.85,25.00,1.00,1.00,1.00,1.00,0.35,
110.68,31.07,Wheat,30.11,917.00,18.20,868.04,2.80,6.68,1.69,16.06,19.09,38.06,42.85,25.00,1.00,1.00,1.00,1.00,0.31,
110.68,31.07,Other crops,30.11,917.00,18.20,868.04,2.80,6.68,1.69,16.06,19.09,38.06,42.85,25.00,1.00,1.00,1.00,1.00,0.19,
112.15,30.35,Rice,38.50,1095.00,16.50,946.00,13.80,7.40,1.77,14.96,24.53,37.45,38.02,0.14,1.00,1.00,1.00,1.00,0.35,
112.15,30.35,Rice,38.50,1095.00,16.50,946.00,13.80,7.40,1.77,14.96,24.53,37.45,38.02,0.14,1.00,1.00,1.00,1.00,0.35,
112.15,30.35,Rice,38.50,1095.00,16.50,946.00,13.80,7.40,1.77,14.96,24.53,37.45,38.02,0.14,1.00,1.00,1.00,1.00,0.32,
112.15,30.35,Rice,38.50,1095.00,16.50,946.00,13.80,7.40,1.77,14.96,24.53,37.45,38.02,0.14,1.00,1.00,1.00,1.00,0.21,
112.15,30.35,Rice,38.50,1095.00,16.50,946.00,13.80,7.40,1.77,14.96,24.53,37.45,38.02,0.14,1.00,1.00,1.00,1.00,0.18,
112.15,30.35,Rice,38.50,1095.00,16.50,946.00,13.80,7.40,1.77,14.96,24.53,37.45,38.02,0.14,1.00,1.00,1.00,1.00,0.13,
118.17,35.58,Other crops,27.98,757.00,13.40,1135.99,14.09,5.10,1.18,14.85,17.81,40.29,41.89,8.00,0.00,1.00,1.00,1.00,0.03,
118.17,35.58,Other crops,27.98,757.00,13.40,1135.99,14.09,5.10,1.18,14.85,17.81,40.29,41.89,8.00,0.00,1.00,1.00,1.00,0.03,
118.17,35.58,Other crops,27.98,757.00,13.40,1135.99,14.09,5.10,1.18,14.85,17.81,40.29,41.89,8.00,0.00,1.00,1.00,1.00,0.03,
121.39,30.89,Rice,41.80,1191.50,16.10,980.68,15.80,6.47,1.76,14.10,64.60,21.82,13.58,0.02,1.00,1.00,1.00,1.00,0.17,
121.39,30.89,Rice,40.20,1191.50,16.10,980.68,16.90,6.40,1.76,14.10,64.60,21.82,13.58,0.02,1.00,1.00,1.00,1.00,0.23,
121.39,30.89,Rice,30.10,1191.50,16.10,980.68,17.80,6.34,1.76,14.10,64.60,21.82,13.58,0.02,1.00,1.00,1.00,1.00,0.22,
121.39,30.89,Rice,31.00,1191.50,16.10,980.68,18.70,6.31,1.76,14.10,64.60,21.82,13.58,0.02,1.00,1.00,1.00,1.00,0.20,
121.39,30.89,Rice,37.00,1191.50,16.10,980.68,21.60,6.37,1.76,14.10,64.60,21.82,13.58,0.02,1.00,1.00,1.00,1.00,0.19,
121.39,30.89,Rice,33.10,1191.50,16.10,980.68,21.80,6.48,1.76,14.10,64.60,21.82,13.58,0.02,1.00,1.00,1.00,1.00,0.23,
121.39,30.89,Rice,41.80,1191.50,16.10,980.68,15.80,6.47,1.76,14.10,64.60,21.82,13.58,0.02,1.00,1.00,1.00,1.00,1.42,
121.39,30.89,Rice,40.20,1191.50,16.10,980.68,16.90,6.40,1.76,14.10,64.60,21.82,13.58,0.02,1.00,1.00,1.00,1.00,1.12,
121.39,30.89,Rice,30.10,1191.50,16.10,980.68,17.80,6.34,1.76,14.10,64.60,21.82,13.58,0.02,1.00,1.00,1.00,1.00,1.04,
121.39,30.89,Rice,31.00,1191.50,16.10,980.68,18.70,6.31,1.76,14.10,64.60,21.82,13.58,0.02,1.00,1.00,1.00,1.00,1.09,
121.39,30.89,Rice,37.00,1191.50,16.10,980.68,21.60,6.37,1.76,14.10,64.60,21.82,13.58,0.02,1.00,1.00,1.00,1.00,1.66,
121.39,30.89,Rice,33.10,1191.50,16.10,980.68,21.80,6.48,1.76,14.10,64.60,21.82,13.58,0.02,1.00,1.00,1.00,1.00,1.65,
120.67,33.15,Wheat,5.40,1090.70,15.00,917.00,7.60,7.50,1.36,13.69,40.30,52.80,6.90,0.04,0.00,0.71,1.00,1.00,0.37,
120.67,33.15,Wheat,5.40,1090.70,15.00,917.00,7.60,7.50,1.36,13.69,40.30,52.80,6.90,0.04,0.00,1.00,1.00,1.00,0.12,
120.67,33.15,Wheat,5.40,1090.70,15.00,917.00,7.60,7.50,1.36,13.69,40.30,52.80,6.90,0.04,0.00,1.28,1.00,1.00,0.13,
120.67,33.15,Wheat,5.40,1090.70,15.00,917.00,7.60,7.50,1.36,13.69,40.30,52.80,6.90,0.04,0.00,1.00,1.00,1.00,0.07,
120.67,33.15,Wheat,5.40,1090.70,15.00,917.00,7.60,7.50,1.36,13.69,40.30,52.80,6.90,0.04,0.00,0.71,1.00,1.00,0.12,
120.67,33.15,Wheat,5.40,1090.70,15.00,917.00,7.60,7.50,1.36,13.69,40.30,52.80,6.90,0.04,0.00,1.00,1.00,1.00,0.03,
120.67,33.15,Wheat,5.40,1090.70,15.00,917.00,7.60,7.50,1.36,13.69,40.30,52.80,6.90,0.04,0.00,1.28,1.00,1.00,0.08,
120.67,33.15,Wheat,5.40,1090.70,15.00,917.00,7.60,7.50,1.36,13.69,40.30,52.80,6.90,0.04,0.00,0.71,1.00,1.00,0.17,
120.67,33.15,Wheat,5.40,1090.70,15.00,917.00,7.60,7.50,1.36,13.69,40.30,52.80,6.90,0.04,0.00,1.00,1.00,1.00,0.12,
120.67,33.15,Wheat,5.40,1090.70,15.00,917.00,7.60,7.50,1.36,13.69,40.30,52.80,6.90,0.04,0.00,1.28,1.00,1.00,0.17,
120.67,33.15,Wheat,5.40,1090.70,15.00,917.00,7.60,7.50,1.36,13.69,40.30,52.80,6.90,0.04,0.00,1.00,1.00,1.00,0.03,
128.33,50.50,Other crops,5.40,530.00,1.50,645.05,28.37,7.10,1.34,27.07,28.07,38.42,33.51,5.00,0.00,1.00,1.00,1.00,0.32,
128.33,50.50,Other crops,5.40,530.00,1.50,645.05,26.44,7.10,1.28,27.07,28.07,38.42,33.51,5.00,0.00,1.00,1.00,1.00,1.24,
128.33,50.50,Other crops,5.40,530.00,1.50,645.05,25.18,7.10,1.21,27.07,28.07,38.42,33.51,5.00,0.00,1.00,1.00,1.00,0.84,
128.33,50.50,Other crops,5.40,530.00,1.50,645.05,29.21,7.10,1.33,27.07,28.07,38.42,33.51,5.00,0.00,1.00,1.00,1.00,0.25,
128.33,50.50,Other crops,5.40,530.00,1.50,645.05,23.91,7.10,1.17,27.07,28.07,38.42,33.51,5.00,0.00,1.00,1.00,1.00,2.22,
128.33,50.50,Maize,5.40,530.00,1.50,645.05,28.37,7.10,1.34,27.07,28.07,38.42,33.51,5.00,0.00,1.00,1.00,1.00,2.65,
128.33,50.50,Maize,5.40,530.00,1.50,645.05,26.44,7.10,1.28,27.07,28.07,38.42,33.51,5.00,0.00,1.00,1.00,1.00,3.55,
128.33,50.50,Maize,5.40,530.00,1.50,645.05,25.18,7.10,1.21,27.07,28.07,38.42,33.51,5.00,0.00,1.00,1.00,1.00,3.94,
128.33,50.50,Maize,5.40,530.00,1.50,645.05,29.21,7.10,1.33,27.07,28.07,38.42,33.51,5.00,0.00,1.00,1.00,1.00,2.29,
128.33,50.50,Maize,5.40,530.00,1.50,645.05,23.91,7.10,1.17,27.07,28.07,38.42,33.51,5.00,0.00,1.00,1.00,1.00,5.60,
128.33,50.50,Other crops,5.40,530.00,1.50,645.05,28.37,7.10,1.34,27.07,28.07,38.42,33.51,5.00,0.00,1.00,1.00,1.00,2.48,
128.33,50.50,Other crops,5.40,530.00,1.50,645.05,26.44,7.10,1.28,27.07,28.07,38.42,33.51,5.00,0.00,1.00,1.00,1.00,3.93,
128.33,50.50,Other crops,5.40,530.00,1.50,645.05,25.18,7.10,1.21,27.07,28.07,38.42,33.51,5.00,0.00,1.00,1.00,1.00,3.36,
128.33,50.50,Other crops,5.40,530.00,1.50,645.05,29.21,7.10,1.33,27.07,28.07,38.42,33.51,5.00,0.00,1.00,1.00,1.00,1.75,
128.33,50.50,Other crops,5.40,530.00,1.50,645.05,23.91,7.10,1.17,27.07,28.07,38.42,33.51,5.00,0.00,1.00,1.00,1.00,4.99,
120.80,31.68,Rice,11.08,1200.00,15.50,1500.00,12.36,7.20,1.68,9.06,18.75,34.32,46.93,0.07,1.00,0.00,0.00,0.00,0.05,
120.80,31.68,Rice,11.08,1200.00,15.50,1500.00,12.36,7.20,1.68,9.06,18.75,34.32,46.93,0.07,1.00,0.20,1.00,1.00,0.12,
120.80,31.68,Rice,11.08,1200.00,15.50,1500.00,12.36,7.20,1.68,9.06,18.75,34.32,46.93,0.07,1.00,1.00,1.00,1.00,0.17,
120.80,31.68,Rice,11.08,1200.00,15.50,1500.00,12.36,7.20,1.68,9.06,18.75,34.32,46.93,0.07,1.00,2.00,1.00,1.00,0.21,
120.80,31.68,Rice,11.08,1200.00,15.50,1500.00,12.36,7.20,1.68,9.06,18.75,34.32,46.93,0.07,1.00,0.00,0.00,0.00,0.02,
120.80,31.68,Rice,11.08,1200.00,15.50,1500.00,12.36,7.20,1.68,9.06,18.75,34.32,46.93,0.07,1.00,0.20,1.00,1.00,0.02,
120.80,31.68,Rice,11.08,1200.00,15.50,1500.00,12.36,7.20,1.68,9.06,18.75,34.32,46.93,0.07,1.00,1.00,1.00,1.00,0.04,
120.80,31.68,Rice,11.08,1200.00,15.50,1500.00,12.36,7.20,1.68,9.06,18.75,34.32,46.93,0.07,1.00,2.00,1.00,1.00,0.06,
119.98,30.37,Other crops,2.50,1550.00,15.75,957.78,42.50,4.90,1.77,13.92,24.76,34.20,41.04,31.00,0.00,0.00,1.00,1.00,0.12,
119.98,30.37,Other crops,2.50,1550.00,15.75,957.78,42.50,4.90,1.77,13.92,24.76,34.20,41.04,31.00,0.00,1.07,1.00,1.00,0.14,
119.98,30.37,Other crops,2.50,1550.00,15.75,957.78,42.50,4.90,1.77,13.92,24.76,34.20,41.04,31.00,0.00,1.00,1.00,1.00,0.15,
119.98,30.37,Other crops,2.70,1550.00,15.75,957.78,55.50,4.90,1.77,13.92,24.76,34.20,41.04,31.00,0.00,0.00,1.00,1.00,0.15,
119.98,30.37,Other crops,2.70,1550.00,15.75,957.78,55.50,4.90,1.77,13.92,24.76,34.20,41.04,31.00,0.00,1.07,1.00,1.00,0.15,
119.98,30.37,Other crops,2.70,1550.00,15.75,957.78,55.50,4.90,1.77,13.92,24.76,34.20,41.04,31.00,0.00,1.00,1.00,1.00,0.13,
119.98,30.37,Other crops,2.50,1550.00,15.75,957.78,38.90,5.00,1.77,13.92,24.76,34.20,41.04,31.00,0.00,1.00,1.00,1.00,0.15,
118.83,31.95,Rice,12.50,1051.00,15.40,900.00,12.70,6.97,1.76,14.84,23.35,37.64,39.01,0.41,1.00,1.00,1.00,1.00,0.02,
118.83,31.95,Rice,12.50,1051.00,15.40,900.00,12.70,6.97,1.76,14.84,23.35,37.64,39.01,0.41,1.00,1.00,1.00,1.00,0.01,
118.83,31.95,Rice,12.50,1051.00,15.40,900.00,12.70,6.97,1.76,14.84,23.35,37.64,39.01,0.41,1.00,1.00,1.00,1.00,0.02,
118.83,31.95,Rice,12.50,1051.00,15.40,900.00,12.70,6.97,1.76,14.84,23.35,37.64,39.01,0.41,1.00,1.00,1.00,1.00,0.02,
118.83,31.95,Rice,12.50,1051.00,15.40,900.00,12.70,6.97,1.76,14.84,23.35,37.64,39.01,0.41,1.00,1.00,1.00,1.00,0.01,
118.83,31.95,Rice,12.50,1051.00,15.40,900.00,12.70,6.97,1.76,14.84,23.35,37.64,39.01,0.41,1.00,1.00,1.00,1.00,0.03,
118.59,31.83,Rice,12.50,1041.00,15.40,900.00,13.92,6.97,1.75,13.71,22.60,38.20,39.20,0.39,1.00,1.00,1.00,1.00,2.00,
118.59,31.83,Rice,12.50,1041.00,15.40,900.00,13.92,6.97,1.75,13.71,22.60,38.20,39.20,0.39,1.00,1.00,1.00,1.00,0.81,
118.59,31.83,Rice,12.50,1041.00,15.40,900.00,13.92,6.97,1.75,13.71,22.60,38.20,39.20,0.39,1.00,1.00,1.00,1.00,0.62,
118.59,31.83,Rice,12.50,1041.00,15.40,900.00,13.92,6.97,1.75,13.71,22.60,38.20,39.20,0.39,1.00,1.00,1.00,1.00,0.56,
118.59,31.83,Rice,12.50,1041.00,15.40,900.00,13.92,6.97,1.75,13.71,22.60,38.20,39.20,0.39,1.00,1.00,1.00,1.00,0.83,
118.59,31.83,Rice,12.50,1041.00,15.40,900.00,13.92,6.97,1.75,13.71,22.60,38.20,39.20,0.39,1.00,1.00,1.00,1.00,0.50,
118.59,31.83,Rice,12.50,1041.00,15.40,900.00,13.92,6.97,1.75,13.71,22.60,38.20,39.20,0.39,1.00,1.00,1.00,1.00,0.50,
118.59,31.83,Rice,12.50,1041.00,15.40,900.00,13.92,6.97,1.75,13.71,22.60,38.20,39.20,0.39,1.00,1.00,1.00,1.00,0.37,
118.59,31.83,Rice,12.50,1041.00,15.40,900.00,13.92,6.97,1.75,13.71,22.60,38.20,39.20,0.39,1.00,1.00,1.00,1.00,0.38,
118.59,31.83,Rice,12.50,1041.00,15.40,900.00,13.92,6.97,1.75,13.71,22.60,38.20,39.20,0.39,1.00,1.00,1.00,1.00,0.53,
118.59,31.83,Rice,12.50,1041.00,15.40,900.00,13.92,6.97,1.75,13.71,22.60,38.20,39.20,0.39,1.00,1.00,1.00,1.00,0.78,
118.59,31.83,Rice,12.50,1041.00,15.40,900.00,13.92,6.97,1.75,13.71,22.60,38.20,39.20,0.39,1.00,1.00,1.00,1.00,0.84,
118.59,31.83,Rice,12.50,1041.00,15.40,900.00,13.92,6.97,1.75,13.71,22.60,38.20,39.20,0.39,1.00,1.00,1.00,1.00,0.50,
118.59,31.83,Rice,12.50,1041.00,15.40,900.00,13.92,6.97,1.75,13.71,22.60,38.20,39.20,0.39,1.00,1.00,1.00,1.00,0.27,
118.59,31.83,Rice,12.50,1041.00,15.40,900.00,13.92,6.97,1.75,13.71,22.60,38.20,39.20,0.39,1.00,1.00,1.00,1.00,0.59,
118.59,31.83,Rice,12.50,1041.00,15.40,900.00,13.92,6.97,1.75,13.71,22.60,38.20,39.20,0.39,1.00,1.00,1.00,1.00,0.51,
121.13,31.20,Rice,22.95,1252.73,16.82,979.58,10.30,7.65,1.69,9.49,19.37,34.85,45.78,0.03,1.00,0.00,1.00,1.00,1.70,
121.13,31.20,Rice,22.95,1252.73,16.82,979.58,9.47,7.87,1.69,9.49,19.37,34.85,45.78,0.03,1.00,1.00,1.00,1.00,4.69,
121.13,31.20,Rice,22.95,1252.73,16.82,979.58,11.36,7.86,1.69,9.49,19.37,34.85,45.78,0.03,1.00,1.00,1.00,1.00,8.39,
121.13,31.20,Rice,22.95,1252.73,16.82,979.58,10.30,7.65,1.69,9.49,19.37,34.85,45.78,0.03,1.00,0.00,1.00,1.00,0.67,
121.13,31.20,Rice,22.95,1252.73,16.82,979.58,11.36,7.86,1.69,9.49,19.37,34.85,45.78,0.03,1.00,1.00,1.00,1.00,3.94,
121.13,31.20,Rice,22.95,1252.73,16.82,979.58,10.30,7.65,1.69,9.49,19.37,34.85,45.78,0.03,1.00,0.00,1.00,1.00,0.96,
121.13,31.20,Rice,22.95,1252.73,16.82,979.58,9.47,7.87,1.69,9.49,19.37,34.85,45.78,0.03,1.00,1.00,1.00,1.00,2.84,
121.13,31.20,Rice,22.95,1252.73,16.82,979.58,10.30,7.65,1.69,9.49,19.37,34.85,45.78,0.03,1.00,0.00,1.00,1.00,0.74,
121.13,31.20,Rice,22.95,1252.73,16.82,979.58,11.36,7.86,1.69,9.49,19.37,34.85,45.78,0.03,1.00,1.00,1.00,1.00,4.75,
104.57,30.09,Other crops,17.36,882.00,16.70,823.99,6.96,6.40,1.39,15.97,20.00,59.00,21.00,17.62,0.00,0.00,1.00,1.00,1.76,
104.57,30.09,Other crops,17.36,882.00,16.70,823.99,6.96,6.40,1.39,15.97,20.00,59.00,21.00,17.62,0.00,4.19,1.00,1.00,1.18,
104.57,30.09,Other crops,17.36,882.00,16.70,823.99,6.96,6.40,1.39,15.97,20.00,59.00,21.00,17.62,0.00,1.00,1.00,1.00,0.91,
104.57,30.09,Other crops,17.36,882.00,16.70,823.99,6.96,6.40,1.29,15.97,20.00,59.00,21.00,17.62,0.00,5.19,1.00,1.00,0.56,
104.57,30.09,Other crops,17.36,882.00,16.70,823.99,6.96,6.40,1.39,15.97,20.00,59.00,21.00,17.62,0.00,0.00,1.00,1.00,0.85,
104.57,30.09,Other crops,17.36,882.00,16.70,823.99,6.96,6.40,1.39,15.97,20.00,59.00,21.00,17.62,0.00,4.19,1.00,1.00,0.74,
104.57,30.09,Other crops,17.36,882.00,16.70,823.99,6.96,6.40,1.39,15.97,20.00,59.00,21.00,17.62,0.00,1.00,1.00,1.00,0.56,
104.57,30.09,Other crops,17.36,882.00,16.70,823.99,6.96,6.40,1.29,15.97,20.00,59.00,21.00,17.62,0.00,5.19,1.00,1.00,0.37,
108.17,30.42,Other crops,9.16,1150.00,19.20,832.14,7.56,8.33,1.34,16.83,22.09,35.39,42.52,4.17,0.00,0.00,0.00,0.00,0.49,
108.17,30.42,Other crops,9.16,1150.00,19.20,832.14,7.56,8.33,1.34,16.83,22.09,35.39,42.52,4.17,0.00,1.26,1.00,1.00,0.51,
108.17,30.42,Other crops,9.16,1150.00,19.20,832.14,7.56,8.33,1.34,16.83,22.09,35.39,42.52,4.17,0.00,1.00,1.00,1.00,0.50,
108.17,30.42,Other crops,9.16,1150.00,19.20,832.14,7.56,8.33,1.34,16.83,22.09,35.39,42.52,4.17,0.00,0.87,1.00,1.00,0.72,
110.50,32.78,Rice,14.71,1037.00,14.60,944.12,30.30,7.40,1.69,15.86,18.96,37.16,43.88,6.36,0.00,1.00,1.00,1.00,0.86,
110.50,32.78,Rice,14.71,1037.00,14.60,944.12,30.30,7.40,1.69,15.86,18.96,37.16,43.88,6.36,0.00,1.00,1.00,1.00,0.55,
110.50,32.78,Rice,14.71,1037.00,14.60,944.12,30.30,7.40,1.69,15.86,18.96,37.16,43.88,6.36,0.00,1.00,1.00,1.00,0.41,
100.12,25.90,Other crops,15.55,1037.00,15.50,1011.16,33.39,6.11,0.91,10.69,21.41,33.28,45.31,8.13,1.00,1.32,1.00,1.00,0.12,
100.12,25.90,Other crops,15.55,1037.00,15.50,1011.16,33.39,6.11,0.91,10.69,21.41,33.28,45.31,8.13,1.00,1.00,1.00,1.00,0.10,
100.12,25.90,Other crops,15.55,1037.00,15.50,1011.16,33.39,6.11,0.91,10.69,21.41,33.28,45.31,8.13,1.00,1.00,1.00,1.00,0.09,
119.27,33.83,Rice,43.51,979.10,14.40,1043.73,12.70,6.82,1.76,14.53,23.53,36.11,40.36,0.03,1.00,1.00,1.00,1.00,4.17,
119.27,33.83,Rice,43.51,979.10,14.40,1043.73,12.70,6.82,1.76,14.53,23.53,36.11,40.36,0.03,1.00,1.00,1.00,1.00,1.74,
119.27,33.83,Rice,43.51,979.10,14.40,1043.73,12.70,6.82,1.76,14.53,23.53,36.11,40.36,0.03,1.00,1.00,1.00,1.00,1.99,
119.27,33.83,Rice,43.51,979.10,14.40,1043.73,12.70,6.82,1.76,14.53,23.53,36.11,40.36,0.03,1.00,1.00,1.00,1.00,3.27,
119.27,33.83,Rice,43.51,979.10,14.40,1043.73,12.70,6.82,1.76,14.53,23.53,36.11,40.36,0.03,1.00,1.00,1.00,1.00,1.66,
119.27,33.83,Rice,43.51,979.10,14.40,1043.73,12.70,6.82,1.76,14.53,23.53,36.11,40.36,0.03,1.00,1.00,1.00,1.00,1.61,
120.96,31.25,Rice,24.69,1097.10,15.50,1365.90,14.10,6.25,1.77,14.18,24.34,37.98,37.67,0.07,1.00,1.00,1.00,1.00,0.18,
120.96,31.25,Rice,24.69,1097.10,15.50,1365.90,14.10,6.25,1.77,14.18,24.34,37.98,37.67,0.07,1.00,1.00,1.00,1.00,0.17,
113.71,22.83,Other crops,2.04,1875.70,22.70,1131.60,13.43,4.27,1.15,10.46,25.59,28.73,45.68,32.00,0.00,1.00,1.00,1.00,0.03,
113.71,22.83,Other crops,1.59,1875.70,22.70,1131.60,15.84,4.31,1.14,10.46,25.59,28.73,45.68,28.00,0.00,1.00,1.00,1.00,0.04,
113.71,22.83,Other crops,2.39,1875.70,22.70,1131.60,16.84,4.12,1.20,10.46,25.59,28.73,45.68,32.00,0.00,1.00,1.00,1.00,0.05,
113.71,22.83,Other crops,1.59,1875.70,22.70,1131.60,15.84,4.31,1.14,10.46,25.59,28.73,45.68,28.00,0.00,1.00,1.00,1.00,0.01,
113.71,22.83,Other crops,2.39,1875.70,22.70,1131.60,16.84,4.12,1.20,10.46,25.59,28.73,45.68,32.00,0.00,1.00,1.00,1.00,0.02,
113.71,22.83,Other crops,1.59,1875.70,22.70,1131.60,15.84,4.31,1.14,10.46,25.59,28.73,45.68,28.00,0.00,1.00,1.00,1.00,0.02,
113.71,22.83,Other crops,2.39,1875.70,22.70,1131.60,16.84,4.12,1.20,10.46,25.59,28.73,45.68,32.00,0.00,1.00,1.00,1.00,0.03,
126.38,45.23,Rice,150.00,570.66,5.28,876.62,15.08,6.78,1.82,25.91,27.86,41.85,30.29,0.10,0.00,0.00,1.00,1.00,0.48,
126.38,45.23,Rice,150.00,570.66,5.28,876.62,15.08,6.78,1.82,25.91,27.86,41.85,30.29,0.10,0.00,0.25,1.00,1.00,0.62,
126.38,45.23,Rice,150.00,570.66,5.28,876.62,15.08,6.78,1.82,25.91,27.86,41.85,30.29,0.10,0.00,0.50,1.00,1.00,0.85,
126.38,45.23,Rice,150.00,570.66,5.28,876.62,15.08,6.78,1.82,25.91,27.86,41.85,30.29,0.10,0.00,0.75,1.00,1.00,1.17,
126.38,45.23,Rice,150.00,570.66,5.28,876.62,15.08,6.78,1.82,25.91,27.86,41.85,30.29,0.10,0.00,1.00,1.00,1.00,1.94,
126.38,45.23,Rice,150.00,570.66,5.28,876.62,15.08,6.78,1.82,25.91,27.86,41.85,30.29,0.10,0.00,1.25,1.00,1.00,2.80,
126.38,45.23,Rice,150.00,570.66,5.28,876.62,15.08,6.78,1.82,25.91,27.86,41.85,30.29,0.10,0.00,0.00,1.00,1.00,0.88,
126.38,45.23,Rice,150.00,570.66,5.28,876.62,15.08,6.78,1.82,25.91,27.86,41.85,30.29,0.10,0.00,0.25,1.00,1.00,1.02,
126.38,45.23,Rice,150.00,570.66,5.28,876.62,15.08,6.78,1.82,25.91,27.86,41.85,30.29,0.10,0.00,0.50,1.00,1.00,1.30,
126.38,45.23,Rice,150.00,570.66,5.28,876.62,15.08,6.78,1.82,25.91,27.86,41.85,30.29,0.10,0.00,0.75,1.00,1.00,1.53,
126.38,45.23,Rice,150.00,570.66,5.28,876.62,15.08,6.78,1.82,25.91,27.86,41.85,30.29,0.10,0.00,1.00,1.00,1.00,2.96,
126.38,45.23,Rice,150.00,570.66,5.28,876.62,15.08,6.78,1.82,25.91,27.86,41.85,30.29,0.10,0.00,1.25,1.00,1.00,3.21,
120.22,31.12,Other crops,34.85,1108.50,16.80,969.18,12.55,6.68,1.71,11.32,19.68,32.52,47.80,3.63,1.00,1.00,1.00,1.00,3.65,
120.22,31.12,Other crops,34.85,1108.50,16.80,969.18,12.55,6.68,1.71,11.32,19.68,32.52,47.80,3.63,1.00,1.00,1.00,1.00,2.76,
120.22,31.12,Other crops,34.85,1108.50,16.80,969.18,12.55,6.68,1.71,11.32,19.68,32.52,47.80,3.63,1.00,1.00,1.00,1.00,3.11,
120.22,31.12,Other crops,34.85,1108.50,16.80,969.18,12.55,6.68,1.71,11.32,19.68,32.52,47.80,3.63,1.00,1.00,1.00,1.00,2.25,
111.90,33.20,Other crops,24.12,813.00,15.40,1014.68,17.36,5.95,1.71,15.31,20.02,36.35,43.63,19.50,0.00,1.00,1.00,1.00,0.02,
111.90,33.20,Other crops,24.12,813.00,15.40,1014.68,17.36,5.95,1.71,15.31,20.02,36.35,43.63,19.50,0.00,1.00,1.00,1.00,0.02,
111.90,33.20,Other crops,24.12,813.00,15.40,1014.68,17.36,5.95,1.71,15.31,20.02,36.35,43.63,19.50,0.00,1.00,1.00,1.00,0.01,
111.90,33.20,Other crops,24.12,813.00,15.40,1014.68,17.36,5.95,1.71,15.31,20.02,36.35,43.63,19.50,0.00,1.00,1.00,1.00,0.02,
111.90,33.20,Other crops,24.12,813.00,15.40,1014.68,17.36,5.95,1.71,15.31,20.02,36.35,43.63,19.50,0.00,1.00,1.00,1.00,0.02,
111.90,33.20,Other crops,24.12,813.00,15.40,1014.68,17.36,5.95,1.71,15.31,20.02,36.35,43.63,19.50,0.00,1.00,1.00,1.00,0.01,
114.69,24.16,Maize,26.27,1779.70,19.30,1067.53,15.49,5.05,1.67,7.56,23.00,19.00,58.00,7.31,0.00,1.00,1.00,1.00,3.72,
114.69,24.16,Maize,26.27,1779.70,19.30,1067.53,15.49,5.05,1.67,7.56,23.00,19.00,58.00,7.31,0.00,1.00,1.00,1.00,3.91,
114.69,24.16,Maize,26.27,1779.70,19.30,1067.53,15.49,5.05,1.67,7.56,23.00,19.00,58.00,7.31,0.00,1.00,1.00,1.00,6.15,
114.69,24.16,Maize,26.27,1779.70,19.30,1067.53,15.49,5.05,1.67,7.56,23.00,19.00,58.00,7.31,0.00,1.00,1.00,1.00,6.47,
105.47,31.27,Wheat,19.81,824.00,17.30,820.74,6.35,8.30,1.32,15.77,24.23,33.14,42.64,6.50,0.00,1.00,1.00,1.00,0.62,
105.47,31.27,Wheat,19.81,824.00,17.30,820.74,6.35,8.30,1.32,15.77,24.23,33.14,42.64,6.50,0.00,1.00,1.00,1.00,0.46,
105.47,31.27,Wheat,19.81,824.00,17.30,820.74,6.35,8.30,1.32,15.77,24.23,33.14,42.64,6.50,0.00,1.00,1.00,1.00,1.32,
105.47,31.27,Wheat,19.81,824.00,17.30,820.74,6.35,8.30,1.32,15.77,24.23,33.14,42.64,6.50,0.00,1.00,1.00,1.00,0.70,
105.47,31.27,Wheat,19.81,824.00,17.30,820.74,6.35,8.30,1.32,15.77,24.23,33.14,42.64,6.50,0.00,1.00,1.00,1.00,0.64,
105.47,31.27,Maize,19.81,824.00,17.30,820.74,6.35,8.30,1.32,15.77,24.23,33.14,42.64,6.50,0.00,1.00,1.00,1.00,0.62,
105.47,31.27,Maize,19.81,824.00,17.30,820.74,6.35,8.30,1.32,15.77,24.23,33.14,42.64,6.50,0.00,1.00,1.00,1.00,0.46,
105.47,31.27,Maize,19.81,824.00,17.30,820.74,6.35,8.30,1.32,15.77,24.23,33.14,42.64,6.50,0.00,1.00,1.00,1.00,1.32,
105.47,31.27,Maize,19.81,824.00,17.30,820.74,6.35,8.30,1.32,15.77,24.23,33.14,42.64,6.50,0.00,1.00,1.00,1.00,0.70,
105.47,31.27,Maize,19.81,824.00,17.30,820.74,6.35,8.30,1.32,15.77,24.23,33.14,42.64,6.50,0.00,1.00,1.00,1.00,0.64,
105.47,31.27,Wheat,19.81,824.00,17.30,820.74,6.35,8.30,1.32,15.77,24.23,33.14,42.64,6.50,0.00,1.00,1.00,1.00,0.20,
105.47,31.27,Wheat,19.81,824.00,17.30,820.74,6.35,8.30,1.32,15.77,24.23,33.14,42.64,6.50,0.00,1.00,1.00,1.00,0.09,
105.47,31.27,Wheat,19.81,824.00,17.30,820.74,6.35,8.30,1.32,15.77,24.23,33.14,42.64,6.50,0.00,1.00,1.00,1.00,0.51,
105.47,31.27,Wheat,19.81,824.00,17.30,820.74,6.35,8.30,1.32,15.77,24.23,33.14,42.64,6.50,0.00,1.00,1.00,1.00,0.21,
105.47,31.27,Wheat,19.81,824.00,17.30,820.74,6.35,8.30,1.32,15.77,24.23,33.14,42.64,6.50,0.00,1.00,1.00,1.00,0.16,
105.47,31.27,Maize,19.81,824.00,17.30,820.74,6.35,8.30,1.32,15.77,24.23,33.14,42.64,6.50,0.00,1.00,1.00,1.00,0.20,
105.47,31.27,Maize,19.81,824.00,17.30,820.74,6.35,8.30,1.32,15.77,24.23,33.14,42.64,6.50,0.00,1.00,1.00,1.00,0.09,
105.47,31.27,Maize,19.81,824.00,17.30,820.74,6.35,8.30,1.32,15.77,24.23,33.14,42.64,6.50,0.00,1.00,1.00,1.00,0.51,
105.47,31.27,Maize,19.81,824.00,17.30,820.74,6.35,8.30,1.32,15.77,24.23,33.14,42.64,6.50,0.00,1.00,1.00,1.00,0.21,
105.47,31.27,Maize,19.81,824.00,17.30,820.74,6.35,8.30,1.32,15.77,24.23,33.14,42.64,6.50,0.00,1.00,1.00,1.00,0.16,
105.47,31.27,Wheat,19.81,824.00,17.30,820.74,6.35,8.30,1.32,15.77,24.23,33.14,42.64,6.50,0.00,1.00,1.00,1.00,0.46,
105.47,31.27,Wheat,19.81,824.00,17.30,820.74,6.35,8.30,1.32,15.77,24.23,33.14,42.64,6.50,0.00,1.00,1.00,1.00,0.13,
105.47,31.27,Wheat,19.81,824.00,17.30,820.74,6.35,8.30,1.32,15.77,24.23,33.14,42.64,6.50,0.00,1.00,1.00,1.00,0.69,
105.47,31.27,Wheat,19.81,824.00,17.30,820.74,6.35,8.30,1.32,15.77,24.23,33.14,42.64,6.50,0.00,1.00,1.00,1.00,0.46,
105.47,31.27,Wheat,19.81,824.00,17.30,820.74,6.35,8.30,1.32,15.77,24.23,33.14,42.64,6.50,0.00,1.00,1.00,1.00,0.28,
105.47,31.27,Maize,19.81,824.00,17.30,820.74,6.35,8.30,1.32,15.77,24.23,33.14,42.64,6.50,0.00,1.00,1.00,1.00,0.46,
105.47,31.27,Maize,19.81,824.00,17.30,820.74,6.35,8.30,1.32,15.77,24.23,33.14,42.64,6.50,0.00,1.00,1.00,1.00,0.13,
105.47,31.27,Maize,19.81,824.00,17.30,820.74,6.35,8.30,1.32,15.77,24.23,33.14,42.64,6.50,0.00,1.00,1.00,1.00,0.69,
105.47,31.27,Maize,19.81,824.00,17.30,820.74,6.35,8.30,1.32,15.77,24.23,33.14,42.64,6.50,0.00,1.00,1.00,1.00,0.46,
105.47,31.27,Maize,19.81,824.00,17.30,820.74,6.35,8.30,1.32,15.77,24.23,33.14,42.64,6.50,0.00,1.00,1.00,1.00,0.28,
108.17,30.41,Maize,24.63,1150.00,19.20,831.63,19.97,8.80,1.33,16.87,22.01,35.41,42.58,15.00,0.00,1.00,1.00,1.00,0.96,
108.17,30.41,Maize,24.63,1150.00,19.20,831.63,19.97,8.80,1.33,16.87,22.01,35.41,42.58,4.10,0.00,1.00,1.00,1.00,2.06,
108.17,30.41,Maize,24.63,1150.00,19.20,831.63,19.97,8.80,1.33,16.87,22.01,35.41,42.58,4.10,0.00,1.00,1.00,1.00,0.28,
108.17,30.41,Maize,24.63,1150.00,19.20,831.63,19.97,8.80,1.33,16.87,22.01,35.41,42.58,4.10,0.00,1.00,1.00,1.00,0.22,
120.70,31.55,Rice,13.10,1200.00,16.90,971.35,17.87,7.40,1.23,6.68,28.50,51.30,10.20,0.05,0.00,1.00,1.00,1.00,0.14,
120.70,31.55,Rice,13.10,1200.00,16.90,971.35,17.87,7.40,1.23,6.68,28.50,51.30,10.20,0.05,0.00,1.00,1.00,1.00,0.34,
120.70,31.55,Rice,13.10,1200.00,16.90,971.35,17.87,7.40,1.23,6.68,28.50,51.30,10.20,0.05,0.00,1.00,1.00,1.00,0.43,
120.70,31.55,Rice,13.10,1200.00,16.90,971.35,17.87,7.40,1.23,6.68,28.50,51.30,10.20,0.05,0.00,1.00,1.00,1.00,0.42,
120.70,31.55,Rice,13.10,1200.00,16.90,971.35,17.87,7.40,1.23,6.68,28.50,51.30,10.20,0.05,0.00,1.00,1.00,1.00,0.45,
120.70,31.55,Rice,13.10,1200.00,16.90,971.35,17.87,7.40,1.23,6.68,28.50,51.30,10.20,0.05,0.00,1.00,1.00,1.00,0.41,
120.70,31.55,Rice,13.10,1200.00,16.90,971.35,17.87,7.40,1.23,6.68,28.50,51.30,10.20,0.05,0.00,1.00,1.00,1.00,0.36,
120.70,31.55,Rice,13.10,1200.00,16.90,971.35,17.87,7.40,1.23,6.68,28.50,51.30,10.20,0.05,0.00,1.00,1.00,1.00,0.53,
120.70,31.55,Rice,13.10,1200.00,16.90,971.35,17.87,7.40,1.23,6.68,28.50,51.30,10.20,0.05,0.00,1.00,1.00,1.00,0.73,
120.70,31.55,Rice,13.10,1200.00,16.90,971.35,17.87,7.40,1.23,6.68,28.50,51.30,10.20,0.05,0.00,1.00,1.00,1.00,0.74,
120.70,31.55,Rice,13.10,1200.00,16.90,971.35,17.87,7.40,1.23,6.68,28.50,51.30,10.20,0.05,0.00,1.00,1.00,1.00,0.80,
120.70,31.55,Rice,13.10,1200.00,16.90,971.35,17.87,7.40,1.23,6.68,28.50,51.30,10.20,0.05,0.00,1.00,1.00,1.00,0.80,
120.70,31.55,Rice,13.10,1200.00,16.90,971.35,17.87,7.40,1.23,6.68,28.50,51.30,10.20,0.05,0.00,1.00,1.00,1.00,0.24,
120.70,31.55,Rice,13.10,1200.00,16.90,971.35,17.87,7.40,1.23,6.68,28.50,51.30,10.20,0.05,0.00,1.00,1.00,1.00,0.43,
120.70,31.55,Rice,13.10,1200.00,16.90,971.35,17.87,7.40,1.23,6.68,28.50,51.30,10.20,0.05,0.00,1.00,1.00,1.00,0.53,
120.70,31.55,Rice,13.10,1200.00,16.90,971.35,17.87,7.40,1.23,6.68,28.50,51.30,10.20,0.05,0.00,1.00,1.00,1.00,0.54,
120.70,31.55,Rice,13.10,1200.00,16.90,971.35,17.87,7.40,1.23,6.68,28.50,51.30,10.20,0.05,0.00,1.00,1.00,1.00,0.58,
120.70,31.55,Rice,13.10,1200.00,16.90,971.35,17.87,7.40,1.23,6.68,28.50,51.30,10.20,0.05,0.00,1.00,1.00,1.00,0.56,
113.82,28.32,Rice,10.91,1428.70,23.80,979.58,15.52,5.44,1.73,9.43,21.43,31.23,47.34,4.53,1.00,1.00,1.00,1.00,0.26,
113.82,28.32,Rice,10.91,1428.70,23.80,979.58,15.52,5.44,1.73,9.43,21.43,31.23,47.34,4.53,1.00,1.00,1.00,1.00,0.74,
113.82,28.32,Rice,10.91,1428.70,23.80,979.58,15.52,5.44,1.73,9.43,21.43,31.23,47.34,4.53,1.00,1.00,1.00,1.00,0.66,
113.82,28.32,Rice,10.91,1428.70,23.80,979.58,15.52,5.44,1.73,9.43,21.43,31.23,47.34,4.53,1.00,1.00,1.00,1.00,0.55,
113.82,28.32,Rice,10.91,1428.70,23.80,979.58,15.52,5.44,1.73,9.43,21.43,31.23,47.34,4.53,1.00,1.00,1.00,1.00,0.49,
113.82,28.32,Rice,10.91,1428.70,23.80,979.58,15.52,5.44,1.73,9.43,21.43,31.23,47.34,4.53,1.00,1.00,1.00,1.00,0.16,
113.82,28.32,Rice,10.91,1428.70,23.80,979.58,15.52,5.44,1.73,9.43,21.43,31.23,47.34,4.53,1.00,1.00,1.00,1.00,0.47,
113.82,28.32,Rice,10.91,1428.70,23.80,979.58,15.52,5.44,1.73,9.43,21.43,31.23,47.34,4.53,1.00,1.00,1.00,1.00,0.37,
113.82,28.32,Rice,10.91,1428.70,23.80,979.58,15.52,5.44,1.73,9.43,21.43,31.23,47.34,4.53,1.00,1.00,1.00,1.00,0.32,
113.82,28.32,Rice,10.91,1428.70,23.80,979.58,15.52,5.44,1.73,9.43,21.43,31.23,47.34,4.53,1.00,1.00,1.00,1.00,0.30,
-82.75,42.20,Other crops,53.41,974.42,10.27,910.47,65.69,6.70,1.82,35.00,28.00,41.00,31.00,0.09,0.00,1.00,1.00,1.00,0.43,
-82.75,42.20,Other crops,53.41,974.42,10.27,910.47,65.69,6.70,1.82,35.00,28.00,41.00,31.00,0.09,0.00,1.00,1.00,1.00,0.76,
-82.75,42.20,Other crops,53.41,974.42,10.27,910.47,65.69,6.70,1.82,35.00,28.00,41.00,31.00,0.09,0.00,1.00,1.00,1.00,0.31,
-82.75,42.20,Other crops,53.41,974.42,10.27,910.47,65.69,6.70,1.82,35.00,28.00,41.00,31.00,0.09,0.00,1.00,1.00,1.00,0.56,
104.65,35.57,Other crops,3.00,404.50,7.20,1515.00,10.90,7.95,1.23,15.15,19.92,36.18,43.90,5.00,0.00,1.00,1.00,1.00,0.02,
104.65,35.57,Other crops,3.00,404.50,7.20,1515.00,10.90,7.95,1.23,15.15,19.92,36.18,43.90,10.00,0.00,1.00,1.00,1.00,0.02,
104.65,35.57,Other crops,3.00,404.50,7.20,1515.00,10.90,7.95,1.23,15.15,19.92,36.18,43.90,5.00,0.00,1.00,1.00,1.00,0.10,
104.65,35.57,Other crops,3.00,404.50,7.20,1515.00,10.90,7.95,1.23,15.15,19.92,36.18,43.90,5.00,0.00,1.00,1.00,1.00,0.01,
104.65,35.57,Other crops,3.00,404.50,7.20,1515.00,10.90,7.95,1.23,15.15,19.92,36.18,43.90,10.00,0.00,1.00,1.00,1.00,0.17,
104.65,35.57,Other crops,3.00,404.50,7.20,1515.00,10.90,7.95,1.23,15.15,19.92,36.18,43.90,10.00,0.00,1.00,1.00,1.00,0.01,
104.65,35.57,Other crops,3.00,404.50,7.20,1515.00,10.90,7.95,1.23,15.15,19.92,36.18,43.90,5.00,0.00,1.00,1.00,1.00,0.10,
104.65,35.57,Other crops,3.00,404.50,7.20,1515.00,10.90,7.95,1.23,15.15,19.92,36.18,43.90,10.00,0.00,1.00,1.00,1.00,0.24,
104.65,35.57,Other crops,3.00,404.50,7.20,1515.00,10.90,7.95,1.23,15.15,19.92,36.18,43.90,10.00,0.00,1.00,1.00,1.00,0.02,
104.65,35.57,Other crops,3.00,404.50,7.20,1515.00,10.90,7.95,1.23,15.15,19.92,36.18,43.90,5.00,0.00,1.00,1.00,1.00,0.03,
104.65,35.57,Other crops,3.00,404.50,7.20,1515.00,10.90,7.95,1.23,15.15,19.92,36.18,43.90,10.00,0.00,1.00,1.00,1.00,0.08,
104.65,35.57,Other crops,3.00,404.50,7.20,1515.00,10.90,7.95,1.23,15.15,19.92,36.18,43.90,10.00,0.00,1.00,1.00,1.00,0.01,
30.35,30.83,Rice,5.40,1200.00,21.54,1527.71,5.87,8.15,1.62,13.30,16.57,31.66,51.77,0.07,0.00,0.00,1.00,1.00,0.05,
30.35,30.83,Rice,5.40,1200.00,21.54,1527.71,5.87,8.15,1.62,13.30,16.57,31.66,51.77,0.07,0.00,0.67,1.00,1.00,0.40,
30.35,30.83,Rice,5.40,1200.00,21.54,1527.71,5.87,8.15,1.62,13.30,16.57,31.66,51.77,0.07,0.00,1.00,1.00,1.00,0.60,
30.35,30.83,Rice,5.40,1200.00,21.54,1527.71,5.87,8.15,1.62,13.30,16.57,31.66,51.77,0.07,0.00,1.33,1.00,1.00,0.85,
119.88,30.35,Rice,24.61,1500.90,16.97,954.87,21.31,7.05,1.78,13.55,25.34,33.11,41.55,1.83,0.00,1.00,1.00,1.00,0.52,
119.88,30.35,Rice,24.61,1500.90,16.97,954.87,21.31,7.05,1.78,13.55,25.34,33.11,41.55,1.83,0.00,1.00,1.00,1.00,0.38,
119.88,30.35,Rice,24.61,1500.90,16.97,954.87,21.31,7.05,1.78,13.55,25.34,33.11,41.55,1.83,0.00,1.00,1.00,1.00,0.28,
120.67,30.83,Rice,24.63,1249.41,17.23,971.03,12.16,6.30,1.62,7.13,15.70,24.84,59.45,0.04,0.00,1.00,1.00,1.00,0.60,
120.67,30.83,Rice,24.63,1249.41,17.23,971.03,12.16,6.30,1.62,7.13,15.70,24.84,59.45,0.04,0.00,1.00,1.00,1.00,0.41,
120.67,30.83,Rice,24.63,1249.41,17.23,971.03,12.16,6.30,1.62,7.13,15.70,24.84,59.45,0.04,0.00,1.00,1.00,1.00,0.31,
108.87,30.33,Other crops,7.41,1410.87,13.92,814.66,15.80,5.88,1.67,13.48,17.79,41.23,40.98,3.34,0.00,1.00,1.00,1.00,3.12,
108.87,30.33,Other crops,7.41,1410.87,13.92,814.66,15.80,5.88,1.67,13.48,17.79,41.23,40.98,3.34,0.00,1.00,1.00,1.00,1.75,
108.87,30.33,Other crops,7.41,1410.87,13.92,814.66,15.80,5.88,1.67,13.48,17.79,41.23,40.98,3.34,0.00,1.00,1.00,1.00,3.66,
108.87,30.33,Other crops,7.41,1410.87,13.92,814.66,15.80,5.88,1.67,13.48,17.79,41.23,40.98,3.34,0.00,1.00,1.00,1.00,2.28,
108.87,30.33,Other crops,7.41,1410.87,13.92,814.66,15.80,5.88,1.67,13.48,17.79,41.23,40.98,3.34,0.00,1.00,1.00,1.00,3.30,
108.87,30.33,Other crops,7.41,1410.87,13.92,814.66,15.80,5.88,1.67,13.48,17.79,41.23,40.98,3.34,0.00,1.00,1.00,1.00,2.29,
107.90,28.18,Other crops,5.15,1112.00,15.20,819.03,21.10,5.10,1.78,15.27,25.66,36.21,38.13,12.50,0.00,1.00,1.00,1.00,0.04,
107.90,28.18,Other crops,5.15,1112.00,15.20,819.03,21.10,5.10,1.78,15.27,25.66,36.21,38.13,12.50,0.00,1.00,1.00,1.00,0.19,
107.90,28.18,Other crops,5.15,1112.00,15.20,819.03,21.10,5.10,1.78,15.27,25.66,36.21,38.13,12.50,0.00,1.00,1.00,1.00,0.11,
107.90,28.18,Other crops,5.15,1112.00,15.20,819.03,21.10,5.10,1.78,15.27,25.66,36.21,38.13,12.50,0.00,1.00,1.00,1.00,0.08,
119.75,31.33,Rice,17.93,1264.50,16.60,972.73,13.79,5.99,1.72,13.43,21.08,36.24,42.68,2.64,0.00,1.00,1.00,1.00,0.63,
119.75,31.33,Rice,17.93,1264.50,16.60,972.73,13.79,5.99,1.72,13.43,21.08,36.24,42.68,2.64,0.00,1.00,1.00,1.00,0.62,
119.75,31.33,Rice,17.93,1264.50,16.60,972.73,13.79,5.99,1.72,13.43,21.08,36.24,42.68,2.64,0.00,1.00,1.00,1.00,2.20,
111.42,33.20,Other crops,16.00,739.62,15.57,1000.81,13.80,6.50,1.69,13.37,14.00,34.64,64.00,3.03,0.00,1.00,1.00,1.00,1.60,
111.42,33.20,Other crops,16.00,739.62,15.57,1000.81,13.80,6.50,1.69,13.37,14.00,34.64,64.00,3.03,0.00,1.00,1.00,1.00,1.30,
111.42,33.20,Other crops,16.00,739.62,15.57,1000.81,13.80,6.50,1.69,13.37,14.00,34.64,64.00,3.03,0.00,1.00,1.00,1.00,1.40,
111.42,33.20,Other crops,16.00,739.62,15.57,1000.81,13.80,6.50,1.69,13.37,14.00,34.64,64.00,3.03,0.00,1.00,1.00,1.00,0.71,
111.42,33.20,Other crops,16.00,739.62,15.57,1000.81,13.80,6.50,1.69,13.37,14.00,34.64,64.00,3.03,0.00,1.00,1.00,1.00,1.40,
111.42,33.20,Other crops,16.00,739.62,15.57,1000.81,13.80,6.50,1.69,13.37,14.00,34.64,64.00,3.03,0.00,1.00,1.00,1.00,1.50,
-82.73,42.22,Maize,57.76,830.00,8.90,910.11,65.69,6.70,1.82,35.00,28.00,41.00,31.00,0.09,0.00,1.00,1.00,1.00,2.65,
-82.73,42.22,Maize,57.76,830.00,8.90,910.11,65.69,6.70,1.82,35.00,28.00,41.00,31.00,0.09,0.00,1.00,1.00,1.00,2.08,
-82.73,42.22,Maize,57.76,830.00,8.90,910.11,65.69,6.70,1.82,35.00,28.00,41.00,31.00,0.09,0.00,1.00,1.00,1.00,1.40,
120.34,30.38,Rice,32.31,1421.98,17.59,968.10,17.55,6.11,1.79,15.60,26.16,36.58,37.27,10.00,0.00,1.00,1.00,1.00,0.76,
120.34,30.38,Rice,32.31,1421.98,17.59,968.10,8.31,7.13,1.79,15.60,26.16,36.58,37.27,0.33,0.00,1.00,1.00,1.00,1.45,
120.34,30.38,Rice,32.31,1421.98,17.59,968.10,8.31,7.13,1.79,15.60,26.16,36.58,37.27,0.33,0.00,1.00,1.00,1.00,0.86,
120.34,30.38,Rice,32.31,1421.98,17.59,968.10,8.31,7.13,1.79,15.60,26.16,36.58,37.27,0.33,0.00,1.00,1.00,1.00,0.86,
120.34,30.38,Rice,32.31,1421.98,17.59,968.10,8.31,7.13,1.79,15.60,26.16,36.58,37.27,0.33,0.00,1.00,1.00,1.00,0.93,
119.53,32.84,Rice,36.15,1037.00,14.60,1008.72,17.58,7.40,1.78,15.00,25.00,37.00,38.00,0.03,1.00,1.00,1.00,1.00,1.83,
119.53,32.84,Rice,36.15,1037.00,14.60,1008.72,17.58,7.40,1.78,15.00,25.00,37.00,38.00,0.03,1.00,1.00,1.00,1.00,2.67,
119.53,32.84,Rice,36.15,1037.00,14.60,1008.72,17.58,7.40,1.78,15.00,25.00,37.00,38.00,0.03,1.00,1.00,1.00,1.00,1.18,
119.53,32.84,Rice,36.15,1037.00,14.60,1008.72,17.58,7.40,1.78,15.00,25.00,37.00,38.00,0.03,1.00,1.00,1.00,1.00,1.53,
-81.94,40.81,Rice,38.00,1095.99,10.61,938.02,15.99,6.59,1.69,15.00,19.00,50.00,31.00,1.28,0.00,1.00,1.00,1.00,0.60,
-83.79,41.19,Rice,57.00,1030.83,10.68,931.84,16.89,6.14,1.73,17.00,22.00,55.00,23.00,0.07,0.00,1.00,1.00,1.00,2.24,
119.75,31.79,Rice,39.33,1071.50,15.40,978.12,13.40,6.12,1.74,11.93,22.54,40.69,36.77,0.06,0.00,1.00,1.00,1.00,0.50,
113.82,28.32,Maize,40.95,1613.16,17.60,979.58,10.71,5.80,1.73,9.43,21.43,31.23,47.34,4.53,0.00,0.00,1.00,1.00,0.28,
113.82,28.32,Maize,40.95,1613.16,17.60,979.58,10.71,5.80,1.73,9.43,21.43,31.23,47.34,4.53,0.00,1.00,1.00,1.00,1.05,
113.82,28.32,Maize,40.95,1613.16,17.60,979.58,10.71,5.80,1.73,9.43,21.43,31.23,47.34,4.53,0.00,1.00,1.00,1.00,0.48,
113.82,28.32,Maize,40.95,1613.16,17.60,979.58,10.71,5.80,1.73,9.43,21.43,31.23,47.34,4.53,0.00,1.00,1.00,1.00,0.35,
113.82,28.32,Maize,40.95,1613.16,17.60,979.58,10.71,5.80,1.73,9.43,21.43,31.23,47.34,4.53,0.00,1.00,1.00,1.00,0.45,
120.34,31.57,Rice,22.83,1172.14,16.56,971.00,14.00,6.00,1.76,13.72,23.55,35.44,41.02,0.07,0.00,0.00,1.00,1.00,0.76,
120.34,31.57,Rice,22.83,1172.14,16.56,971.00,14.00,6.00,1.76,13.72,23.55,35.44,41.02,0.07,0.00,0.20,1.00,1.00,1.43,
120.34,31.57,Rice,22.83,1172.14,16.56,971.00,14.00,6.00,1.76,13.72,23.55,35.44,41.02,0.07,0.00,1.00,1.00,1.00,0.27,
120.34,31.57,Rice,22.83,1172.14,16.56,971.00,14.00,6.00,1.76,13.72,23.55,35.44,41.02,0.07,0.00,2.00,1.00,1.00,0.60,
120.76,31.67,Rice,28.95,1174.62,16.41,970.86,18.19,7.20,1.68,11.32,19.22,34.15,46.63,0.09,0.00,0.00,1.00,1.00,0.49,
120.76,31.67,Rice,28.95,1174.62,16.41,970.86,18.19,7.20,1.68,11.32,19.22,34.15,46.63,0.09,0.00,0.20,1.00,1.00,0.70,
120.76,31.67,Rice,28.95,1174.62,16.41,970.86,18.19,7.20,1.68,11.32,19.22,34.15,46.63,0.09,0.00,1.00,1.00,1.00,0.44,
120.76,31.67,Rice,28.95,1174.62,16.41,970.86,18.19,7.20,1.68,11.32,19.22,34.15,46.63,0.09,0.00,2.00,1.00,1.00,0.39,
120.30,30.50,Rice,25.17,1550.00,17.48,967.44,14.25,6.28,1.78,14.64,24.71,37.43,37.86,0.04,0.00,0.00,1.00,1.00,0.83,
120.30,30.50,Rice,25.17,1550.00,17.48,967.44,14.25,6.28,1.78,14.64,24.71,37.43,37.86,0.04,0.00,1.00,1.00,1.00,0.95,
120.30,30.50,Rice,25.17,1550.00,17.48,967.44,14.25,6.28,1.78,14.64,24.71,37.43,37.86,0.04,0.00,2.00,1.00,1.00,1.06,
117.79,31.65,Wheat,25.97,996.00,16.00,1020.08,19.76,6.99,1.77,14.30,24.11,35.95,39.94,0.25,0.00,0.00,0.00,0.00,0.58,
117.79,31.65,Wheat,25.97,996.00,16.00,1020.08,19.76,6.99,1.77,14.30,24.11,35.95,39.94,0.25,0.00,0.75,1.00,1.00,0.60,
117.79,31.65,Wheat,25.97,996.00,16.00,1020.08,19.76,6.99,1.77,14.30,24.11,35.95,39.94,0.25,0.00,1.00,1.00,1.00,0.59,
117.79,31.65,Wheat,25.97,996.00,16.00,1020.08,19.76,6.99,1.77,14.30,24.11,35.95,39.94,0.25,0.00,1.00,1.00,1.00,0.62,
117.79,31.65,Wheat,25.97,996.00,16.00,1020.08,19.76,6.99,1.77,14.30,24.11,35.95,39.94,0.25,0.00,0.50,1.00,1.00,0.78,
117.79,31.65,Wheat,25.97,996.00,16.00,1020.08,19.76,6.99,1.77,14.30,24.11,35.95,39.94,0.25,0.00,0.50,1.00,1.00,0.50,
117.79,31.65,Rice,25.97,996.00,16.00,1020.08,19.76,6.99,1.77,14.30,24.11,35.95,39.94,0.25,0.00,0.00,0.00,0.00,0.12,
117.79,31.65,Rice,25.97,996.00,16.00,1020.08,19.76,6.99,1.77,14.30,24.11,35.95,39.94,0.25,0.00,1.24,1.00,1.00,0.09,
117.79,31.65,Rice,25.97,996.00,16.00,1020.08,19.76,6.99,1.77,14.30,24.11,35.95,39.94,0.25,0.00,1.00,1.00,1.00,0.08,
117.79,31.65,Rice,25.97,996.00,16.00,1020.08,19.76,6.99,1.77,14.30,24.11,35.95,39.94,0.25,0.00,1.00,1.00,1.00,0.03,
117.79,31.65,Rice,25.97,996.00,16.00,1020.08,19.76,6.99,1.77,14.30,24.11,35.95,39.94,0.25,0.00,0.50,1.00,1.00,0.18,
117.79,31.65,Rice,25.97,996.00,16.00,1020.08,19.76,6.99,1.77,14.30,24.11,35.95,39.94,0.25,0.00,0.50,1.00,1.00,0.15,
113.82,28.32,Maize,12.23,1613.16,17.60,979.58,6.55,5.69,1.73,9.43,21.43,31.23,47.34,4.53,0.00,1.00,1.00,1.00,0.70,
113.82,28.32,Maize,12.23,1613.16,17.60,979.58,6.55,5.69,1.73,9.43,21.43,31.23,47.34,4.53,0.00,1.00,1.00,1.00,0.98,
113.82,28.32,Maize,12.23,1613.16,17.60,979.58,6.55,5.69,1.73,9.43,21.43,31.23,47.34,4.53,0.00,1.00,1.00,1.00,1.10,
113.82,28.32,Maize,12.23,1613.16,17.60,979.58,6.55,5.69,1.73,9.43,21.43,31.23,47.34,4.53,0.00,1.00,1.00,1.00,1.05,
113.82,28.32,Maize,12.23,1613.16,17.60,979.58,6.55,5.69,1.73,9.43,21.43,31.23,47.34,4.53,0.00,1.00,1.00,1.00,1.10,
22.38,39.63,Other crops,21.24,594.18,15.05,987.83,9.57,8.21,1.95,30.57,36.11,25.48,38.41,0.48,0.00,1.00,1.00,1.00,0.38,
22.38,39.63,Other crops,21.24,594.18,15.05,987.83,9.57,8.21,1.95,30.57,36.11,25.48,38.41,0.48,0.00,1.00,1.00,1.00,0.79,
22.38,39.63,Other crops,21.24,594.18,15.05,987.83,9.57,8.21,1.95,30.57,36.11,25.48,38.41,0.48,0.00,1.00,1.00,1.00,1.04,
22.38,39.63,Other crops,21.24,594.18,15.05,987.83,9.57,8.21,1.95,30.57,36.11,25.48,38.41,0.48,0.00,1.00,1.00,1.00,1.61,
22.38,39.63,Other crops,21.24,594.18,15.05,987.83,9.57,8.21,1.95,30.57,36.11,25.48,38.41,0.48,0.00,1.00,1.00,1.00,0.38,
22.38,39.63,Other crops,21.24,594.18,15.05,987.83,9.57,8.21,1.95,30.57,36.11,25.48,38.41,0.48,0.00,1.00,1.00,1.00,0.79,
22.38,39.63,Other crops,21.24,594.18,15.05,987.83,9.57,8.21,1.95,30.57,36.11,25.48,38.41,0.48,0.00,1.00,1.00,1.00,1.04,
22.38,39.63,Other crops,21.24,594.18,15.05,987.83,9.57,8.21,1.95,30.57,36.11,25.48,38.41,0.48,0.00,1.00,1.00,1.00,1.61,
22.38,39.63,Other crops,21.24,594.18,15.05,987.83,9.57,8.21,1.95,30.57,36.11,25.48,38.41,0.48,0.00,1.00,1.00,1.00,0.45,
22.38,39.63,Other crops,21.24,594.18,15.05,987.83,9.57,8.21,1.95,30.57,36.11,25.48,38.41,0.48,0.00,1.00,1.00,1.00,1.15,
22.38,39.63,Other crops,21.24,594.18,15.05,987.83,9.57,8.21,1.95,30.57,36.11,25.48,38.41,0.48,0.00,1.00,1.00,1.00,1.75,
22.38,39.63,Other crops,21.24,594.18,15.05,987.83,9.57,8.21,1.95,30.57,36.11,25.48,38.41,0.48,0.00,1.00,1.00,1.00,3.23,
22.38,39.63,Other crops,21.24,594.18,15.05,987.83,9.57,8.21,1.95,30.57,36.11,25.48,38.41,0.48,0.00,1.00,1.00,1.00,0.45,
22.38,39.63,Other crops,21.24,594.18,15.05,987.83,9.57,8.21,1.95,30.57,36.11,25.48,38.41,0.48,0.00,1.00,1.00,1.00,1.15,
22.38,39.63,Other crops,21.24,594.18,15.05,987.83,9.57,8.21,1.95,30.57,36.11,25.48,38.41,0.48,0.00,1.00,1.00,1.00,1.75,
22.38,39.63,Other crops,21.24,594.18,15.05,987.83,9.57,8.21,1.95,30.57,36.11,25.48,38.41,0.48,0.00,1.00,1.00,1.00,3.23,
-87.59,39.58,Maize,21.81,844.00,12.84,1046.83,16.26,6.01,1.69,15.34,19.39,50.34,30.27,0.36,0.00,1.00,1.00,1.00,0.02,
-87.59,39.58,Maize,21.81,844.00,12.84,1046.83,16.26,6.01,1.69,15.34,19.39,50.34,30.27,0.36,0.00,0.42,1.00,1.00,0.07,
-87.59,39.58,Maize,21.81,747.00,12.84,1046.83,16.26,6.01,1.69,15.34,19.39,50.34,30.27,0.36,0.00,0.00,1.00,1.00,0.05,
-87.59,39.58,Maize,21.81,904.00,12.84,1046.83,16.26,6.01,1.69,15.34,19.39,50.34,30.27,0.36,0.00,0.00,1.00,1.00,0.15,
-87.59,39.58,Maize,21.81,743.00,12.84,1046.83,16.26,6.01,1.69,15.34,19.39,50.34,30.27,0.36,0.00,0.00,1.00,1.00,0.03,
-87.59,39.58,Maize,21.81,693.00,12.84,1046.83,16.26,6.01,1.69,15.34,19.39,50.34,30.27,0.36,0.00,2.22,1.00,1.00,0.02,
-87.59,39.58,Maize,21.81,744.00,12.84,1046.83,16.26,6.01,1.69,15.34,19.39,50.34,30.27,0.36,0.00,1.78,1.00,1.00,0.09,
-87.59,39.58,Maize,21.81,1006.00,12.84,1046.83,16.26,6.01,1.69,15.34,19.39,50.34,30.27,0.36,0.00,13.06,1.00,1.00,0.14,
-87.59,39.58,Maize,21.81,1006.00,12.84,1046.83,16.26,6.01,1.69,15.34,19.39,50.34,30.27,0.36,0.00,1.00,1.00,1.00,0.11,
-87.59,39.58,Maize,21.81,933.00,12.84,1046.83,16.26,6.01,1.69,15.34,19.39,50.34,30.27,0.36,0.00,0.00,1.00,1.00,0.34,
-87.59,39.58,Maize,21.81,959.00,12.84,1046.83,16.26,6.01,1.69,15.34,19.39,50.34,30.27,0.36,0.00,0.00,1.00,1.00,0.12,
-87.59,39.58,Maize,21.81,1266.00,12.84,1046.83,16.26,6.01,1.69,15.34,19.39,50.34,30.27,0.36,0.00,1.00,1.00,1.00,0.11,
-87.59,39.58,Maize,21.81,1266.00,12.84,1046.83,16.26,6.01,1.69,15.34,19.39,50.34,30.27,0.36,0.00,0.33,1.00,1.00,0.12,
-87.59,39.58,Maize,21.81,1004.00,12.84,1046.83,16.26,6.01,1.69,15.34,19.39,50.34,30.27,0.36,0.00,0.00,1.00,1.00,0.30,
-87.59,39.58,Maize,21.81,1177.00,12.84,1046.83,16.26,6.01,1.69,15.34,19.39,50.34,30.27,0.36,0.00,0.00,1.00,1.00,0.30,
-87.59,39.58,Maize,21.81,683.00,12.84,1046.83,16.26,6.01,1.69,15.34,19.39,50.34,30.27,0.36,0.00,0.31,1.00,1.00,0.13,
-87.59,39.58,Maize,21.81,689.00,12.84,1046.83,16.26,6.01,1.69,15.34,19.39,50.34,30.27,0.36,0.00,1.00,1.00,1.00,0.04,
-87.59,39.58,Maize,21.81,760.00,12.84,1046.83,16.26,6.01,1.69,15.34,19.39,50.34,30.27,0.36,0.00,0.81,1.00,1.00,0.14,
-87.59,39.58,Maize,21.81,727.00,12.84,1046.83,16.26,6.01,1.69,15.34,19.39,50.34,30.27,0.36,0.00,0.00,1.00,1.00,0.11,
-87.59,39.58,Maize,21.81,770.00,12.84,1046.83,16.26,6.01,1.69,15.34,19.39,50.34,30.27,0.36,0.00,0.00,1.00,1.00,0.07,
106.41,29.81,Wheat,18.29,1100.00,18.30,841.50,5.08,8.10,1.33,13.95,21.99,63.63,14.38,15.00,1.00,0.00,1.00,1.00,1.24,
106.41,29.81,Wheat,18.29,1100.00,18.30,841.50,5.08,8.10,1.33,13.95,21.99,63.63,14.38,15.00,1.00,1.09,1.00,1.00,0.74,
106.41,29.81,Wheat,18.29,1100.00,18.30,841.50,5.08,8.10,1.33,13.95,21.99,63.63,14.38,15.00,1.00,1.00,1.00,1.00,0.71,
106.41,29.81,Wheat,18.29,1100.00,18.30,841.50,5.08,8.10,1.33,13.95,21.99,63.63,14.38,15.00,1.00,1.50,1.00,1.00,0.73,
106.41,29.81,Wheat,18.29,1100.00,18.30,841.50,5.08,8.10,1.33,13.95,21.99,63.63,14.38,15.00,1.00,0.00,1.00,1.00,0.16,
106.41,29.81,Wheat,18.29,1100.00,18.30,841.50,5.08,8.10,1.33,13.95,21.99,63.63,14.38,15.00,1.00,1.09,1.00,1.00,0.14,
106.41,29.81,Wheat,18.29,1100.00,18.30,841.50,5.08,8.10,1.33,13.95,21.99,63.63,14.38,15.00,1.00,1.00,1.00,1.00,0.18,
106.41,29.81,Wheat,18.29,1100.00,18.30,841.50,5.08,8.10,1.33,13.95,21.99,63.63,14.38,15.00,1.00,1.50,1.00,1.00,0.24,
106.41,29.81,Wheat,18.29,1100.00,18.30,841.50,5.08,8.10,1.33,13.95,21.99,63.63,14.38,15.00,1.00,0.00,1.00,1.00,0.45,
106.41,29.81,Wheat,18.29,1100.00,18.30,841.50,5.08,8.10,1.33,13.95,21.99,63.63,14.38,15.00,1.00,1.09,1.00,1.00,0.37,
106.41,29.81,Wheat,18.29,1100.00,18.30,841.50,5.08,8.10,1.33,13.95,21.99,63.63,14.38,15.00,1.00,1.00,1.00,1.00,0.34,
106.41,29.81,Wheat,18.29,1100.00,18.30,841.50,5.08,8.10,1.33,13.95,21.99,63.63,14.38,15.00,1.00,1.50,1.00,1.00,0.35,
106.41,29.81,Wheat,18.29,1100.00,18.30,841.50,5.08,8.10,1.33,13.95,21.99,63.63,14.38,15.00,1.00,0.00,1.00,1.00,0.36,
106.41,29.81,Wheat,18.29,1100.00,18.30,841.50,5.08,8.10,1.33,13.95,21.99,63.63,14.38,15.00,1.00,1.09,1.00,1.00,0.17,
106.41,29.81,Wheat,18.29,1100.00,18.30,841.50,5.08,8.10,1.33,13.95,21.99,63.63,14.38,15.00,1.00,1.00,1.00,1.00,0.25,
106.41,29.81,Wheat,18.29,1100.00,18.30,841.50,5.08,8.10,1.33,13.95,21.99,63.63,14.38,15.00,1.00,1.50,1.00,1.00,0.27,
106.41,29.81,Wheat,18.29,1100.00,18.30,841.50,5.08,8.10,1.33,13.95,21.99,63.63,14.38,15.00,1.00,0.00,1.00,1.00,0.18,
106.41,29.81,Wheat,18.29,1100.00,18.30,841.50,5.08,8.10,1.33,13.95,21.99,63.63,14.38,15.00,1.00,1.09,1.00,1.00,0.17,
106.41,29.81,Wheat,18.29,1100.00,18.30,841.50,5.08,8.10,1.33,13.95,21.99,63.63,14.38,15.00,1.00,1.00,1.00,1.00,0.16,
106.41,29.81,Wheat,18.29,1100.00,18.30,841.50,5.08,8.10,1.33,13.95,21.99,63.63,14.38,15.00,1.00,1.50,1.00,1.00,0.17,
-96.43,41.18,Maize,17.96,752.00,10.83,1055.22,18.56,6.90,1.12,22.00,14.00,58.00,28.00,5.50,1.00,1.00,1.00,1.00,0.48,
-96.43,41.18,Maize,17.96,752.00,10.83,1055.22,18.56,6.90,1.12,22.00,14.00,58.00,28.00,5.50,1.00,1.00,1.00,1.00,0.23,
-96.43,41.18,Maize,17.96,752.00,10.83,1055.22,18.56,6.90,1.12,22.00,14.00,58.00,28.00,5.50,1.00,1.00,1.00,1.00,0.11,
23.49,56.70,Wheat,82.12,658.95,6.83,628.07,64.18,5.58,1.58,24.32,16.60,43.54,39.86,0.32,0.00,1.00,1.00,1.00,0.24,
23.49,56.70,Other crops,82.12,526.61,5.40,628.07,64.18,5.58,1.58,24.32,16.60,43.54,39.86,0.32,0.00,1.00,1.00,1.00,0.23,
23.49,56.70,Wheat,82.12,588.36,7.22,628.07,64.18,5.58,1.58,24.32,16.60,43.54,39.86,0.32,0.00,1.00,1.00,1.00,0.13,
23.49,56.70,Wheat,82.12,703.39,6.94,628.07,64.18,5.58,1.58,24.32,16.60,43.54,39.86,0.32,0.00,1.00,1.00,1.00,0.15,
23.49,56.70,Wheat,82.12,545.47,9.86,628.07,64.18,5.58,1.58,24.32,16.60,43.54,39.86,0.32,0.00,1.00,1.00,1.00,0.11,
23.49,56.70,Wheat,82.12,506.97,8.43,628.07,64.18,5.58,1.58,24.32,16.60,43.54,39.86,0.32,0.00,1.00,1.00,1.00,0.06,
23.49,56.70,Wheat,82.12,713.72,7.65,628.07,64.18,5.58,1.58,24.32,16.60,43.54,39.86,0.32,0.00,1.00,1.00,1.00,0.14,
23.49,56.70,Wheat,82.12,681.62,7.62,628.07,64.18,5.58,1.58,24.32,16.60,43.54,39.86,0.32,0.00,1.00,1.00,1.00,0.11,
23.49,56.70,Wheat,82.12,470.38,7.41,628.07,64.18,5.58,1.58,24.32,16.60,43.54,39.86,0.32,0.00,1.00,1.00,1.00,0.03,
23.49,56.70,Wheat,82.12,617.42,7.16,628.07,64.18,5.58,1.58,24.32,16.60,43.54,39.86,0.32,0.00,1.00,1.00,1.00,0.13,
23.49,56.70,Wheat,82.12,514.93,6.58,628.07,64.18,5.58,1.58,24.32,16.60,43.54,39.86,0.32,0.00,1.00,1.00,1.00,0.06,
23.49,56.70,Wheat,82.12,565.90,7.73,628.07,64.18,5.58,1.58,24.32,16.60,43.54,39.86,0.32,0.00,1.00,1.00,1.00,0.12,
23.49,56.70,Wheat,82.12,529.53,8.13,628.07,64.18,5.58,1.58,24.32,16.60,43.54,39.86,0.32,0.00,1.00,1.00,1.00,0.13,
23.49,56.70,Wheat,82.12,574.19,6.93,628.07,64.18,5.58,1.58,24.32,16.60,43.54,39.86,0.32,0.00,1.00,1.00,1.00,0.13,
23.49,56.70,Wheat,82.12,827.88,5.76,628.07,64.18,5.58,1.58,24.32,16.60,43.54,39.86,0.32,0.00,1.00,1.00,1.00,0.50,
23.49,56.70,Wheat,82.12,640.09,7.48,628.07,64.18,5.58,1.58,24.32,16.60,43.54,39.86,0.32,0.00,1.00,1.00,1.00,0.21,
23.49,56.70,Other crops,82.12,697.56,6.31,628.07,64.18,5.58,1.58,24.32,16.60,43.54,39.86,0.32,0.00,1.00,1.00,1.00,0.23,
23.49,56.70,Other crops,82.12,605.73,7.17,628.07,64.18,5.58,1.58,24.32,16.60,43.54,39.86,0.32,0.00,1.00,1.00,1.00,0.13,
22.24,56.50,Wheat,91.04,765.69,6.40,621.08,16.56,6.11,1.71,16.11,20.49,52.95,26.56,0.32,0.00,1.00,1.00,1.00,0.19,
22.24,56.50,Other crops,91.04,587.75,4.98,621.08,16.56,6.11,1.71,16.11,20.49,52.95,26.56,0.32,0.00,1.00,1.00,1.00,0.12,
22.24,56.50,Other crops,91.04,633.58,6.50,621.08,16.56,6.11,1.71,16.11,20.49,52.95,26.56,0.32,0.00,1.00,1.00,1.00,0.10,
22.24,56.50,Wheat,91.04,744.12,5.44,621.08,16.56,6.11,1.71,16.11,20.49,52.95,26.56,0.32,0.00,1.00,1.00,1.00,0.76,
22.24,56.50,Wheat,91.04,641.67,6.76,621.08,16.56,6.11,1.71,16.11,20.49,52.95,26.56,0.32,0.00,1.00,1.00,1.00,0.17,
22.24,56.50,Other crops,91.04,598.53,8.90,621.08,16.56,6.11,1.71,16.11,20.49,52.95,26.56,0.32,0.00,1.00,1.00,1.00,0.10,
22.24,56.50,Wheat,91.04,771.08,6.20,621.08,16.56,6.11,1.71,16.11,20.49,52.95,26.56,0.32,0.00,1.00,1.00,1.00,0.12,
22.24,56.50,Wheat,91.04,593.14,6.50,621.08,16.56,6.11,1.71,16.11,20.49,52.95,26.56,0.32,0.00,1.00,1.00,1.00,0.25,
22.24,56.50,Other crops,91.04,587.75,5.86,621.08,16.56,6.11,1.71,16.11,20.49,52.95,26.56,0.32,0.00,1.00,1.00,1.00,0.10,
22.24,56.50,Wheat,91.04,603.92,5.74,621.08,16.56,6.11,1.71,16.11,20.49,52.95,26.56,0.32,0.00,1.00,1.00,1.00,0.09,
22.24,56.50,Other crops,91.04,474.51,5.66,621.08,16.56,6.11,1.71,16.11,20.49,52.95,26.56,0.32,0.00,1.00,1.00,1.00,0.09,
22.24,56.50,Other crops,91.04,576.96,6.69,621.08,16.56,6.11,1.71,16.11,20.49,52.95,26.56,0.32,0.00,1.00,1.00,1.00,0.17,
22.24,56.50,Wheat,91.04,754.90,6.79,621.08,16.56,6.11,1.71,16.11,20.49,52.95,26.56,0.32,0.00,1.00,1.00,1.00,0.21,
22.24,56.50,Other crops,91.04,649.76,7.21,621.08,16.56,6.11,1.71,16.11,20.49,52.95,26.56,0.32,0.00,1.00,1.00,1.00,0.09,
22.24,56.50,Wheat,91.04,860.05,6.13,621.08,16.56,6.11,1.71,16.11,20.49,52.95,26.56,0.32,0.00,1.00,1.00,1.00,0.11,
22.24,56.50,Other crops,91.04,854.66,4.83,621.08,16.56,6.11,1.71,16.11,20.49,52.95,26.56,0.32,0.00,1.00,1.00,1.00,0.12,
22.24,56.50,Wheat,91.04,1037.99,6.72,621.08,16.56,6.11,1.71,16.11,20.49,52.95,26.56,0.32,0.00,1.00,1.00,1.00,0.16,
22.24,56.50,Wheat,91.04,749.51,6.20,621.08,16.56,6.11,1.71,16.11,20.49,52.95,26.56,0.32,0.00,1.00,1.00,1.00,0.16,
22.24,56.50,Other crops,91.04,633.58,6.96,621.08,16.56,6.11,1.71,16.11,20.49,52.95,26.56,0.32,0.00,1.00,1.00,1.00,0.16,
-90.66,44.70,Maize,33.98,774.00,6.54,807.99,15.99,6.00,1.69,15.00,19.00,50.00,31.00,0.64,0.00,0.78,1.00,1.00,1.67,
-90.66,44.70,Maize,33.98,774.00,6.54,807.99,15.99,6.00,1.69,15.00,19.00,50.00,31.00,0.64,0.00,1.48,1.00,1.00,1.17,
-90.66,44.70,Maize,33.98,739.00,6.54,807.99,15.99,6.00,1.69,15.00,19.00,50.00,31.00,0.64,0.00,0.85,1.00,1.00,2.51,
-90.66,44.70,Maize,33.98,739.00,6.54,807.99,15.99,6.00,1.69,15.00,19.00,50.00,31.00,0.64,0.00,1.00,1.00,1.00,4.55,
-90.66,44.70,Maize,33.98,821.00,6.54,807.99,15.99,6.00,1.69,15.00,19.00,50.00,31.00,0.64,0.00,0.00,1.00,1.00,2.27,
-90.66,44.70,Maize,33.98,564.00,6.54,807.99,15.99,6.00,1.69,15.00,19.00,50.00,31.00,0.64,0.00,1.00,1.00,1.00,0.60,
-90.66,44.70,Maize,33.98,564.00,6.54,807.99,15.99,6.00,1.69,15.00,19.00,50.00,31.00,0.64,0.00,1.26,1.00,1.00,2.10,
-90.66,44.70,Maize,33.98,1190.00,6.54,807.99,15.99,6.00,1.69,15.00,19.00,50.00,31.00,0.64,0.00,0.00,1.00,1.00,1.05,
-90.66,44.70,Other crops,33.98,659.00,6.54,807.99,15.99,6.00,1.69,15.00,19.00,50.00,31.00,0.64,0.00,0.00,1.00,1.00,4.14,
-90.66,44.70,Maize,33.98,696.00,6.54,807.99,15.99,6.00,1.69,15.00,19.00,50.00,31.00,0.64,0.00,0.00,1.00,1.00,2.24,
-90.66,44.70,Maize,33.98,696.00,6.54,807.99,15.99,6.00,1.69,15.00,19.00,50.00,31.00,0.64,0.00,0.00,1.00,1.00,1.42,
-90.66,44.70,Maize,33.98,972.00,6.54,807.99,15.99,6.00,1.69,15.00,19.00,50.00,31.00,0.64,0.00,6.75,1.00,1.00,6.93,
-90.66,44.70,Other crops,33.98,604.00,6.54,807.99,15.99,6.00,1.69,15.00,19.00,50.00,31.00,0.64,0.00,1.00,1.00,1.00,4.33,
-102.06,35.19,Wheat,15.92,540.00,14.97,1671.50,14.18,7.00,1.76,20.00,23.00,38.00,39.00,0.80,0.00,1.00,1.00,1.00,0.29,
-102.06,35.19,Other crops,15.92,540.00,14.97,1671.50,14.18,7.00,1.76,20.00,23.00,38.00,39.00,0.80,0.00,1.00,1.00,1.00,0.44,
-102.06,35.19,Other crops,15.92,540.00,14.97,1671.50,14.18,7.00,1.76,20.00,23.00,38.00,39.00,0.80,0.00,1.00,1.00,1.00,0.47,
-102.06,35.19,Wheat,15.92,540.00,14.97,1671.50,14.18,7.00,1.76,20.00,23.00,38.00,39.00,0.80,0.00,1.00,1.00,1.00,0.48,
-102.06,35.19,Other crops,15.92,540.00,14.97,1671.50,14.18,7.00,1.76,20.00,23.00,38.00,39.00,0.80,0.00,1.00,1.00,1.00,0.51,
-102.06,35.19,Other crops,15.92,540.00,14.97,1671.50,14.18,7.00,1.76,20.00,23.00,38.00,39.00,0.80,0.00,1.00,1.00,1.00,0.60,
-97.96,35.54,Other crops,14.60,740.00,16.45,1535.32,17.83,6.40,1.75,20.00,23.01,45.94,31.05,0.66,0.00,0.00,1.00,1.00,0.25,
-97.96,35.54,Other crops,14.60,740.00,16.45,1535.32,17.83,6.40,1.75,20.00,23.01,45.94,31.05,0.66,0.00,1.00,1.00,1.00,0.29,
-97.96,35.54,Other crops,14.60,740.00,16.45,1535.32,17.83,6.40,1.75,20.00,23.01,45.94,31.05,0.66,0.00,0.00,1.00,1.00,0.25,
-97.96,35.54,Other crops,14.60,740.00,16.45,1535.32,17.83,6.40,1.75,20.00,23.01,45.94,31.05,0.66,0.00,1.00,1.00,1.00,0.31,
-97.96,35.54,Wheat,14.60,740.00,16.45,1535.32,17.83,6.40,1.75,20.00,23.01,45.94,31.05,0.66,0.00,1.23,1.00,1.00,2.83,
-97.96,35.54,Wheat,14.60,740.00,16.45,1535.32,17.83,6.40,1.75,20.00,23.01,45.94,31.05,0.66,0.00,1.00,1.00,1.00,1.69,
-97.96,35.54,Wheat,14.60,740.00,16.45,1535.32,17.83,6.40,1.75,20.00,23.01,45.94,31.05,0.66,0.00,1.00,1.00,1.00,3.74,
-98.44,35.10,Other crops,16.09,900.00,16.73,1596.61,15.48,6.80,1.77,20.00,23.51,38.00,38.49,0.51,0.00,1.00,1.00,1.00,5.25,
-98.44,35.10,Other crops,16.09,900.00,16.73,1596.61,15.48,6.80,1.77,20.00,23.51,38.00,38.49,0.51,0.00,1.00,1.00,1.00,7.34,
-99.40,36.42,Other crops,11.91,600.00,15.40,1610.47,16.72,6.60,1.77,20.00,24.00,38.00,38.00,0.57,0.00,0.00,1.00,1.00,0.02,
-99.40,36.42,Other crops,11.91,600.00,15.40,1610.47,16.72,6.60,1.77,20.00,24.00,38.00,38.00,0.57,0.00,0.00,1.00,1.00,0.08,
-99.40,36.42,Wheat,11.91,600.00,15.40,1610.47,16.72,6.60,1.77,20.00,24.00,38.00,38.00,0.57,0.00,1.00,1.00,1.00,2.93,
-97.96,35.54,Other crops,14.60,837.40,16.45,1535.32,17.83,6.40,1.75,20.00,23.01,45.94,31.05,2.60,0.00,1.00,1.00,1.00,0.75,
-97.96,35.54,Other crops,14.60,837.40,16.45,1535.32,17.83,6.40,1.75,20.00,23.01,45.94,31.05,2.90,0.00,1.00,1.00,1.00,0.06,
-97.96,35.54,Other crops,14.60,837.40,16.45,1535.32,17.83,6.40,1.75,20.00,23.01,45.94,31.05,2.90,0.00,1.00,1.00,1.00,0.04,
-97.96,35.54,Other crops,14.60,837.40,16.45,1535.32,17.83,6.40,1.75,20.00,23.01,45.94,31.05,2.70,0.00,1.00,1.00,1.00,0.05,
-97.96,35.54,Wheat,14.60,837.40,16.45,1535.32,17.83,6.40,1.75,20.00,23.01,45.94,31.05,2.60,0.00,1.00,1.00,1.00,0.14,
-97.96,35.54,Wheat,14.60,837.40,16.45,1535.32,17.83,6.40,1.75,20.00,23.01,45.94,31.05,2.90,0.00,0.92,1.00,1.00,1.11,
-97.96,35.54,Wheat,14.60,837.40,16.45,1535.32,17.83,6.40,1.75,20.00,23.01,45.94,31.05,2.90,0.00,1.00,1.00,1.00,0.38,
-97.96,35.54,Wheat,14.60,837.40,16.45,1535.32,17.83,6.40,1.75,20.00,23.01,45.94,31.05,2.70,0.00,1.00,1.00,1.00,0.72,
-97.96,35.54,Other crops,14.60,837.40,16.45,1535.32,17.83,6.40,1.75,20.00,23.01,45.94,31.05,2.60,0.00,1.00,1.00,1.00,0.26,
-97.96,35.54,Wheat,14.60,837.40,16.45,1535.32,17.83,6.40,1.75,20.00,23.01,45.94,31.05,2.90,0.00,0.92,1.00,1.00,4.56,
-97.96,35.54,Wheat,14.60,837.40,16.45,1535.32,17.83,6.40,1.75,20.00,23.01,45.94,31.05,2.90,0.00,1.00,1.00,1.00,2.86,
-97.96,35.54,Wheat,14.60,837.40,16.45,1535.32,17.83,6.40,1.75,20.00,23.01,45.94,31.05,2.70,0.00,1.00,1.00,1.00,1.55,
-99.40,36.42,Other crops,11.91,636.37,15.40,1610.47,16.72,6.60,1.77,20.00,24.00,38.00,38.00,7.00,0.00,1.00,1.00,1.00,0.07,
-99.40,36.42,Other crops,11.91,636.37,15.40,1610.47,16.72,6.60,1.77,20.00,24.00,38.00,38.00,8.60,0.00,1.00,1.00,1.00,0.09,
-99.40,36.42,Other crops,11.91,636.37,15.40,1610.47,16.72,6.60,1.77,20.00,24.00,38.00,38.00,7.40,0.00,1.00,1.00,1.00,0.13,
-99.40,36.42,Other crops,11.91,636.37,15.40,1610.47,16.72,6.60,1.77,20.00,24.00,38.00,38.00,7.00,0.00,1.00,1.00,1.00,0.03,
-99.40,36.42,Wheat,11.91,636.37,15.40,1610.47,16.72,6.60,1.77,20.00,24.00,38.00,38.00,8.60,0.00,1.00,1.00,1.00,0.76,
-99.40,36.42,Wheat,11.91,636.37,15.40,1610.47,16.72,6.60,1.77,20.00,24.00,38.00,38.00,7.40,0.00,1.00,1.00,1.00,0.21,
-99.40,36.42,Other crops,11.91,636.37,15.40,1610.47,16.72,6.60,1.77,20.00,24.00,38.00,38.00,7.00,0.00,1.00,1.00,1.00,0.03,
-99.40,36.42,Wheat,11.91,636.37,15.40,1610.47,16.72,6.60,1.77,20.00,24.00,38.00,38.00,7.40,0.00,1.00,1.00,1.00,1.30,
-99.40,36.42,Other crops,11.91,636.37,15.40,1610.47,16.72,6.60,1.77,20.00,24.00,38.00,38.00,7.00,0.00,1.00,1.00,1.00,0.02,
-99.40,36.42,Other crops,11.91,636.37,15.40,1610.47,16.72,6.60,1.77,20.00,24.00,38.00,38.00,8.60,0.00,1.00,1.00,1.00,1.39,
-99.40,36.42,Other crops,11.91,636.37,15.40,1610.47,16.72,6.60,1.77,20.00,24.00,38.00,38.00,7.40,0.00,1.00,1.00,1.00,0.55,
-102.06,35.19,Wheat,15.92,448.27,14.97,1671.50,14.18,7.00,1.76,20.00,23.00,38.00,39.00,0.80,0.00,1.00,1.00,1.00,0.25,
-102.06,35.19,Other crops,15.92,448.27,14.97,1671.50,14.18,7.00,1.76,20.00,23.00,38.00,39.00,0.80,0.00,1.00,1.00,1.00,0.31,
-102.06,35.19,Other crops,15.92,448.27,14.97,1671.50,14.18,7.00,1.76,20.00,23.00,38.00,39.00,0.80,0.00,1.00,1.00,1.00,0.41,
-102.06,35.19,Wheat,15.92,448.27,14.97,1671.50,14.18,7.00,1.76,20.00,23.00,38.00,39.00,0.80,0.00,1.00,1.00,1.00,0.41,
-102.06,35.19,Other crops,15.92,448.27,14.97,1671.50,14.18,7.00,1.76,20.00,23.00,38.00,39.00,0.80,0.00,1.00,1.00,1.00,0.29,
-102.06,35.19,Other crops,15.92,448.27,14.97,1671.50,14.18,7.00,1.76,20.00,23.00,38.00,39.00,0.80,0.00,1.00,1.00,1.00,0.78,
-97.96,35.54,Other crops,14.60,837.40,16.45,1535.32,17.83,6.40,1.75,20.00,23.01,45.94,31.05,0.66,0.00,1.00,1.00,1.00,0.23,
-97.96,35.54,Other crops,14.60,837.40,16.45,1535.32,17.83,6.40,1.75,20.00,23.01,45.94,31.05,0.66,0.00,1.00,1.00,1.00,0.20,
-97.96,35.54,Other crops,14.60,837.40,16.45,1535.32,17.83,6.40,1.75,20.00,23.01,45.94,31.05,0.66,0.00,1.00,1.00,1.00,0.22,
-97.96,35.54,Other crops,14.60,837.40,16.45,1535.32,17.83,6.40,1.75,20.00,23.01,45.94,31.05,0.66,0.00,1.00,1.00,1.00,0.47,
-97.96,35.54,Wheat,14.60,837.40,16.45,1535.32,17.83,6.40,1.75,20.00,23.01,45.94,31.05,0.66,0.00,1.00,1.00,1.00,1.02,
-97.96,35.54,Wheat,14.60,837.40,16.45,1535.32,17.83,6.40,1.75,20.00,23.01,45.94,31.05,0.66,0.00,0.84,1.00,1.00,1.87,
-97.96,35.54,Wheat,14.60,837.40,16.45,1535.32,17.83,6.40,1.75,20.00,23.01,45.94,31.05,0.66,0.00,0.65,1.00,1.00,1.12,
-97.96,35.54,Wheat,14.60,837.40,16.45,1535.32,17.83,6.40,1.75,20.00,23.01,45.94,31.05,0.66,0.00,0.79,1.00,1.00,0.60,
-98.44,35.10,Other crops,16.09,759.52,16.73,1596.61,15.48,6.80,1.77,20.00,23.51,38.00,38.49,0.51,0.00,1.00,1.00,1.00,3.09,
-98.44,35.10,Other crops,16.09,759.52,16.73,1596.61,15.48,6.80,1.77,20.00,23.51,38.00,38.49,0.51,0.00,1.00,1.00,1.00,5.38,
-99.40,36.42,Other crops,11.91,636.37,15.40,1610.47,16.72,6.60,1.77,20.00,24.00,38.00,38.00,0.57,0.00,1.00,1.00,1.00,0.02,
-99.40,36.42,Other crops,11.91,636.37,15.40,1610.47,16.72,6.60,1.77,20.00,24.00,38.00,38.00,0.57,0.00,1.00,1.00,1.00,0.04,
-99.40,36.42,Wheat,11.91,636.37,15.40,1610.47,16.72,6.60,1.77,20.00,24.00,38.00,38.00,0.57,0.00,1.00,1.00,1.00,0.16,
-99.40,36.42,Wheat,11.91,636.37,15.40,1610.47,16.72,6.60,1.77,20.00,24.00,38.00,38.00,0.57,0.00,1.00,1.00,1.00,0.08,
-97.96,35.54,Other crops,14.60,837.40,16.45,1535.32,17.83,6.40,1.75,20.00,23.01,45.94,31.05,2.60,0.00,1.00,1.00,1.00,0.21,
-97.96,35.54,Other crops,14.60,837.40,16.45,1535.32,17.83,6.40,1.75,20.00,23.01,45.94,31.05,2.90,0.00,1.00,1.00,1.00,0.21,
-97.96,35.54,Other crops,14.60,837.40,16.45,1535.32,17.83,6.40,1.75,20.00,23.01,45.94,31.05,3.20,0.00,1.00,1.00,1.00,0.20,
-97.96,35.54,Other crops,14.60,837.40,16.45,1535.32,17.83,6.40,1.75,20.00,23.01,45.94,31.05,3.60,0.00,1.00,1.00,1.00,0.28,
-99.40,36.42,Other crops,11.91,636.37,15.40,1610.47,16.72,6.60,1.77,20.00,24.00,38.00,38.00,7.00,0.00,1.00,1.00,1.00,0.23,
-99.40,36.42,Other crops,11.91,636.37,15.40,1610.47,16.72,6.60,1.77,20.00,24.00,38.00,38.00,8.20,0.00,1.00,1.00,1.00,0.20,
-99.40,36.42,Other crops,11.91,636.37,15.40,1610.47,16.72,6.60,1.77,20.00,24.00,38.00,38.00,8.60,0.00,1.00,1.00,1.00,0.12,
-99.40,36.42,Other crops,11.91,636.37,15.40,1610.47,16.72,6.60,1.77,20.00,24.00,38.00,38.00,7.40,0.00,1.00,1.00,1.00,0.10,
-96.93,31.48,Other crops,8.08,916.58,20.14,1477.75,16.94,6.67,1.94,31.07,42.51,29.59,27.91,1.00,0.00,1.00,1.00,1.00,0.35,
-96.93,31.48,Other crops,8.08,916.58,20.14,1477.75,16.94,6.67,1.94,31.07,42.51,29.59,27.91,2.00,0.00,1.00,1.00,1.00,0.22,
-96.93,31.48,Other crops,8.08,916.58,20.14,1477.75,16.94,6.67,1.94,31.07,42.51,29.59,27.91,1.00,0.00,1.00,1.00,1.00,0.52,
-102.06,35.19,Wheat,15.92,448.27,14.97,1671.50,14.18,7.00,1.76,20.00,23.00,38.00,39.00,1.00,0.00,1.00,1.00,1.00,0.22,
-102.06,35.19,Wheat,15.92,448.27,14.97,1671.50,14.18,7.00,1.76,20.00,23.00,38.00,39.00,1.00,0.00,1.00,1.00,1.00,0.38,
-102.06,35.19,Wheat,15.92,448.27,14.97,1671.50,14.18,7.00,1.76,20.00,23.00,38.00,39.00,1.00,0.00,1.00,1.00,1.00,0.63,
-97.96,35.54,Wheat,14.60,837.40,16.45,1535.32,17.83,6.40,1.75,20.00,23.01,45.94,31.05,2.90,0.00,1.00,1.00,1.00,1.13,
-99.40,36.42,Wheat,11.91,636.37,15.40,1610.47,16.72,6.60,1.77,20.00,24.00,38.00,38.00,7.40,0.00,1.77,1.00,1.00,1.26,
-102.06,35.19,Wheat,15.92,448.27,14.97,1671.50,14.18,7.00,1.76,20.00,23.00,38.00,39.00,1.00,0.00,1.00,1.00,1.00,0.42,
-102.06,35.19,Wheat,15.92,448.27,14.97,1671.50,14.18,7.00,1.76,20.00,23.00,38.00,39.00,1.00,0.00,1.00,1.00,1.00,0.44,
-102.06,35.19,Wheat,15.92,448.27,14.97,1671.50,14.18,7.00,1.76,20.00,23.00,38.00,39.00,1.00,0.00,1.00,1.00,1.00,0.54,
-97.96,35.54,Wheat,14.60,837.40,16.45,1535.32,17.83,6.40,1.75,20.00,23.01,45.94,31.05,3.50,0.00,1.00,1.00,1.00,1.53,
-97.96,35.54,Wheat,14.60,837.40,16.45,1535.32,17.83,6.40,1.75,20.00,23.01,45.94,31.05,2.90,0.00,1.00,1.00,1.00,2.97,
-97.96,35.54,Wheat,14.60,837.40,16.45,1535.32,17.83,6.40,1.75,20.00,23.01,45.94,31.05,2.70,0.00,1.08,1.00,1.00,1.95,
-99.40,36.42,Wheat,11.91,636.37,15.40,1610.47,16.72,6.60,1.77,20.00,24.00,38.00,38.00,8.60,0.00,1.00,1.00,1.00,4.62,
-96.93,31.48,Other crops,8.08,916.58,20.14,1477.75,16.94,6.67,1.94,31.07,42.51,29.59,27.91,3.00,0.00,1.00,1.00,1.00,0.67,
-96.93,31.48,Other crops,8.08,916.58,20.14,1477.75,16.94,6.67,1.94,31.07,42.51,29.59,27.91,3.00,0.00,0.86,1.00,1.00,0.86,
-96.93,31.48,Other crops,8.08,916.58,20.14,1477.75,16.94,6.67,1.94,31.07,42.51,29.59,27.91,3.00,0.00,1.33,1.00,1.00,1.11,
-96.93,31.48,Other crops,8.08,916.58,20.14,1477.75,16.94,6.67,1.94,31.07,42.51,29.59,27.91,2.00,0.00,1.00,1.00,1.00,0.88,
-96.93,31.48,Other crops,8.08,916.58,20.14,1477.75,16.94,6.67,1.94,31.07,42.51,29.59,27.91,2.00,0.00,1.47,1.00,1.00,2.46,
-98.44,35.10,Other crops,16.09,759.52,16.73,1596.61,15.48,6.80,1.77,20.00,23.51,38.00,38.49,2.00,0.00,1.00,1.00,1.00,4.31,
-98.44,35.10,Other crops,16.09,759.52,16.73,1596.61,15.48,6.80,1.77,20.00,23.51,38.00,38.49,2.00,0.00,0.95,1.00,1.00,5.96,
-92.51,34.88,Other crops,24.63,320.00,17.21,1265.78,13.28,5.20,1.70,6.00,19.00,28.00,53.00,1.25,1.00,1.00,1.00,1.00,0.89,
-92.51,34.88,Other crops,24.63,320.00,17.21,1265.78,13.28,5.20,1.70,6.00,19.00,28.00,53.00,1.25,1.00,1.00,1.00,1.00,0.20,
-92.51,34.88,Other crops,24.63,320.00,17.21,1265.78,13.28,5.20,1.70,6.00,19.00,28.00,53.00,1.25,1.00,1.00,1.00,1.00,0.32,
-93.65,42.03,Maize,23.06,934.50,10.01,1009.62,20.60,6.20,1.79,22.00,26.00,46.00,28.00,0.33,0.00,1.00,1.00,1.00,2.79,
-93.65,42.03,Maize,23.06,934.50,10.01,1009.62,20.60,6.20,1.79,22.00,26.00,46.00,28.00,0.33,0.00,1.00,1.00,1.00,1.73,
-93.65,42.03,Maize,23.06,934.50,10.01,1009.62,20.60,6.20,1.79,22.00,26.00,46.00,28.00,0.33,0.00,1.00,1.00,1.00,2.33,
-93.65,42.03,Maize,23.06,934.50,10.01,1009.62,20.60,6.20,1.79,22.00,26.00,46.00,28.00,0.33,0.00,1.00,1.00,1.00,0.94,
-93.65,42.03,Maize,23.06,934.50,10.01,1009.62,20.60,6.20,1.79,22.00,26.00,46.00,28.00,0.33,0.00,1.00,1.00,1.00,1.94,
-93.65,42.03,Maize,23.06,934.50,10.01,1009.62,20.60,6.20,1.79,22.00,26.00,46.00,28.00,0.33,0.00,1.00,1.00,1.00,0.78,
-93.65,42.03,Maize,23.06,934.50,10.01,1009.62,20.60,6.20,1.79,22.00,26.00,46.00,28.00,0.33,0.00,1.00,1.00,1.00,0.35,
-93.65,42.03,Maize,23.06,934.50,10.01,1009.62,20.60,6.20,1.79,22.00,26.00,46.00,28.00,0.33,0.00,1.00,1.00,1.00,0.82,
-93.65,42.03,Maize,23.06,934.50,10.01,1009.62,20.60,6.20,1.79,22.00,26.00,46.00,28.00,0.33,0.00,1.00,1.00,1.00,0.26,
-93.65,42.03,Maize,23.06,934.50,10.01,1009.62,20.60,6.20,1.79,22.00,26.00,46.00,28.00,0.33,0.00,1.00,1.00,1.00,2.79,
-93.65,42.03,Maize,23.06,934.50,10.01,1009.62,20.60,6.20,1.79,22.00,26.00,46.00,28.00,0.33,0.00,1.00,1.00,1.00,1.73,
-93.65,42.03,Maize,23.06,934.50,10.01,1009.62,20.60,6.20,1.79,22.00,26.00,46.00,28.00,0.33,0.00,1.00,1.00,1.00,2.33,
-93.65,42.03,Maize,23.06,934.50,10.01,1009.62,20.60,6.20,1.79,22.00,26.00,46.00,28.00,0.33,0.00,1.00,1.00,1.00,0.94,
-93.65,42.03,Maize,23.06,934.50,10.01,1009.62,20.60,6.20,1.79,22.00,26.00,46.00,28.00,0.33,0.00,1.00,1.00,1.00,1.94,
-93.65,42.03,Maize,23.06,934.50,10.01,1009.62,20.60,6.20,1.79,22.00,26.00,46.00,28.00,0.33,0.00,1.00,1.00,1.00,0.78,
-93.65,42.03,Maize,23.06,934.50,10.01,1009.62,20.60,6.20,1.79,22.00,26.00,46.00,28.00,0.33,0.00,1.00,1.00,1.00,0.35,
-93.65,42.03,Maize,23.06,934.50,10.01,1009.62,20.60,6.20,1.79,22.00,26.00,46.00,28.00,0.33,0.00,1.00,1.00,1.00,0.82,
-93.65,42.03,Maize,23.06,934.50,10.01,1009.62,20.60,6.20,1.79,22.00,26.00,46.00,28.00,0.33,0.00,1.00,1.00,1.00,0.26,
-93.65,42.03,Maize,23.06,934.50,10.01,1009.62,20.60,6.20,1.79,22.00,26.00,46.00,28.00,0.33,0.00,1.00,1.00,1.00,2.79,
-93.65,42.03,Maize,23.06,934.50,10.01,1009.62,20.60,6.20,1.79,22.00,26.00,46.00,28.00,0.33,0.00,1.00,1.00,1.00,1.73,
-93.65,42.03,Maize,23.06,934.50,10.01,1009.62,20.60,6.20,1.79,22.00,26.00,46.00,28.00,0.33,0.00,1.00,1.00,1.00,2.33,
-93.65,42.03,Maize,23.06,934.50,10.01,1009.62,20.60,6.20,1.79,22.00,26.00,46.00,28.00,0.33,0.00,1.00,1.00,1.00,0.94,
-93.65,42.03,Maize,23.06,934.50,10.01,1009.62,20.60,6.20,1.79,22.00,26.00,46.00,28.00,0.33,0.00,1.00,1.00,1.00,1.94,
-93.65,42.03,Maize,23.06,934.50,10.01,1009.62,20.60,6.20,1.79,22.00,26.00,46.00,28.00,0.33,0.00,1.00,1.00,1.00,0.78,
-93.65,42.03,Maize,23.06,934.50,10.01,1009.62,20.60,6.20,1.79,22.00,26.00,46.00,28.00,0.33,0.00,1.00,1.00,1.00,0.35,
-93.65,42.03,Maize,23.06,934.50,10.01,1009.62,20.60,6.20,1.79,22.00,26.00,46.00,28.00,0.33,0.00,1.00,1.00,1.00,0.82,
-93.65,42.03,Maize,23.06,934.50,10.01,1009.62,20.60,6.20,1.79,22.00,26.00,46.00,28.00,0.33,0.00,1.00,1.00,1.00,0.26,
-93.65,42.03,Maize,23.06,1648.00,10.01,1009.62,24.07,7.11,1.79,22.00,26.00,46.00,28.00,0.33,0.00,1.00,1.00,1.00,0.17,
-93.65,42.03,Maize,23.06,1648.00,10.01,1009.62,24.07,7.11,1.79,22.00,26.00,46.00,28.00,0.33,0.00,1.00,1.00,1.00,0.13,
-93.65,42.03,Maize,23.06,1648.00,10.01,1009.62,24.07,7.11,1.79,22.00,26.00,46.00,28.00,0.33,0.00,1.00,1.00,1.00,0.13,
-93.65,42.03,Maize,23.06,1648.00,10.01,1009.62,24.07,7.11,1.79,22.00,26.00,46.00,28.00,0.33,0.00,2.00,1.00,1.00,0.06,
-93.65,42.03,Maize,23.06,1648.00,10.01,1009.62,24.07,7.11,1.79,22.00,26.00,46.00,28.00,0.33,0.00,2.00,1.00,1.00,0.06,
-93.65,42.03,Maize,23.06,1648.00,10.01,1009.62,24.07,7.11,1.79,22.00,26.00,46.00,28.00,0.33,0.00,2.00,1.00,1.00,0.06,
-93.65,42.03,Other crops,23.06,1648.00,10.01,1009.62,24.07,7.11,1.79,22.00,26.00,46.00,28.00,0.33,0.00,1.00,1.00,1.00,0.17,
-93.65,42.03,Other crops,23.06,1648.00,10.01,1009.62,24.07,7.11,1.79,22.00,26.00,46.00,28.00,0.33,0.00,1.00,1.00,1.00,0.13,
-93.65,42.03,Other crops,23.06,1648.00,10.01,1009.62,24.07,7.11,1.79,22.00,26.00,46.00,28.00,0.33,0.00,1.00,1.00,1.00,0.13,
-93.65,42.03,Other crops,23.06,1648.00,10.01,1009.62,24.07,7.11,1.79,22.00,26.00,46.00,28.00,0.33,0.00,2.00,1.00,1.00,0.06,
-93.65,42.03,Other crops,23.06,1648.00,10.01,1009.62,24.07,7.11,1.79,22.00,26.00,46.00,28.00,0.33,0.00,2.00,1.00,1.00,0.06,
-93.65,42.03,Other crops,23.06,1648.00,10.01,1009.62,24.07,7.11,1.79,22.00,26.00,46.00,28.00,0.33,0.00,2.00,1.00,1.00,0.06,
-93.65,42.03,Maize,23.06,1301.00,10.01,1009.62,24.07,7.11,1.79,22.00,26.00,46.00,28.00,0.33,0.00,1.00,1.00,1.00,0.70,
-93.65,42.03,Maize,23.06,1301.00,10.01,1009.62,24.07,7.11,1.79,22.00,26.00,46.00,28.00,0.33,0.00,1.00,1.00,1.00,0.35,
-93.65,42.03,Maize,23.06,1301.00,10.01,1009.62,24.07,7.11,1.79,22.00,26.00,46.00,28.00,0.33,0.00,1.00,1.00,1.00,0.28,
-93.65,42.03,Maize,23.06,1301.00,10.01,1009.62,24.07,7.11,1.79,22.00,26.00,46.00,28.00,0.33,0.00,2.00,1.00,1.00,0.94,
-93.65,42.03,Maize,23.06,1301.00,10.01,1009.62,24.07,7.11,1.79,22.00,26.00,46.00,28.00,0.33,0.00,2.00,1.00,1.00,1.17,
-93.65,42.03,Maize,23.06,1301.00,10.01,1009.62,24.07,7.11,1.79,22.00,26.00,46.00,28.00,0.33,0.00,2.00,1.00,1.00,1.32,
-93.65,42.03,Other crops,23.06,1301.00,10.01,1009.62,24.07,7.11,1.79,22.00,26.00,46.00,28.00,0.33,0.00,1.00,1.00,1.00,0.70,
-93.65,42.03,Other crops,23.06,1301.00,10.01,1009.62,24.07,7.11,1.79,22.00,26.00,46.00,28.00,0.33,0.00,1.00,1.00,1.00,0.35,
-93.65,42.03,Other crops,23.06,1301.00,10.01,1009.62,24.07,7.11,1.79,22.00,26.00,46.00,28.00,0.33,0.00,1.00,1.00,1.00,0.28,
-93.65,42.03,Other crops,23.06,1301.00,10.01,1009.62,24.07,7.11,1.79,22.00,26.00,46.00,28.00,0.33,0.00,2.00,1.00,1.00,0.94,
-93.65,42.03,Other crops,23.06,1301.00,10.01,1009.62,24.07,7.11,1.79,22.00,26.00,46.00,28.00,0.33,0.00,2.00,1.00,1.00,1.17,
-93.65,42.03,Other crops,23.06,1301.00,10.01,1009.62,24.07,7.11,1.79,22.00,26.00,46.00,28.00,0.33,0.00,2.00,1.00,1.00,1.32,
-93.65,42.03,Maize,23.06,1154.00,10.01,1009.62,24.07,7.11,1.79,22.00,26.00,46.00,28.00,0.33,0.00,1.00,1.00,1.00,0.41,
-93.65,42.03,Maize,23.06,1154.00,10.01,1009.62,24.07,7.11,1.79,22.00,26.00,46.00,28.00,0.33,0.00,1.00,1.00,1.00,0.28,
-93.65,42.03,Maize,23.06,1154.00,10.01,1009.62,24.07,7.11,1.79,22.00,26.00,46.00,28.00,0.33,0.00,1.00,1.00,1.00,0.14,
-93.65,42.03,Maize,23.06,1154.00,10.01,1009.62,24.07,7.11,1.79,22.00,26.00,46.00,28.00,0.33,0.00,2.00,1.00,1.00,0.17,
-93.65,42.03,Maize,23.06,1154.00,10.01,1009.62,24.07,7.11,1.79,22.00,26.00,46.00,28.00,0.33,0.00,2.00,1.00,1.00,0.16,
-93.65,42.03,Maize,23.06,1154.00,10.01,1009.62,24.07,7.11,1.79,22.00,26.00,46.00,28.00,0.33,0.00,2.00,1.00,1.00,0.34,
-93.65,42.03,Other crops,23.06,1154.00,10.01,1009.62,24.07,7.11,1.79,22.00,26.00,46.00,28.00,0.33,0.00,1.00,1.00,1.00,0.41,
-93.65,42.03,Other crops,23.06,1154.00,10.01,1009.62,24.07,7.11,1.79,22.00,26.00,46.00,28.00,0.33,0.00,1.00,1.00,1.00,0.28,
-93.65,42.03,Other crops,23.06,1154.00,10.01,1009.62,24.07,7.11,1.79,22.00,26.00,46.00,28.00,0.33,0.00,1.00,1.00,1.00,0.14,
-93.65,42.03,Other crops,23.06,1154.00,10.01,1009.62,24.07,7.11,1.79,22.00,26.00,46.00,28.00,0.33,0.00,2.00,1.00,1.00,0.17,
-93.65,42.03,Other crops,23.06,1154.00,10.01,1009.62,24.07,7.11,1.79,22.00,26.00,46.00,28.00,0.33,0.00,2.00,1.00,1.00,0.16,
-93.65,42.03,Other crops,23.06,1154.00,10.01,1009.62,24.07,7.11,1.79,22.00,26.00,46.00,28.00,0.33,0.00,2.00,1.00,1.00,0.34,
-86.88,34.64,Maize,30.37,1554.48,16.49,1157.80,12.09,6.40,1.81,7.00,26.00,24.00,50.00,4.00,0.00,1.00,1.00,1.00,0.08,
-86.88,34.64,Maize,30.37,1554.48,16.49,1157.80,12.09,6.40,1.81,7.00,26.00,24.00,50.00,4.00,0.00,1.00,1.00,1.00,0.28,
-86.88,34.64,Maize,30.37,1554.48,16.49,1157.80,12.09,6.40,1.81,7.00,26.00,24.00,50.00,4.00,0.00,1.00,1.00,1.00,1.39,
-86.88,34.64,Other crops,30.37,1554.48,16.49,1157.80,12.09,6.40,1.81,7.00,26.00,24.00,50.00,4.00,0.00,1.00,1.00,1.00,0.21,
-86.88,34.64,Other crops,30.37,1554.48,16.49,1157.80,12.09,6.40,1.81,7.00,26.00,24.00,50.00,4.00,0.00,1.00,1.00,1.00,0.20,
-86.88,34.64,Other crops,30.37,1554.48,16.49,1157.80,12.09,6.40,1.81,7.00,26.00,24.00,50.00,4.00,0.00,1.00,1.00,1.00,0.31,
-86.88,34.64,Maize,30.37,1554.48,16.49,1157.80,12.09,6.40,1.81,7.00,26.00,24.00,50.00,4.00,0.00,1.00,1.00,1.00,0.10,
-86.88,34.64,Maize,30.37,1554.48,16.49,1157.80,12.09,6.40,1.81,7.00,26.00,24.00,50.00,4.00,0.00,1.00,1.00,1.00,0.21,
-86.88,34.64,Maize,30.37,1554.48,16.49,1157.80,12.09,6.40,1.81,7.00,26.00,24.00,50.00,4.00,0.00,1.00,1.00,1.00,0.97,
-86.88,34.64,Other crops,30.37,1554.48,16.49,1157.80,12.09,6.40,1.81,7.00,26.00,24.00,50.00,4.00,0.00,1.00,1.00,1.00,0.13,
-86.88,34.64,Other crops,30.37,1554.48,16.49,1157.80,12.09,6.40,1.81,7.00,26.00,24.00,50.00,4.00,0.00,1.00,1.00,1.00,0.27,
-86.88,34.64,Other crops,30.37,1554.48,16.49,1157.80,12.09,6.40,1.81,7.00,26.00,24.00,50.00,4.00,0.00,1.00,1.00,1.00,0.26,
-89.44,34.82,Other crops,11.69,1430.00,16.70,1190.70,12.09,5.20,1.81,7.00,26.00,24.00,50.00,0.69,0.00,1.00,1.00,1.00,2.16,
-89.44,34.82,Other crops,11.69,1430.00,16.70,1190.70,12.09,5.20,1.81,7.00,26.00,24.00,50.00,0.69,0.00,1.00,1.00,1.00,2.01,
-89.44,34.82,Other crops,11.69,1430.00,16.70,1190.70,12.09,5.20,1.81,7.00,26.00,24.00,50.00,0.69,0.00,1.00,1.00,1.00,3.55,
-89.44,34.82,Other crops,11.69,1430.00,16.70,1190.70,12.09,5.20,1.81,7.00,26.00,24.00,50.00,0.69,0.00,1.00,1.00,1.00,0.62,
-89.44,34.82,Other crops,11.69,1430.00,16.70,1190.70,12.09,5.20,1.81,7.00,26.00,24.00,50.00,0.69,0.00,1.00,1.00,1.00,1.47,
-89.44,34.82,Other crops,11.69,1430.00,16.70,1190.70,12.09,5.20,1.81,7.00,26.00,24.00,50.00,0.69,0.00,1.00,1.00,1.00,1.08,
-89.44,34.82,Other crops,11.69,1430.00,16.70,1190.70,12.09,5.20,1.81,7.00,26.00,24.00,50.00,0.69,0.00,1.00,1.00,1.00,1.16,
-89.44,34.82,Other crops,11.69,1430.00,16.70,1190.70,12.09,5.20,1.81,7.00,26.00,24.00,50.00,0.69,0.00,1.00,1.00,1.00,2.31,
-89.44,34.82,Other crops,11.69,1430.00,16.70,1190.70,12.09,5.20,1.81,7.00,26.00,24.00,50.00,0.69,0.00,1.00,1.00,1.00,1.47,
-89.44,34.82,Other crops,11.69,1430.00,16.70,1190.70,12.09,5.20,1.81,7.00,26.00,24.00,50.00,0.69,0.00,1.00,1.00,1.00,3.24,
-89.44,34.82,Other crops,11.69,1430.00,16.70,1190.70,12.09,5.20,1.81,7.00,26.00,24.00,50.00,0.69,0.00,1.00,1.00,1.00,0.08,
-89.44,34.82,Other crops,11.69,1430.00,16.70,1190.70,12.09,5.20,1.81,7.00,26.00,24.00,50.00,0.69,0.00,1.00,1.00,1.00,0.54,
-89.44,34.82,Other crops,11.69,1430.00,16.70,1190.70,12.09,5.20,1.81,7.00,26.00,24.00,50.00,0.69,0.00,1.00,1.00,1.00,1.16,
-89.44,34.82,Other crops,11.69,1430.00,16.70,1190.70,12.09,5.20,1.81,7.00,26.00,24.00,50.00,0.69,0.00,1.00,1.00,1.00,5.17,
-89.44,34.82,Other crops,11.69,1430.00,16.70,1190.70,12.09,5.20,1.81,7.00,26.00,24.00,50.00,0.69,0.00,1.00,1.00,1.00,1.31,
-89.44,34.82,Other crops,11.69,1430.00,16.70,1190.70,12.09,5.20,1.81,7.00,26.00,24.00,50.00,0.69,0.00,1.00,1.00,1.00,0.23,
-89.44,34.82,Other crops,11.69,1430.00,16.70,1190.70,12.09,5.20,1.81,7.00,26.00,24.00,50.00,0.69,0.00,1.00,1.00,1.00,0.54,
-89.44,34.82,Other crops,11.69,1430.00,16.70,1190.70,12.09,5.20,1.81,7.00,26.00,24.00,50.00,0.69,0.00,1.00,1.00,1.00,0.31,
-89.44,34.82,Other crops,11.69,1430.00,16.70,1190.70,12.09,5.20,1.81,7.00,26.00,24.00,50.00,0.69,0.00,1.00,1.00,1.00,0.23,
-89.44,34.82,Other crops,11.69,1430.00,16.70,1190.70,12.09,5.20,1.81,7.00,26.00,24.00,50.00,0.69,0.00,1.00,1.00,1.00,0.54,
-89.44,34.82,Other crops,11.69,1430.00,16.70,1190.70,12.09,5.20,1.81,7.00,26.00,24.00,50.00,0.69,0.00,1.00,1.00,1.00,0.15,
-89.44,34.82,Other crops,11.69,1430.00,16.70,1190.70,12.09,5.20,1.81,7.00,26.00,24.00,50.00,0.69,0.00,1.00,1.00,1.00,0.08,
39.48,13.88,Maize,8.20,465.00,20.00,1633.80,4.70,6.80,1.60,11.26,22.80,12.60,64.60,2.60,1.00,0.75,1.00,1.00,0.26,
39.48,13.88,Maize,8.20,465.00,20.00,1633.80,4.70,6.80,1.60,11.26,22.80,12.60,64.60,2.60,1.00,0.75,1.00,1.00,0.10,
39.48,13.88,Maize,8.20,465.00,20.00,1633.80,4.70,6.80,1.60,11.26,22.80,12.60,64.60,2.60,1.00,1.00,1.00,1.00,0.10,
39.48,13.88,Maize,8.20,465.00,20.00,1633.80,4.70,6.80,1.60,11.26,22.80,12.60,64.60,2.60,1.00,1.00,1.00,1.00,0.02,
39.48,13.88,Maize,8.20,465.00,20.00,1633.80,4.70,6.80,1.60,11.26,22.80,12.60,64.60,2.60,1.00,1.00,1.00,1.00,0.10,
39.48,13.88,Maize,8.20,465.00,20.00,1633.80,4.70,6.80,1.60,11.26,22.80,12.60,64.60,2.60,1.00,1.00,1.00,1.00,0.06,
-118.00,45.50,Wheat,26.18,605.34,7.45,1015.28,14.43,6.97,1.76,20.07,22.00,38.67,38.19,3.83,0.00,1.00,1.00,1.00,0.30,
-118.00,45.50,Wheat,26.18,605.34,7.45,1015.28,14.43,6.97,1.76,20.07,22.00,38.67,38.19,3.83,0.00,1.00,1.00,1.00,0.10,
-118.00,45.50,Wheat,26.18,605.34,7.45,1015.28,14.43,6.97,1.76,20.07,22.00,38.67,38.19,3.83,0.00,1.00,1.00,1.00,0.10,
-118.00,45.50,Wheat,26.18,605.34,7.45,1015.28,14.43,6.97,1.76,20.07,22.00,38.67,38.19,3.83,0.00,1.00,1.00,1.00,0.10,
-118.00,45.50,Wheat,26.18,605.34,7.45,1015.28,14.43,6.97,1.76,20.07,22.00,38.67,38.19,3.83,0.00,1.00,1.00,1.00,0.10,
-118.00,45.50,Other crops,26.18,605.34,7.45,1015.28,14.43,6.97,1.76,20.07,22.00,38.67,38.19,3.83,0.00,1.00,1.00,1.00,0.10,
-118.00,45.50,Other crops,26.18,605.34,7.45,1015.28,14.43,6.97,1.76,20.07,22.00,38.67,38.19,3.83,0.00,1.00,1.00,1.00,0.10,
-118.00,45.50,Other crops,26.18,605.34,7.45,1015.28,14.43,6.97,1.76,20.07,22.00,38.67,38.19,3.83,0.00,1.00,1.00,1.00,0.10,
-118.00,45.50,Other crops,26.18,605.34,7.45,1015.28,14.43,6.97,1.76,20.07,22.00,38.67,38.19,3.83,0.00,1.00,1.00,1.00,0.20,
-118.00,45.50,Other crops,26.18,605.34,7.45,1015.28,14.43,6.97,1.76,20.07,22.00,38.67,38.19,3.83,0.00,1.00,1.00,1.00,0.20,
-118.00,45.50,Other crops,26.18,605.34,7.45,1015.28,14.43,6.97,1.76,20.07,22.00,38.67,38.19,3.83,0.00,1.00,1.00,1.00,0.30,
-118.00,45.50,Other crops,26.18,605.34,7.45,1015.28,14.43,6.97,1.76,20.07,22.00,38.67,38.19,3.83,0.00,1.00,1.00,1.00,0.20,
-82.73,42.22,Other crops,57.76,511.80,10.26,910.11,16.60,5.40,1.82,35.00,32.50,47.00,20.50,0.09,1.00,1.00,1.00,1.00,0.56,
-82.73,42.22,Other crops,57.76,511.80,10.26,910.11,16.60,5.40,1.82,35.00,32.50,47.00,20.50,0.09,1.00,1.00,1.00,1.00,0.09,
-82.73,42.22,Other crops,57.76,405.80,10.26,910.11,16.60,5.40,1.82,35.00,32.50,47.00,20.50,0.09,1.00,1.00,1.00,1.00,0.42,
-82.73,42.22,Other crops,57.76,405.80,10.26,910.11,16.60,5.40,1.82,35.00,32.50,47.00,20.50,0.09,1.00,1.00,1.00,1.00,0.13,
-82.73,42.22,Other crops,57.76,292.70,10.26,910.11,16.60,5.40,1.82,35.00,32.50,47.00,20.50,0.09,1.00,1.00,1.00,1.00,0.17,
-82.73,42.22,Other crops,57.76,581.20,10.26,910.11,16.60,5.40,1.82,35.00,32.50,47.00,20.50,0.09,1.00,1.00,1.00,1.00,0.30,
-82.73,42.22,Other crops,57.76,581.20,10.26,910.11,16.60,5.40,1.82,35.00,32.50,47.00,20.50,0.09,1.00,1.00,1.00,1.00,0.04,
-82.73,42.22,Other crops,57.76,558.60,10.26,910.11,16.60,5.40,1.82,35.00,32.50,47.00,20.50,0.09,1.00,1.00,1.00,1.00,0.05,
-82.73,42.22,Other crops,57.76,558.60,10.26,910.11,16.60,5.40,1.82,35.00,32.50,47.00,20.50,0.09,1.00,1.00,1.00,1.00,0.01,
-0.83,52.62,Other crops,130.66,670.67,10.31,606.58,18.49,6.07,1.79,16.65,26.40,49.15,24.45,1.20,1.00,1.00,1.00,1.00,0.04,
-0.83,52.62,Other crops,130.66,670.67,10.31,606.58,18.49,6.07,1.79,16.65,26.40,49.15,24.45,1.20,1.00,1.00,1.00,1.00,0.01,
-0.83,52.62,Other crops,130.66,670.67,10.31,606.58,18.49,6.07,1.79,16.65,26.40,49.15,24.45,1.20,1.00,1.00,1.00,1.00,0.08,
-0.83,52.62,Other crops,130.66,670.67,10.31,606.58,18.49,6.07,1.79,16.65,26.40,49.15,24.45,1.20,1.00,1.00,1.00,1.00,0.04,
-0.83,52.62,Other crops,130.66,670.67,10.31,606.58,18.49,6.07,1.79,16.65,26.40,49.15,24.45,1.20,1.00,1.00,1.00,1.00,0.04,
-0.83,52.62,Other crops,130.66,670.67,10.31,606.58,18.49,6.07,1.79,16.65,26.40,49.15,24.45,1.20,1.00,1.00,1.00,1.00,0.04,
-0.83,52.62,Other crops,130.66,670.67,10.31,606.58,18.49,6.07,1.79,16.65,26.40,49.15,24.45,1.20,1.00,1.00,1.00,1.00,0.06,
-0.83,52.62,Other crops,130.66,670.67,10.31,606.58,18.49,6.07,1.79,16.65,26.40,49.15,24.45,1.20,1.00,1.00,1.00,1.00,0.17,
-96.35,32.90,Other crops,9.55,880.00,19.00,1400.81,16.80,6.72,1.97,34.71,45.99,28.64,25.37,0.53,0.00,1.00,1.00,1.00,1.40,
-96.35,32.90,Other crops,9.55,880.00,19.00,1400.81,16.80,6.72,1.97,34.71,45.99,28.64,25.37,0.53,0.00,1.00,1.00,1.00,0.90,
-96.35,32.90,Maize,9.55,880.00,19.00,1400.81,16.80,6.72,1.97,34.71,45.99,28.64,25.37,0.53,0.00,1.00,1.00,1.00,1.70,
-96.35,32.90,Maize,9.55,880.00,19.00,1400.81,16.80,6.72,1.97,34.71,45.99,28.64,25.37,0.53,0.00,1.00,1.00,1.00,0.60,
-96.35,32.90,Other crops,9.55,880.00,19.00,1400.81,16.80,6.72,1.97,34.71,45.99,28.64,25.37,0.53,0.00,1.00,1.00,1.00,1.40,
-96.35,32.90,Other crops,9.55,880.00,19.00,1400.81,16.80,6.72,1.97,34.71,45.99,28.64,25.37,0.53,0.00,1.00,1.00,1.00,0.90,
-96.35,32.90,Maize,9.55,880.00,19.00,1400.81,16.80,6.72,1.97,34.71,45.99,28.64,25.37,0.53,0.00,1.00,1.00,1.00,1.70,
-96.35,32.90,Maize,9.55,880.00,19.00,1400.81,16.80,6.72,1.97,34.71,45.99,28.64,25.37,0.53,0.00,1.00,1.00,1.00,0.60,
-96.35,32.90,Other crops,9.55,880.00,19.00,1400.81,16.80,6.72,1.97,34.71,45.99,28.64,25.37,0.53,0.00,1.00,1.00,1.00,1.40,
-96.35,32.90,Other crops,9.55,880.00,19.00,1400.81,16.80,6.72,1.97,34.71,45.99,28.64,25.37,0.53,0.00,1.00,1.00,1.00,0.90,
-96.35,32.90,Wheat,9.55,880.00,19.00,1400.81,16.80,6.72,1.97,34.71,45.99,28.64,25.37,0.53,0.00,1.00,1.00,1.00,2.00,
-96.35,32.90,Wheat,9.55,880.00,19.00,1400.81,16.80,6.72,1.97,34.71,45.99,28.64,25.37,0.53,0.00,1.00,1.00,1.00,0.50,
-96.35,32.90,Other crops,9.55,880.00,19.00,1400.81,16.80,6.72,1.97,34.71,45.99,28.64,25.37,0.53,0.00,1.00,1.00,1.00,1.40,
-96.35,32.90,Other crops,9.55,880.00,19.00,1400.81,16.80,6.72,1.97,34.71,45.99,28.64,25.37,0.53,0.00,1.00,1.00,1.00,0.90,
-96.35,32.90,Wheat,9.55,880.00,19.00,1400.81,16.80,6.72,1.97,34.71,45.99,28.64,25.37,0.53,0.00,1.00,1.00,1.00,2.00,
-96.35,32.90,Wheat,9.55,880.00,19.00,1400.81,16.80,6.72,1.97,34.71,45.99,28.64,25.37,0.53,0.00,1.00,1.00,1.00,0.50,
-96.35,32.90,Maize,9.55,880.00,19.00,1400.81,16.80,6.72,1.97,34.71,45.99,28.64,25.37,0.53,0.00,1.00,1.00,1.00,1.70,
-96.35,32.90,Maize,9.55,880.00,19.00,1400.81,16.80,6.72,1.97,34.71,45.99,28.64,25.37,0.53,0.00,1.00,1.00,1.00,0.60,
-96.35,32.90,Wheat,9.55,880.00,19.00,1400.81,16.80,6.72,1.97,34.71,45.99,28.64,25.37,0.53,0.00,1.00,1.00,1.00,2.00,
-96.35,32.90,Wheat,9.55,880.00,19.00,1400.81,16.80,6.72,1.97,34.71,45.99,28.64,25.37,0.53,0.00,1.00,1.00,1.00,0.50,
-96.35,32.90,Maize,9.55,880.00,19.00,1400.81,16.80,6.72,1.97,34.71,45.99,28.64,25.37,0.53,0.00,1.00,1.00,1.00,1.70,
-96.35,32.90,Maize,9.55,880.00,19.00,1400.81,16.80,6.72,1.97,34.71,45.99,28.64,25.37,0.53,0.00,1.00,1.00,1.00,0.60,
-96.35,32.90,Other crops,9.55,880.00,19.00,1400.81,16.80,6.72,1.97,34.71,45.99,28.64,25.37,0.53,0.00,1.00,1.00,1.00,1.40,
-96.35,32.90,Other crops,9.55,880.00,19.00,1400.81,16.80,6.72,1.97,34.71,45.99,28.64,25.37,0.53,0.00,1.00,1.00,1.00,0.90,
-96.35,32.90,Maize,9.55,880.00,19.00,1400.81,16.80,6.72,1.97,34.71,45.99,28.64,25.37,0.53,0.00,1.00,1.00,1.00,1.70,
-96.35,32.90,Maize,9.55,880.00,19.00,1400.81,16.80,6.72,1.97,34.71,45.99,28.64,25.37,0.53,0.00,1.00,1.00,1.00,0.60,
-96.35,32.90,Other crops,9.55,880.00,19.00,1400.81,16.80,6.72,1.97,34.71,45.99,28.64,25.37,0.53,0.00,1.00,1.00,1.00,1.40,
-96.35,32.90,Other crops,9.55,880.00,19.00,1400.81,16.80,6.72,1.97,34.71,45.99,28.64,25.37,0.53,0.00,1.00,1.00,1.00,0.90,
-96.35,32.90,Wheat,9.55,880.00,19.00,1400.81,16.80,6.72,1.97,34.71,45.99,28.64,25.37,0.53,0.00,1.00,1.00,1.00,2.00,
-96.35,32.90,Wheat,9.55,880.00,19.00,1400.81,16.80,6.72,1.97,34.71,45.99,28.64,25.37,0.53,0.00,1.00,1.00,1.00,0.50,
-92.02,30.21,Other crops,11.63,1869.00,20.95,1227.09,11.10,5.52,1.23,12.50,30.00,39.90,30.10,0.16,0.00,1.00,1.00,1.00,0.07,
-92.02,30.21,Other crops,11.63,1869.00,20.95,1227.09,11.10,5.91,1.15,12.90,30.70,41.00,28.30,0.16,0.00,1.00,1.00,1.00,0.04,
-92.02,30.21,Other crops,11.63,1869.00,20.95,1227.09,11.10,5.52,1.18,12.30,30.40,40.60,29.00,0.16,0.00,1.00,1.00,1.00,0.07,
-92.02,30.21,Other crops,11.63,1869.00,20.95,1227.09,11.10,5.52,1.23,12.50,30.00,39.90,30.10,0.16,0.00,1.00,1.00,1.00,0.04,
-92.02,30.21,Other crops,11.63,1869.00,20.95,1227.09,11.10,5.91,1.15,12.90,30.70,41.00,28.30,0.16,0.00,1.00,1.00,1.00,0.06,
-92.02,30.21,Other crops,11.63,1869.00,20.95,1227.09,11.10,5.52,1.18,12.30,30.40,40.60,29.00,0.16,0.00,1.00,1.00,1.00,0.05,
-92.02,30.21,Other crops,11.63,1869.00,20.95,1227.09,11.10,5.52,1.23,12.50,30.00,39.90,30.10,0.16,0.00,1.00,1.00,1.00,0.17,
-92.02,30.21,Other crops,11.63,1869.00,20.95,1227.09,11.10,5.91,1.15,12.90,30.70,41.00,28.30,0.16,0.00,1.00,1.00,1.00,0.14,
-92.02,30.21,Other crops,11.63,1869.00,20.95,1227.09,11.10,5.52,1.18,12.30,30.40,40.60,29.00,0.16,0.00,1.00,1.00,1.00,0.02,
-96.50,42.10,Other crops,26.16,766.47,9.86,1023.00,33.41,7.40,1.79,22.00,14.00,58.00,28.00,5.50,0.00,1.53,1.00,1.00,3.38,
-96.50,42.10,Other crops,26.16,766.47,9.86,1023.00,30.05,7.40,1.79,22.00,14.00,58.00,28.00,5.50,0.00,1.00,1.00,1.00,1.64,
-96.50,42.10,Other crops,26.16,766.47,9.86,1023.00,22.39,5.80,1.79,22.00,14.00,58.00,28.00,5.50,0.00,0.00,1.00,1.00,1.13,
-96.50,42.10,Maize,26.16,766.47,9.86,1023.00,33.41,7.40,1.79,22.00,14.00,58.00,28.00,5.50,0.00,1.53,1.00,1.00,0.34,
-96.50,42.10,Maize,26.16,766.47,9.86,1023.00,30.05,7.40,1.79,22.00,14.00,58.00,28.00,5.50,0.00,1.00,1.00,1.00,0.25,
-96.50,42.10,Maize,26.16,766.47,9.86,1023.00,22.39,5.80,1.79,22.00,14.00,58.00,28.00,5.50,0.00,0.00,1.00,1.00,0.17,
-96.50,42.10,Other crops,26.16,766.47,9.86,1023.00,33.41,7.40,1.79,22.00,14.00,58.00,28.00,5.50,0.00,1.53,1.00,1.00,0.35,
-96.50,42.10,Other crops,26.16,766.47,9.86,1023.00,30.05,7.40,1.79,22.00,14.00,58.00,28.00,5.50,0.00,1.00,1.00,1.00,0.31,
-96.50,42.10,Other crops,26.16,766.47,9.86,1023.00,22.39,5.80,1.79,22.00,14.00,58.00,28.00,5.50,0.00,0.00,1.00,1.00,0.45,
-96.50,42.10,Other crops,26.16,766.47,9.86,1023.00,20.60,6.20,1.79,22.00,14.00,58.00,28.00,0.88,0.00,1.00,1.00,1.00,0.60,
-96.50,42.10,Other crops,26.16,766.47,9.86,1023.00,20.60,6.20,1.79,22.00,14.00,58.00,28.00,0.88,0.00,1.00,1.00,1.00,3.07,
-96.50,42.10,Other crops,26.16,766.47,9.86,1023.00,20.60,6.20,1.79,22.00,14.00,58.00,28.00,0.88,0.00,1.00,1.00,1.00,2.23,
-96.50,42.10,Other crops,26.16,766.47,9.86,1023.00,20.60,6.20,1.79,22.00,14.00,58.00,28.00,0.88,0.00,1.00,1.00,1.00,1.72,
-96.50,42.10,Other crops,26.16,766.47,9.86,1023.00,20.60,6.20,1.79,22.00,14.00,58.00,28.00,0.88,0.00,1.00,1.00,1.00,1.15,
-96.50,42.10,Other crops,26.16,766.47,9.86,1023.00,20.60,6.20,1.79,22.00,14.00,58.00,28.00,0.88,0.00,1.00,1.00,1.00,1.61,
-96.50,42.10,Other crops,26.16,766.47,9.86,1023.00,20.60,6.20,1.79,22.00,14.00,58.00,28.00,0.88,0.00,1.00,1.00,1.00,2.68,
-96.50,42.10,Other crops,26.16,766.47,9.86,1023.00,20.60,6.20,1.79,22.00,14.00,58.00,28.00,0.88,0.00,1.00,1.00,1.00,0.63,
-96.50,42.10,Other crops,26.16,766.47,9.86,1023.00,20.60,6.20,1.79,22.00,14.00,58.00,28.00,0.88,0.00,1.00,1.00,1.00,1.09,
-96.50,42.10,Other crops,26.16,766.47,9.86,1023.00,20.60,6.20,1.79,22.00,14.00,58.00,28.00,0.88,0.00,1.00,1.00,1.00,1.13,
-96.50,42.10,Other crops,26.16,766.47,9.86,1023.00,20.60,6.20,1.79,22.00,14.00,58.00,28.00,0.88,0.00,1.00,1.00,1.00,0.72,
-96.50,42.10,Other crops,26.16,766.47,9.86,1023.00,20.60,6.20,1.79,22.00,14.00,58.00,28.00,0.88,0.00,1.00,1.00,1.00,0.91,
19.86,50.09,Other crops,86.03,681.00,7.40,732.16,8.91,5.82,1.67,18.55,17.96,46.84,35.21,9.00,0.00,0.81,1.00,1.00,1.74,
19.86,50.09,Wheat,86.03,681.00,7.40,732.16,8.91,5.82,1.67,18.55,17.96,46.84,35.21,9.00,0.00,0.78,1.00,1.00,1.47,
19.86,50.09,Other crops,86.03,681.00,7.40,732.16,8.91,5.82,1.67,18.55,17.96,46.84,35.21,9.00,0.00,1.00,1.00,1.00,0.93,
19.86,50.09,Other crops,86.03,681.00,7.40,732.16,8.91,5.82,1.67,18.55,17.96,46.84,35.21,9.00,0.00,0.81,1.00,1.00,4.33,
19.86,50.09,Wheat,86.03,681.00,7.40,732.16,8.91,5.82,1.67,18.55,17.96,46.84,35.21,9.00,0.00,0.78,1.00,1.00,3.21,
19.86,50.09,Other crops,86.03,681.00,7.40,732.16,8.91,5.82,1.67,18.55,17.96,46.84,35.21,9.00,0.00,1.00,1.00,1.00,2.07,
-2.64,52.12,Other crops,145.29,660.00,10.26,580.02,15.08,5.99,1.67,13.39,17.40,42.00,40.60,5.00,1.00,1.00,1.00,1.00,0.74,
-2.64,52.12,Other crops,145.29,660.00,10.26,580.02,15.08,5.99,1.67,13.39,17.40,42.00,40.60,5.00,1.00,1.00,1.00,1.00,0.02,
-2.64,52.12,Other crops,145.29,660.00,10.26,580.02,15.08,5.99,1.67,13.39,17.40,42.00,40.60,5.00,1.00,1.00,1.00,1.00,2.93,
-2.64,52.12,Other crops,145.29,660.00,10.26,580.02,15.08,5.99,1.67,13.39,17.40,42.00,40.60,5.00,1.00,1.00,1.00,1.00,0.04,
-2.64,52.12,Other crops,145.29,660.00,10.26,580.02,15.08,5.99,1.67,13.39,17.40,42.00,40.60,5.00,1.00,1.00,1.00,1.00,0.03,
-2.64,52.12,Other crops,145.29,660.00,10.26,580.02,15.08,5.99,1.67,13.39,17.40,42.00,40.60,5.00,1.00,1.00,1.00,1.00,0.02,
-2.64,52.12,Other crops,145.29,660.00,10.26,580.02,15.08,5.99,1.67,13.39,17.40,42.00,40.60,5.00,1.00,1.00,1.00,1.00,0.12,
-2.17,53.02,Other crops,101.10,700.00,9.89,568.38,20.88,5.43,1.72,14.34,23.55,38.61,37.85,4.00,1.00,1.00,1.00,1.00,0.06,
-2.17,53.02,Other crops,101.10,700.00,9.89,568.38,20.88,5.43,1.72,14.34,23.55,38.61,37.85,4.00,1.00,1.00,1.00,1.00,1.52,
-2.17,53.02,Other crops,101.10,700.00,9.89,568.38,20.88,5.43,1.72,14.34,23.55,38.61,37.85,4.00,1.00,1.00,1.00,1.00,0.03,
-2.17,53.02,Other crops,101.10,700.00,9.89,568.38,20.88,5.43,1.72,14.34,23.55,38.61,37.85,4.00,1.00,1.00,1.00,1.00,1.00,
-2.17,53.02,Other crops,101.10,700.00,9.89,568.38,20.88,5.43,1.72,14.34,23.55,38.61,37.85,4.00,1.00,1.00,1.00,1.00,0.10,
-2.17,53.02,Other crops,101.10,700.00,9.89,568.38,20.88,5.43,1.72,14.34,23.55,38.61,37.85,4.00,1.00,1.00,1.00,1.00,0.82,
-2.17,53.02,Other crops,101.10,700.00,9.89,568.38,20.88,5.43,1.72,14.34,23.55,38.61,37.85,4.00,1.00,1.00,1.00,1.00,0.23,
-2.17,53.02,Other crops,101.10,700.00,9.89,568.38,20.88,5.43,1.72,14.34,23.55,38.61,37.85,4.00,1.00,1.00,1.00,1.00,2.48,
-2.17,53.02,Other crops,101.10,700.00,9.89,568.38,20.88,5.43,1.72,14.34,23.55,38.61,37.85,4.00,1.00,1.00,1.00,1.00,0.34,
-2.17,53.02,Other crops,101.10,700.00,9.89,568.38,20.88,5.43,1.72,14.34,23.55,38.61,37.85,4.00,1.00,1.00,1.00,1.00,0.20,
-1.15,52.65,Other crops,136.55,650.00,10.38,608.23,30.16,5.93,1.75,17.30,23.65,46.03,30.31,4.00,1.00,1.00,1.00,1.00,0.02,
-1.15,52.65,Other crops,136.55,650.00,10.38,608.23,30.16,5.93,1.75,17.30,23.65,46.03,30.31,4.00,1.00,1.00,1.00,1.00,0.47,
-1.15,52.65,Other crops,136.55,650.00,10.38,608.23,30.16,5.93,1.75,17.30,23.65,46.03,30.31,4.00,1.00,1.00,1.00,1.00,0.07,
-1.15,52.65,Other crops,136.55,650.00,10.38,608.23,30.16,5.93,1.75,17.30,23.65,46.03,30.31,4.00,1.00,1.00,1.00,1.00,0.33,
-1.15,52.65,Other crops,136.55,650.00,10.38,608.23,30.16,5.93,1.75,17.30,23.65,46.03,30.31,4.00,1.00,1.00,1.00,1.00,0.09,
-1.15,52.65,Other crops,136.55,650.00,10.38,608.23,30.16,5.93,1.75,17.30,23.65,46.03,30.31,4.00,1.00,1.00,1.00,1.00,1.66,
-1.15,52.65,Other crops,136.55,650.00,10.38,608.23,30.16,5.93,1.75,17.30,23.65,46.03,30.31,4.00,1.00,1.00,1.00,1.00,0.66,
-1.15,52.65,Other crops,136.55,650.00,10.38,608.23,30.16,5.93,1.75,17.30,23.65,46.03,30.31,4.00,1.00,1.00,1.00,1.00,0.45,
-1.15,52.65,Other crops,136.55,650.00,10.38,608.23,30.16,5.93,1.75,17.30,23.65,46.03,30.31,4.00,1.00,1.00,1.00,1.00,0.80,
-1.15,52.65,Other crops,136.55,650.00,10.38,608.23,30.16,5.93,1.75,17.30,23.65,46.03,30.31,4.00,1.00,1.00,1.00,1.00,0.41,
-1.15,52.65,Other crops,136.55,650.00,10.38,608.23,30.16,5.93,1.75,17.30,23.65,46.03,30.31,4.00,1.00,1.00,1.00,1.00,0.38,
-1.15,52.65,Other crops,136.55,650.00,10.38,608.23,30.16,5.93,1.75,17.30,23.65,46.03,30.31,4.00,1.00,1.00,1.00,1.00,0.11,
-1.15,52.65,Other crops,136.55,650.00,10.38,608.23,30.16,5.93,1.75,17.30,23.65,46.03,30.31,4.00,1.00,1.00,1.00,1.00,0.02,
-1.15,52.65,Other crops,136.55,650.00,10.38,608.23,30.16,5.93,1.75,17.30,23.65,46.03,30.31,4.00,1.00,1.00,1.00,1.00,0.25,
-1.15,52.65,Other crops,136.55,650.00,10.38,608.23,30.16,5.93,1.75,17.30,23.65,46.03,30.31,4.00,1.00,1.00,1.00,1.00,0.07,
-1.15,52.65,Other crops,136.55,650.00,10.38,608.23,30.16,5.93,1.75,17.30,23.65,46.03,30.31,4.00,1.00,1.00,1.00,1.00,0.34,
-1.15,52.65,Other crops,136.55,650.00,10.38,608.23,30.16,5.93,1.75,17.30,23.65,46.03,30.31,4.00,1.00,1.00,1.00,1.00,0.38,
-53.70,-29.72,Other crops,4.60,1691.13,19.95,1175.28,9.28,4.70,1.76,22.83,17.00,30.00,53.00,4.00,0.00,0.00,1.00,1.00,1.68,
-53.70,-29.72,Other crops,4.60,1691.13,19.95,1175.28,9.28,4.70,1.76,22.83,17.00,30.00,53.00,4.00,0.00,1.00,1.00,1.00,8.54,
-53.70,-29.72,Other crops,4.60,1691.13,19.95,1175.28,9.28,4.70,1.76,22.83,17.00,30.00,53.00,4.00,0.00,0.00,1.00,1.00,0.56,
-53.70,-29.72,Other crops,4.60,1691.13,19.95,1175.28,9.28,4.70,1.76,22.83,17.00,30.00,53.00,4.00,0.00,0.00,1.00,1.00,0.20,
-53.70,-29.72,Other crops,4.60,1691.13,19.95,1175.28,9.28,4.70,1.76,22.83,17.00,30.00,53.00,4.00,0.00,0.00,1.00,1.00,0.83,
-53.70,-29.72,Other crops,4.60,1691.13,19.95,1175.28,9.28,4.70,1.76,22.83,17.00,30.00,53.00,4.00,0.00,0.50,1.00,1.00,5.36,
-53.70,-29.72,Other crops,4.60,1691.13,19.95,1175.28,9.28,4.70,1.76,22.83,17.00,30.00,53.00,4.00,0.00,1.00,1.00,1.00,5.39,
-53.70,-29.72,Maize,4.60,1691.13,19.95,1175.28,9.28,4.70,1.76,22.83,17.00,30.00,53.00,4.00,0.00,0.00,1.00,1.00,3.19,
-53.70,-29.72,Other crops,4.60,1691.13,19.95,1175.28,9.28,4.70,1.76,22.83,17.00,30.00,53.00,4.00,0.00,0.00,1.00,1.00,2.78,
-53.70,-29.72,Maize,4.60,1561.00,19.30,1175.28,7.83,4.90,1.76,22.83,10.80,18.30,70.90,4.94,0.00,0.00,1.00,1.00,0.92,
-53.70,-29.72,Maize,4.60,1561.00,19.30,1175.28,12.24,4.90,1.76,22.83,10.80,18.30,70.90,4.94,0.00,1.00,1.00,1.00,4.26,
-53.70,-29.72,Maize,4.60,1561.00,19.30,1175.28,13.23,4.90,1.76,22.83,10.80,18.30,70.90,4.94,0.00,0.93,1.00,1.00,4.97,
-53.70,-29.72,Maize,4.60,1561.00,19.30,1175.28,12.12,4.90,1.76,22.83,10.80,18.30,70.90,4.94,0.00,0.90,1.00,1.00,4.28,
-53.70,-29.72,Other crops,4.60,1561.00,19.30,1175.28,7.83,4.90,1.76,22.83,10.80,18.30,70.90,4.94,0.00,0.00,1.00,1.00,0.53,
-53.70,-29.72,Other crops,4.60,1561.00,19.30,1175.28,12.24,4.90,1.76,22.83,10.80,18.30,70.90,4.94,0.00,2.62,1.00,1.00,4.45,
-53.70,-29.72,Other crops,4.60,1561.00,19.30,1175.28,15.78,4.90,1.76,22.83,10.80,18.30,70.90,4.94,0.00,2.08,1.00,1.00,3.26,
-53.70,-29.72,Other crops,4.60,1561.00,19.30,1175.28,13.23,4.90,1.76,22.83,10.80,18.30,70.90,4.94,0.00,0.62,1.00,1.00,2.28,
-53.70,-29.72,Other crops,4.60,1561.00,19.30,1175.28,12.12,4.90,1.76,22.83,10.80,18.30,70.90,4.94,0.00,1.00,1.00,1.00,1.23,
-53.70,-29.72,Maize,4.60,1561.00,19.30,1175.28,7.83,4.90,1.76,22.83,10.80,18.30,70.90,4.94,0.00,0.00,1.00,1.00,1.11,
-53.70,-29.72,Maize,4.60,1561.00,19.30,1175.28,12.24,4.90,1.76,22.83,10.80,18.30,70.90,4.94,0.00,4.08,1.00,1.00,4.13,
-53.70,-29.72,Maize,4.60,1561.00,19.30,1175.28,15.78,4.90,1.76,22.83,10.80,18.30,70.90,4.94,0.00,3.92,1.00,1.00,6.26,
-53.70,-29.72,Maize,4.60,1561.00,19.30,1175.28,13.23,4.90,1.76,22.83,10.80,18.30,70.90,4.94,0.00,1.88,1.00,1.00,3.33,
-53.70,-29.72,Maize,4.60,1561.00,19.30,1175.28,12.12,4.90,1.76,22.83,10.80,18.30,70.90,4.94,0.00,1.00,1.00,1.00,1.13,
-53.70,-29.72,Other crops,4.60,1561.00,19.30,1175.28,7.83,4.90,1.76,22.83,10.80,18.30,70.90,4.94,0.00,0.00,1.00,1.00,1.55,
-53.70,-29.72,Other crops,4.60,1561.00,19.30,1175.28,12.24,4.90,1.76,22.83,10.80,18.30,70.90,4.94,0.00,0.59,1.00,1.00,3.60,
-53.70,-29.72,Other crops,4.60,1561.00,19.30,1175.28,15.78,4.90,1.76,22.83,10.80,18.30,70.90,4.94,0.00,0.75,1.00,1.00,4.25,
-53.70,-29.72,Other crops,4.60,1561.00,19.30,1175.28,13.23,4.90,1.76,22.83,10.80,18.30,70.90,4.94,0.00,1.00,1.00,1.00,2.30,
-53.70,-29.72,Other crops,4.60,1561.00,19.30,1175.28,12.12,4.90,1.76,22.83,10.80,18.30,70.90,4.94,0.00,0.41,1.00,1.00,2.77,
-53.70,-29.72,Maize,4.60,1561.00,19.30,1175.28,7.83,4.90,1.76,22.83,10.80,18.30,70.90,4.94,0.00,0.00,1.00,1.00,0.59,
-53.70,-29.72,Maize,4.60,1561.00,19.30,1175.28,12.24,4.90,1.76,22.83,10.80,18.30,70.90,4.94,0.00,1.23,1.00,1.00,2.18,
-53.70,-29.72,Maize,4.60,1561.00,19.30,1175.28,15.78,4.90,1.76,22.83,10.80,18.30,70.90,4.94,0.00,1.35,1.00,1.00,2.54,
-53.70,-29.72,Maize,4.60,1561.00,19.30,1175.28,13.23,4.90,1.76,22.83,10.80,18.30,70.90,4.94,0.00,2.08,1.00,1.00,1.36,
-53.70,-29.72,Maize,4.60,1561.00,19.30,1175.28,12.12,4.90,1.76,22.83,10.80,18.30,70.90,4.94,0.00,1.00,1.00,1.00,1.05,
-53.70,-29.72,Other crops,4.60,1561.00,19.30,1175.28,7.83,4.90,1.76,22.83,10.80,18.30,70.90,4.94,0.00,0.00,1.00,1.00,2.63,
-53.70,-29.72,Other crops,4.60,1561.00,19.30,1175.28,12.24,4.90,1.76,22.83,10.80,18.30,70.90,4.94,0.00,1.78,1.00,1.00,3.94,
-53.70,-29.72,Other crops,4.60,1561.00,19.30,1175.28,15.78,4.90,1.76,22.83,10.80,18.30,70.90,4.94,0.00,0.89,1.00,1.00,5.82,
-53.70,-29.72,Other crops,4.60,1561.00,19.30,1175.28,13.23,4.90,1.76,22.83,10.80,18.30,70.90,4.94,0.00,1.00,1.00,1.00,3.32,
-53.70,-29.72,Other crops,4.60,1561.00,19.30,1175.28,12.12,4.90,1.76,22.83,10.80,18.30,70.90,4.94,0.00,1.44,1.00,1.00,3.62,
-53.70,-29.72,Other crops,4.60,1561.00,19.30,1175.28,7.83,4.90,1.76,22.83,10.80,18.30,70.90,4.94,0.00,0.00,1.00,1.00,2.27,
-53.70,-29.72,Other crops,4.60,1561.00,19.30,1175.28,12.24,4.90,1.76,22.83,10.80,18.30,70.90,4.94,0.00,3.91,1.00,1.00,2.72,
-53.70,-29.72,Other crops,4.60,1561.00,19.30,1175.28,15.78,4.90,1.76,22.83,10.80,18.30,70.90,4.94,0.00,6.18,1.00,1.00,4.61,
-53.70,-29.72,Other crops,4.60,1561.00,19.30,1175.28,13.23,4.90,1.76,22.83,10.80,18.30,70.90,4.94,0.00,4.36,1.00,1.00,4.00,
-53.70,-29.72,Other crops,4.60,1561.00,19.30,1175.28,12.12,4.90,1.76,22.83,10.80,18.30,70.90,4.94,0.00,1.00,1.00,1.00,0.85,
-53.70,-29.72,Other crops,4.60,1561.00,19.30,1175.28,7.83,4.90,1.76,22.83,10.80,18.30,70.90,4.94,0.00,0.00,1.00,1.00,2.92,
-53.70,-29.72,Other crops,4.60,1561.00,19.30,1175.28,12.24,4.90,1.76,22.83,10.80,18.30,70.90,4.94,0.00,2.23,1.00,1.00,2.12,
-53.70,-29.72,Other crops,4.60,1561.00,19.30,1175.28,13.23,4.90,1.76,22.83,10.80,18.30,70.90,4.94,0.00,2.62,1.00,1.00,0.94,
-53.70,-29.72,Other crops,4.60,1561.00,19.30,1175.28,12.12,4.90,1.76,22.83,10.80,18.30,70.90,4.94,0.00,1.00,1.00,1.00,0.56,
-78.89,35.06,Other crops,16.57,1311.67,17.20,1215.38,14.32,5.20,1.74,6.97,22.02,25.49,52.49,5.00,1.00,1.00,1.00,1.00,1.21,
-78.89,35.06,Other crops,16.57,1311.67,17.20,1215.38,14.32,5.20,1.74,6.97,22.02,25.49,52.49,5.00,1.00,1.00,1.00,1.00,1.98,
-78.89,35.06,Other crops,16.57,1311.67,17.20,1215.38,14.32,5.20,1.74,6.97,22.02,25.49,52.49,5.00,1.00,1.00,1.00,1.00,2.68,
-86.35,42.11,Other crops,51.56,125.00,10.49,941.48,14.05,6.92,1.66,15.00,17.17,34.43,48.40,0.70,1.00,1.00,1.00,1.00,0.09,
-86.35,42.11,Other crops,51.56,125.00,10.49,941.48,14.05,6.92,1.66,15.00,17.17,34.43,48.40,0.70,1.00,1.00,1.00,1.00,0.06,
-86.35,42.11,Other crops,51.56,307.00,10.49,941.48,14.05,6.92,1.66,15.00,17.17,34.43,48.40,0.70,1.00,1.00,1.00,1.00,0.06,
-86.35,42.11,Other crops,51.56,307.00,10.49,941.48,14.05,6.92,1.66,15.00,17.17,34.43,48.40,0.70,1.00,1.00,1.00,1.00,0.27,
-94.99,37.51,Other crops,11.19,1118.87,14.62,1232.67,22.00,6.10,1.78,19.00,25.00,42.00,33.00,0.26,0.00,1.00,0.00,0.00,0.39,
-94.99,37.51,Other crops,11.19,1118.87,14.62,1232.67,22.00,6.10,1.78,19.00,25.00,42.00,33.00,0.26,0.00,1.00,1.00,1.00,0.72,
-94.99,37.51,Other crops,11.19,1118.87,14.62,1232.67,22.00,6.10,1.78,19.00,25.00,42.00,33.00,0.26,0.00,1.00,1.00,1.00,1.86,
-94.99,37.51,Other crops,11.19,1118.87,14.62,1232.67,22.00,6.10,1.78,19.00,25.00,42.00,33.00,0.26,0.00,1.00,1.00,1.00,0.65,
-94.99,37.51,Other crops,11.19,1118.87,14.62,1232.67,22.00,6.10,1.78,19.00,25.00,42.00,33.00,0.26,0.00,1.00,1.00,1.00,0.53,
-94.99,37.51,Other crops,11.19,1118.87,14.62,1232.67,22.00,6.10,1.78,19.00,25.00,42.00,33.00,0.26,0.00,1.00,0.00,0.00,0.90,
-94.99,37.51,Other crops,11.19,1118.87,14.62,1232.67,22.00,6.10,1.78,19.00,25.00,42.00,33.00,0.26,0.00,1.00,1.00,1.00,1.83,
-94.99,37.51,Other crops,11.19,1118.87,14.62,1232.67,22.00,6.10,1.78,19.00,25.00,42.00,33.00,0.26,0.00,1.00,1.00,1.00,2.69,
-94.99,37.51,Other crops,11.19,1118.87,14.62,1232.67,22.00,6.10,1.78,19.00,25.00,42.00,33.00,0.26,0.00,1.00,1.00,1.00,2.30,
-83.59,31.44,Other crops,13.41,1200.00,18.70,1306.63,9.39,5.20,1.74,6.00,21.00,27.00,52.00,0.38,1.00,1.00,1.00,1.00,0.01,
-94.85,37.51,Other crops,14.45,197.00,14.62,1227.72,9.86,6.40,1.78,19.00,25.00,42.00,33.00,0.38,0.00,0.00,1.00,1.00,0.21,
-94.85,37.51,Other crops,14.45,197.00,14.62,1227.72,9.86,6.40,1.78,19.00,25.00,42.00,33.00,0.38,0.00,1.00,1.00,1.00,0.86,
-94.85,37.51,Other crops,14.45,197.00,14.62,1227.72,9.86,6.40,1.78,19.00,25.00,42.00,33.00,0.38,0.00,7.50,1.00,1.00,3.97,
-94.85,37.51,Other crops,14.45,197.00,14.62,1227.72,9.86,6.40,1.78,19.00,25.00,42.00,33.00,0.38,0.00,1.00,1.00,1.00,1.38,
-94.85,37.51,Other crops,14.45,197.00,14.62,1227.72,9.86,6.40,1.78,19.00,25.00,42.00,33.00,0.38,0.00,1.00,1.00,1.00,0.48,
-94.85,37.51,Other crops,14.45,379.00,14.62,1227.72,9.86,6.40,1.78,19.00,25.00,42.00,33.00,0.38,0.00,0.00,1.00,1.00,0.48,
-94.85,37.51,Other crops,14.45,379.00,14.62,1227.72,9.86,6.40,1.78,19.00,25.00,42.00,33.00,0.38,0.00,1.00,1.00,1.00,2.87,
-94.85,37.51,Other crops,14.45,379.00,14.62,1227.72,9.86,6.40,1.78,19.00,25.00,42.00,33.00,0.38,0.00,7.50,1.00,1.00,6.94,
-94.85,37.51,Other crops,14.45,379.00,14.62,1227.72,9.86,6.40,1.78,19.00,25.00,42.00,33.00,0.38,0.00,1.00,1.00,1.00,2.52,
-94.85,37.51,Other crops,14.45,379.00,14.62,1227.72,9.86,6.40,1.78,19.00,25.00,42.00,33.00,0.38,0.00,1.00,1.00,1.00,1.52,
-94.85,37.51,Other crops,14.45,717.00,14.62,1227.72,9.86,6.40,1.78,19.00,25.00,42.00,33.00,0.38,0.00,0.00,1.00,1.00,0.83,
-94.85,37.51,Other crops,14.45,717.00,14.62,1227.72,9.86,6.40,1.78,19.00,25.00,42.00,33.00,0.38,0.00,1.00,1.00,1.00,4.53,
-94.85,37.51,Other crops,14.45,717.00,14.62,1227.72,9.86,6.40,1.78,19.00,25.00,42.00,33.00,0.38,0.00,1.00,1.00,1.00,3.73,
-49.66,-27.19,Other crops,4.28,1659.60,19.11,992.20,12.76,5.50,1.77,11.00,22.50,44.10,33.40,25.00,0.00,1.00,1.00,1.00,0.03,
-49.66,-27.19,Other crops,4.28,1659.60,19.11,992.20,12.76,5.50,1.77,11.00,22.50,44.10,33.40,35.00,0.00,1.00,1.00,1.00,0.10,
-49.66,-27.19,Other crops,4.28,1659.60,19.11,992.20,12.76,5.50,1.77,11.00,22.50,44.10,33.40,4.78,0.00,0.00,1.00,1.00,0.05,
-49.66,-27.19,Other crops,4.28,1659.60,19.11,992.20,12.76,5.50,1.77,11.00,22.50,44.10,33.40,4.78,0.00,1.00,1.00,1.00,0.05,
-49.66,-27.19,Other crops,4.28,1659.60,19.11,992.20,12.76,5.50,1.77,11.00,22.50,44.10,33.40,4.78,0.00,2.02,1.00,1.00,0.06,
-49.66,-27.19,Other crops,4.28,1659.60,19.11,992.20,12.76,5.50,1.77,11.00,22.50,44.10,33.40,4.78,0.00,4.02,1.00,1.00,0.07,
-51.21,-27.37,Other crops,6.50,1876.05,17.35,988.24,17.40,6.30,1.99,14.30,64.20,34.60,1.20,15.00,0.00,1.00,1.00,1.00,0.41,
-51.21,-27.37,Other crops,6.50,1876.05,17.35,988.24,17.40,6.30,1.99,14.30,64.20,34.60,1.20,25.00,0.00,1.00,1.00,1.00,1.55,
-51.21,-27.37,Other crops,6.50,1876.05,17.35,988.24,17.40,6.30,1.99,14.30,64.20,34.60,1.20,35.00,0.00,1.00,1.00,1.00,3.45,
-51.21,-27.37,Other crops,6.50,1876.05,17.35,988.24,17.40,6.30,1.99,14.30,64.20,34.60,1.20,2.37,0.00,0.00,1.00,1.00,1.24,
-51.21,-27.37,Other crops,6.50,1876.05,17.35,988.24,17.40,6.30,1.99,14.30,64.20,34.60,1.20,2.37,0.00,0.49,1.00,1.00,2.32,
-51.21,-27.37,Other crops,6.50,1876.05,17.35,988.24,17.40,6.30,1.99,14.30,64.20,34.60,1.20,2.37,0.00,1.00,1.00,1.00,2.28,
-51.21,-27.37,Other crops,6.50,1876.05,17.35,988.24,17.40,6.30,1.99,14.30,64.20,34.60,1.20,2.37,0.00,1.99,1.00,1.00,2.50,
-85.17,41.60,Other crops,44.46,1048.39,10.21,935.64,15.99,6.00,1.69,15.00,19.00,50.00,31.00,0.42,0.00,1.00,1.00,1.00,0.24,
-85.17,41.60,Other crops,44.46,1048.39,10.21,935.64,15.99,6.00,1.69,15.00,19.00,50.00,31.00,0.42,0.00,1.00,1.00,1.00,0.01,
-85.17,41.60,Other crops,44.46,1048.39,10.21,935.64,15.99,6.00,1.69,15.00,19.00,50.00,31.00,0.42,0.00,1.00,1.00,1.00,0.09,
-85.17,41.60,Other crops,44.46,1048.39,10.21,935.64,15.99,6.00,1.69,15.00,19.00,50.00,31.00,0.42,0.00,1.00,1.00,1.00,0.53,
-85.17,41.60,Other crops,44.46,1048.39,10.21,935.64,15.99,6.00,1.69,15.00,19.00,50.00,31.00,0.42,0.00,1.00,1.00,1.00,1.29,
-85.17,41.60,Other crops,44.46,1048.39,10.21,935.64,15.99,6.00,1.69,15.00,19.00,50.00,31.00,0.42,0.00,1.00,1.00,1.00,0.74,
-85.17,41.60,Other crops,44.46,1048.39,10.21,935.64,15.99,6.00,1.69,15.00,19.00,50.00,31.00,0.42,0.00,1.00,1.00,1.00,0.10,
-85.17,41.60,Other crops,44.46,1048.39,10.21,935.64,15.99,6.00,1.69,15.00,19.00,50.00,31.00,0.42,0.00,1.00,1.00,1.00,1.03,
-85.17,41.60,Other crops,44.46,1048.39,10.21,935.64,15.99,6.00,1.69,15.00,19.00,50.00,31.00,0.42,0.00,1.00,1.00,1.00,2.41,
-85.17,41.60,Other crops,44.46,1048.39,10.21,935.64,15.99,6.00,1.69,15.00,19.00,50.00,31.00,0.42,0.00,1.00,1.00,1.00,0.47,
-85.17,41.60,Other crops,44.46,1048.39,10.21,935.64,15.99,6.00,1.69,15.00,19.00,50.00,31.00,0.42,0.00,1.00,1.00,1.00,0.53,
-85.17,41.60,Other crops,44.46,1048.39,10.21,935.64,15.99,6.00,1.69,15.00,19.00,50.00,31.00,0.42,0.00,1.00,1.00,1.00,0.61,
-85.17,41.60,Other crops,44.46,1048.39,10.21,935.64,15.99,6.00,1.69,15.00,19.00,50.00,31.00,0.42,0.00,1.00,1.00,1.00,1.98,
-85.17,41.60,Other crops,44.46,1048.39,10.21,935.64,15.99,6.00,1.69,15.00,19.00,50.00,31.00,0.42,0.00,1.00,1.00,1.00,1.23,
-85.17,41.60,Other crops,44.46,1048.39,10.21,935.64,15.99,6.00,1.69,15.00,19.00,50.00,31.00,0.42,0.00,1.00,1.00,1.00,0.55,
-94.42,36.00,Other crops,24.51,1237.11,15.53,1237.73,12.18,6.60,1.81,7.00,26.00,24.00,50.00,3.00,0.00,0.98,1.00,1.00,0.26,
-94.42,36.00,Other crops,24.51,1237.11,15.53,1237.73,14.50,6.30,1.81,7.00,26.00,24.00,50.00,2.00,0.00,0.00,1.00,1.00,0.05,
-94.42,36.00,Other crops,24.51,1237.11,15.53,1237.73,17.40,6.40,1.81,7.00,26.00,24.00,50.00,4.00,0.00,1.00,1.00,1.00,0.08,
-94.42,36.00,Other crops,24.51,1237.11,15.53,1237.73,11.60,6.40,1.81,7.00,26.00,24.00,50.00,4.00,0.00,0.00,1.00,1.00,0.17,
-95.49,40.84,Other crops,19.03,894.75,10.86,1043.08,20.60,6.20,1.79,22.00,26.00,46.00,28.00,3.00,0.00,1.00,1.00,1.00,0.19,
-95.49,40.84,Other crops,19.03,894.75,10.86,1043.08,20.60,6.20,1.79,22.00,26.00,46.00,28.00,3.00,0.00,1.00,1.00,1.00,0.09,
-95.49,40.84,Other crops,19.03,894.75,10.86,1043.08,20.60,6.20,1.79,22.00,26.00,46.00,28.00,3.00,0.00,1.00,1.00,1.00,0.08,
-95.49,40.84,Other crops,19.03,894.75,10.86,1043.08,20.60,6.20,1.79,22.00,26.00,46.00,28.00,3.00,0.00,1.00,1.00,1.00,0.09,
-95.49,40.84,Other crops,19.03,894.75,10.86,1043.08,20.60,6.20,1.79,22.00,26.00,46.00,28.00,3.00,0.00,1.00,1.00,1.00,0.05,
-95.49,40.84,Other crops,19.03,894.75,10.86,1043.08,20.60,6.20,1.79,22.00,26.00,46.00,28.00,3.00,0.00,1.00,1.00,1.00,0.24,
-95.49,40.84,Other crops,19.03,894.75,10.86,1043.08,20.60,6.20,1.79,22.00,26.00,46.00,28.00,3.00,0.00,1.00,1.00,1.00,0.19,
-95.49,40.84,Other crops,19.03,894.75,10.86,1043.08,20.60,6.20,1.79,22.00,26.00,46.00,28.00,3.00,0.00,1.00,1.00,1.00,0.06,
-95.49,40.84,Other crops,19.03,894.75,10.86,1043.08,20.60,6.20,1.79,22.00,26.00,46.00,28.00,3.00,0.00,1.00,1.00,1.00,0.04,
-95.49,40.84,Other crops,19.03,894.75,10.86,1043.08,20.60,6.20,1.79,22.00,26.00,46.00,28.00,3.00,0.00,1.00,1.00,1.00,0.03,
-95.49,40.84,Other crops,19.03,894.75,10.86,1043.08,20.60,6.20,1.79,22.00,26.00,46.00,28.00,3.00,0.00,1.00,1.00,1.00,0.12,
-95.49,40.84,Other crops,19.03,894.75,10.86,1043.08,20.60,6.20,1.79,22.00,26.00,46.00,28.00,3.00,0.00,1.00,1.00,1.00,0.18,
-95.49,40.84,Other crops,19.03,894.75,10.86,1043.08,20.60,6.20,1.79,22.00,26.00,46.00,28.00,3.00,0.00,1.00,1.00,1.00,0.21,
-95.49,40.84,Other crops,19.03,894.75,10.86,1043.08,20.60,6.20,1.79,22.00,26.00,46.00,28.00,3.00,0.00,1.00,1.00,1.00,0.24,
-95.49,40.84,Other crops,19.03,894.75,10.86,1043.08,20.60,6.20,1.79,22.00,26.00,46.00,28.00,3.00,0.00,1.00,1.00,1.00,0.02,
-95.49,40.84,Other crops,19.03,894.75,10.86,1043.08,20.60,6.20,1.79,22.00,26.00,46.00,28.00,3.00,0.00,1.00,1.00,1.00,0.03,
-95.49,40.84,Other crops,19.03,894.75,10.86,1043.08,20.60,6.20,1.79,22.00,26.00,46.00,28.00,3.00,0.00,1.00,1.00,1.00,0.02,
-95.49,40.84,Other crops,19.03,894.75,10.86,1043.08,20.60,6.20,1.79,22.00,26.00,46.00,28.00,3.00,0.00,1.00,1.00,1.00,0.04,
-95.49,40.84,Other crops,19.03,894.75,10.86,1043.08,20.60,6.20,1.79,22.00,26.00,46.00,28.00,3.00,0.00,1.00,1.00,1.00,0.05,
-95.49,40.84,Other crops,19.03,894.75,10.86,1043.08,20.60,6.20,1.79,22.00,26.00,46.00,28.00,3.00,0.00,1.00,1.00,1.00,0.13,
23.49,60.80,Other crops,38.47,645.00,5.40,517.73,27.00,5.90,1.87,29.32,61.00,16.00,23.00,2.00,0.00,1.00,1.00,1.00,0.24,
23.49,60.80,Other crops,38.47,709.00,5.40,517.73,27.00,5.90,1.87,29.32,61.00,16.00,23.00,2.00,0.00,1.00,1.00,1.00,1.17,
23.49,60.80,Other crops,38.47,644.00,5.40,517.73,27.00,5.90,1.87,29.32,61.00,16.00,23.00,2.00,0.00,1.00,1.00,1.00,0.94,
23.49,60.80,Other crops,38.47,645.00,5.40,517.73,27.00,5.90,1.87,29.32,61.00,16.00,23.00,2.00,0.00,1.00,1.00,1.00,0.27,
23.49,60.80,Other crops,38.47,709.00,5.40,517.73,27.00,5.90,1.87,29.32,61.00,16.00,23.00,2.00,0.00,1.00,1.00,1.00,1.54,
23.49,60.80,Other crops,38.47,644.00,5.40,517.73,27.00,5.90,1.87,29.32,61.00,16.00,23.00,2.00,0.00,1.00,1.00,1.00,2.01,
-77.95,40.71,Other crops,53.04,950.00,9.00,919.03,18.94,5.84,1.73,13.87,22.57,46.00,31.43,2.16,0.00,1.00,1.00,1.00,0.04,
-77.95,40.71,Other crops,53.04,950.00,9.00,919.03,18.94,5.84,1.73,13.87,22.57,46.00,31.43,2.16,0.00,1.00,1.00,1.00,0.11,
-77.95,40.71,Other crops,53.04,950.00,9.00,919.03,18.94,5.84,1.73,13.87,22.57,46.00,31.43,2.16,0.00,1.00,1.00,1.00,0.06,
-77.95,40.71,Other crops,53.04,950.00,9.00,919.03,18.94,5.84,1.73,13.87,22.57,46.00,31.43,2.16,0.00,1.00,1.00,1.00,0.08,
-77.95,40.71,Other crops,53.04,950.00,9.00,919.03,18.94,5.84,1.73,13.87,22.57,46.00,31.43,2.16,0.00,1.00,1.00,1.00,0.27,
-77.95,40.71,Other crops,53.04,950.00,9.00,919.03,18.94,5.84,1.73,13.87,22.57,46.00,31.43,2.16,0.00,1.00,1.00,1.00,0.46,
-77.95,40.71,Other crops,53.04,950.00,9.00,919.03,18.94,5.84,1.73,13.87,22.57,46.00,31.43,2.16,0.00,1.00,1.00,1.00,0.21,
-77.95,40.71,Other crops,53.04,950.00,9.00,919.03,18.94,5.84,1.73,13.87,22.57,46.00,31.43,2.16,0.00,1.00,1.00,1.00,0.34,
-76.95,40.67,Other crops,53.90,1197.55,10.96,975.33,47.08,6.60,1.51,13.10,28.00,41.00,31.00,2.27,0.00,1.00,1.00,1.00,9.99,
-76.95,40.67,Other crops,53.90,1197.55,10.96,975.33,47.08,6.60,1.51,13.10,28.00,41.00,31.00,2.27,0.00,1.00,1.00,1.00,7.64,
-96.92,31.48,Wheat,8.52,867.00,20.13,1476.90,16.00,7.50,1.94,31.36,56.20,39.00,4.80,2.00,0.00,1.00,1.00,1.00,1.90,
-96.92,31.48,Other crops,8.52,867.00,20.13,1476.90,16.00,7.50,1.94,31.36,56.20,39.00,4.80,2.00,0.00,1.17,1.00,1.00,1.90,
-96.92,31.48,Maize,8.52,867.00,20.13,1476.90,16.00,7.50,1.94,31.36,56.20,39.00,4.80,2.00,0.00,1.00,1.00,1.00,1.90,
-96.92,31.48,Other crops,8.52,867.00,20.13,1476.90,16.00,7.50,1.94,31.36,56.20,39.00,4.80,2.00,0.00,1.00,1.00,1.00,1.90,
-96.92,31.48,Wheat,8.52,867.00,20.13,1476.90,16.00,7.50,1.94,31.36,56.20,39.00,4.80,2.00,0.00,1.00,1.00,1.00,1.90,
-96.92,31.48,Maize,8.52,867.00,20.13,1476.90,16.00,7.50,1.94,31.36,56.20,39.00,4.80,2.00,0.00,1.00,1.00,1.00,1.90,
-96.92,31.48,Wheat,8.52,867.00,20.13,1476.90,16.00,7.50,1.94,31.36,56.20,39.00,4.80,2.00,0.00,1.00,1.00,1.00,0.80,
-96.92,31.48,Other crops,8.52,867.00,20.13,1476.90,16.00,7.50,1.94,31.36,56.20,39.00,4.80,2.00,0.00,1.17,1.00,1.00,0.80,
-96.92,31.48,Maize,8.52,867.00,20.13,1476.90,16.00,7.50,1.94,31.36,56.20,39.00,4.80,2.00,0.00,1.00,1.00,1.00,0.80,
-96.92,31.48,Other crops,8.52,867.00,20.13,1476.90,16.00,7.50,1.94,31.36,56.20,39.00,4.80,2.00,0.00,1.00,1.00,1.00,0.80,
-96.92,31.48,Wheat,8.52,867.00,20.13,1476.90,16.00,7.50,1.94,31.36,56.20,39.00,4.80,2.00,0.00,1.00,1.00,1.00,0.80,
-96.92,31.48,Maize,8.52,867.00,20.13,1476.90,16.00,7.50,1.94,31.36,56.20,39.00,4.80,2.00,0.00,1.00,1.00,1.00,0.80,
-96.92,31.48,Wheat,8.52,867.00,20.13,1476.90,16.00,7.50,1.94,31.36,56.20,39.00,4.80,2.00,0.00,1.08,1.00,1.00,0.90,
-96.92,31.48,Maize,8.52,867.00,20.13,1476.90,16.00,7.50,1.94,31.36,56.20,39.00,4.80,2.00,0.00,1.00,1.00,1.00,0.90,
-96.92,31.48,Other crops,8.52,867.00,20.13,1476.90,16.00,7.50,1.94,31.36,56.20,39.00,4.80,2.00,0.00,1.00,1.00,1.00,0.90,
-96.92,31.48,Wheat,8.52,867.00,20.13,1476.90,16.00,7.50,1.94,31.36,56.20,39.00,4.80,2.00,0.00,1.00,1.00,1.00,0.90,
-96.92,31.48,Maize,8.52,867.00,20.13,1476.90,16.00,7.50,1.94,31.36,56.20,39.00,4.80,2.00,0.00,1.00,1.00,1.00,0.90,
-96.92,31.48,Other crops,8.52,867.00,20.13,1476.90,16.00,7.50,1.94,31.36,56.20,39.00,4.80,2.00,0.00,1.00,1.00,1.00,0.90,
-96.92,31.48,Wheat,8.52,867.00,20.13,1476.90,16.00,7.50,1.94,31.36,56.20,39.00,4.80,2.00,0.00,1.08,1.00,1.00,0.70,
-96.92,31.48,Maize,8.52,867.00,20.13,1476.90,16.00,7.50,1.94,31.36,56.20,39.00,4.80,2.00,0.00,1.00,1.00,1.00,0.70,
-96.92,31.48,Other crops,8.52,867.00,20.13,1476.90,16.00,7.50,1.94,31.36,56.20,39.00,4.80,2.00,0.00,1.00,1.00,1.00,0.70,
-96.92,31.48,Wheat,8.52,867.00,20.13,1476.90,16.00,7.50,1.94,31.36,56.20,39.00,4.80,2.00,0.00,1.00,1.00,1.00,0.70,
-96.92,31.48,Maize,8.52,867.00,20.13,1476.90,16.00,7.50,1.94,31.36,56.20,39.00,4.80,2.00,0.00,1.00,1.00,1.00,0.70,
-96.92,31.48,Other crops,8.52,867.00,20.13,1476.90,16.00,7.50,1.94,31.36,56.20,39.00,4.80,2.00,0.00,1.00,1.00,1.00,0.70,
-96.92,31.48,Other crops,8.52,867.00,20.13,1476.90,16.00,7.50,1.94,31.36,56.20,39.00,4.80,2.00,0.00,1.00,1.00,1.00,1.70,
-96.92,31.48,Other crops,8.52,867.00,20.13,1476.90,16.00,7.50,1.94,31.36,56.20,39.00,4.80,2.00,0.00,1.00,1.00,1.00,1.70,
-96.92,31.48,Wheat,8.52,867.00,20.13,1476.90,16.00,7.50,1.94,31.36,56.20,39.00,4.80,2.00,0.00,1.00,1.00,1.00,1.70,
-96.92,31.48,Maize,8.52,867.00,20.13,1476.90,16.00,7.50,1.94,31.36,56.20,39.00,4.80,2.00,0.00,1.00,1.00,1.00,1.70,
-96.92,31.48,Other crops,8.52,867.00,20.13,1476.90,16.00,7.50,1.94,31.36,56.20,39.00,4.80,2.00,0.00,1.00,1.00,1.00,1.70,
-96.92,31.48,Wheat,8.52,867.00,20.13,1476.90,16.00,7.50,1.94,31.36,56.20,39.00,4.80,2.00,0.00,1.00,1.00,1.00,1.70,
-96.92,31.48,Other crops,8.52,867.00,20.13,1476.90,16.00,7.50,1.94,31.36,56.20,39.00,4.80,2.00,0.00,1.00,1.00,1.00,1.10,
-96.92,31.48,Other crops,8.52,867.00,20.13,1476.90,16.00,7.50,1.94,31.36,56.20,39.00,4.80,2.00,0.00,0.83,1.00,1.00,1.10,
-96.92,31.48,Wheat,8.52,867.00,20.13,1476.90,16.00,7.50,1.94,31.36,56.20,39.00,4.80,2.00,0.00,1.00,1.00,1.00,1.10,
-96.92,31.48,Maize,8.52,867.00,20.13,1476.90,16.00,7.50,1.94,31.36,56.20,39.00,4.80,2.00,0.00,1.00,1.00,1.00,1.10,
-96.92,31.48,Other crops,8.52,867.00,20.13,1476.90,16.00,7.50,1.94,31.36,56.20,39.00,4.80,2.00,0.00,1.00,1.00,1.00,1.10,
-96.92,31.48,Wheat,8.52,867.00,20.13,1476.90,16.00,7.50,1.94,31.36,56.20,39.00,4.80,2.00,0.00,1.00,1.00,1.00,1.10,
-95.89,41.56,Maize,19.36,798.10,10.40,1027.90,22.43,7.10,1.82,26.98,27.99,38.04,33.97,3.00,0.00,1.00,1.00,1.00,0.19,
-95.89,41.56,Maize,19.36,801.10,10.40,1027.90,22.43,7.10,1.82,26.98,27.99,38.04,33.97,3.00,0.00,1.00,1.00,1.00,0.09,
-95.89,41.56,Other crops,19.36,778.30,10.40,1027.90,22.43,7.10,1.82,26.98,27.99,38.04,33.97,3.00,0.00,1.00,1.00,1.00,0.19,
-95.89,41.56,Maize,19.36,779.80,10.40,1027.90,22.43,7.10,1.82,26.98,27.99,38.04,33.97,3.00,0.00,1.00,1.00,1.00,0.08,
-95.89,41.56,Maize,19.36,800.40,10.40,1027.90,22.43,7.10,1.82,26.98,27.99,38.04,33.97,3.00,0.00,1.00,1.00,1.00,0.09,
-95.89,41.56,Maize,19.36,782.80,10.40,1027.90,22.43,7.10,1.82,26.98,27.99,38.04,33.97,3.00,0.00,1.00,1.00,1.00,0.05,
-95.89,41.56,Other crops,19.36,733.00,10.40,1027.90,22.43,7.10,1.82,26.98,27.99,38.04,33.97,3.00,0.00,1.00,1.00,1.00,0.06,
-95.89,41.56,Maize,19.36,734.80,10.40,1027.90,22.43,7.10,1.82,26.98,27.99,38.04,33.97,3.00,0.00,1.00,1.00,1.00,0.24,
-95.89,41.56,Maize,19.36,737.10,10.40,1027.90,22.43,7.10,1.82,26.98,27.99,38.04,33.97,3.00,0.00,1.00,1.00,1.00,0.19,
-95.89,41.56,Other crops,19.36,754.40,10.40,1027.90,22.43,7.10,1.82,26.98,27.99,38.04,33.97,3.00,0.00,1.00,1.00,1.00,0.39,
-95.89,41.56,Maize,19.36,761.00,10.40,1027.90,22.43,7.10,1.82,26.98,27.99,38.04,33.97,3.00,0.00,1.00,1.00,1.00,0.06,
29.01,-1.00,Other crops,17.21,1550.00,16.70,1016.75,22.04,5.20,1.83,15.07,28.38,22.48,49.14,6.86,0.00,1.00,1.00,1.00,0.32,
29.01,-1.00,Other crops,17.21,1550.00,16.70,1016.75,20.88,5.30,1.83,15.07,28.38,22.48,49.14,6.86,0.00,1.00,1.00,1.00,2.09,
152.46,-24.83,Other crops,2.00,1019.00,22.00,1808.98,10.00,6.50,1.18,15.63,8.00,16.00,77.00,1.00,0.00,1.00,1.00,1.00,1.28,
152.46,-24.83,Other crops,2.00,1019.00,22.00,1808.98,10.00,6.50,1.30,15.63,8.00,16.00,77.00,1.00,0.00,0.27,1.00,1.00,0.51,
152.46,-24.83,Other crops,2.00,1019.00,22.00,1808.98,10.00,6.50,1.30,15.63,8.00,16.00,77.00,1.00,0.00,0.18,1.00,1.00,0.25,
152.46,-24.83,Other crops,2.00,1019.00,22.00,1808.98,10.00,6.50,1.18,15.63,8.00,16.00,77.00,1.00,0.00,1.00,1.00,1.00,1.28,
152.46,-24.83,Other crops,2.00,1019.00,22.00,1808.98,10.00,6.50,1.30,15.63,8.00,16.00,77.00,1.00,0.00,0.27,1.00,1.00,0.51,
152.46,-24.83,Other crops,2.00,1019.00,22.00,1808.98,10.00,6.50,1.30,15.63,8.00,16.00,77.00,1.00,0.00,0.18,1.00,1.00,0.25,
9.27,45.03,Maize,44.98,487.00,13.02,852.81,18.43,5.95,1.70,16.19,19.77,40.28,39.95,2.46,0.00,1.00,1.00,1.00,10.00,
9.27,45.03,Maize,44.98,463.00,13.02,852.81,18.43,5.95,1.70,16.19,19.77,40.28,39.95,2.46,0.00,1.00,1.00,1.00,1.12,
9.27,45.03,Maize,44.98,463.00,13.02,852.81,18.43,5.95,1.70,16.19,19.77,40.28,39.95,2.46,0.00,1.00,1.00,1.00,1.67,
9.27,45.03,Maize,44.98,463.00,13.02,852.81,18.43,5.95,1.70,16.19,19.77,40.28,39.95,2.46,0.00,1.00,1.00,1.00,0.43,
9.27,45.03,Maize,44.98,463.00,13.02,852.81,18.43,5.95,1.70,16.19,19.77,40.28,39.95,2.46,0.00,1.00,1.00,1.00,1.12,
9.27,45.03,Maize,44.98,463.00,13.02,852.81,18.43,5.95,1.70,16.19,19.77,40.28,39.95,2.46,0.00,1.00,1.00,1.00,1.67,
9.27,45.03,Maize,44.98,463.00,13.02,852.81,18.43,5.95,1.70,16.19,19.77,40.28,39.95,2.46,0.00,1.00,1.00,1.00,0.43,
9.27,45.03,Maize,44.98,425.00,13.02,852.81,18.43,5.95,1.70,16.19,19.77,40.28,39.95,2.46,0.00,1.00,1.00,1.00,0.66,
9.27,45.03,Maize,44.98,425.00,13.02,852.81,18.43,5.95,1.70,16.19,19.77,40.28,39.95,2.46,0.00,1.00,1.00,1.00,0.66,
9.27,45.03,Maize,44.98,425.00,13.02,852.81,18.43,5.95,1.70,16.19,19.77,40.28,39.95,2.46,0.00,1.00,1.00,1.00,0.61,
9.27,45.03,Maize,44.98,425.00,13.02,852.81,18.43,5.95,1.70,16.19,19.77,40.28,39.95,2.46,0.00,1.00,1.00,1.00,0.66,
9.27,45.03,Maize,44.98,425.00,13.02,852.81,18.43,5.95,1.70,16.19,19.77,40.28,39.95,2.46,0.00,1.00,1.00,1.00,0.66,
9.27,45.03,Maize,44.98,425.00,13.02,852.81,18.43,5.95,1.70,16.19,19.77,40.28,39.95,2.46,0.00,1.00,1.00,1.00,0.61,
-67.65,47.02,Other crops,47.98,834.00,3.50,704.50,14.90,4.70,1.31,25.00,11.00,42.00,47.00,11.00,0.00,1.00,1.00,1.00,0.12,
-67.65,47.02,Other crops,47.98,834.00,3.50,704.50,14.90,4.70,1.31,25.00,11.00,42.00,47.00,11.00,0.00,1.00,1.00,1.00,0.24,
-67.65,47.02,Other crops,47.98,834.00,3.50,704.50,14.90,4.70,1.31,25.00,11.00,42.00,47.00,11.00,0.00,1.00,1.00,1.00,0.14,
-67.65,47.02,Other crops,47.98,834.00,3.50,704.50,14.90,4.70,1.31,25.00,11.00,42.00,47.00,11.00,0.00,1.00,1.00,1.00,0.15,
-67.65,47.02,Other crops,47.98,834.00,3.50,704.50,17.30,4.70,1.31,25.00,11.00,42.00,47.00,8.00,0.00,1.00,1.00,1.00,0.09,
-67.65,47.02,Other crops,47.98,834.00,3.50,704.50,17.30,4.70,1.31,25.00,11.00,42.00,47.00,8.00,0.00,1.00,1.00,1.00,0.30,
-67.65,47.02,Other crops,47.98,834.00,3.50,704.50,17.30,4.70,1.31,25.00,11.00,42.00,47.00,8.00,0.00,1.00,1.00,1.00,0.08,
-67.65,47.02,Other crops,47.98,834.00,3.50,704.50,14.90,4.70,1.31,25.00,11.00,42.00,47.00,11.00,0.00,1.00,1.00,1.00,0.12,
-67.65,47.02,Other crops,47.98,834.00,3.50,704.50,14.90,4.70,1.31,25.00,11.00,42.00,47.00,11.00,0.00,1.00,1.00,1.00,0.24,
-67.65,47.02,Other crops,47.98,834.00,3.50,704.50,14.90,4.70,1.31,25.00,11.00,42.00,47.00,11.00,0.00,1.00,1.00,1.00,0.14,
-67.65,47.02,Other crops,47.98,834.00,3.50,704.50,14.90,4.70,1.31,25.00,11.00,42.00,47.00,11.00,0.00,1.00,1.00,1.00,0.15,
-67.65,47.02,Other crops,47.98,834.00,3.50,704.50,17.30,4.70,1.31,25.00,11.00,42.00,47.00,8.00,0.00,1.00,1.00,1.00,0.09,
-67.65,47.02,Other crops,47.98,834.00,3.50,704.50,17.30,4.70,1.31,25.00,11.00,42.00,47.00,8.00,0.00,1.00,1.00,1.00,0.30,
-67.65,47.02,Other crops,47.98,834.00,3.50,704.50,17.30,4.70,1.31,25.00,11.00,42.00,47.00,8.00,0.00,1.00,1.00,1.00,0.08,
-67.65,47.02,Other crops,47.98,834.00,3.50,704.50,14.90,4.70,1.31,25.00,11.00,42.00,47.00,11.00,0.00,1.00,1.00,1.00,0.12,
-67.65,47.02,Other crops,47.98,834.00,3.50,704.50,14.90,4.70,1.31,25.00,11.00,42.00,47.00,11.00,0.00,1.00,1.00,1.00,0.24,
-67.65,47.02,Other crops,47.98,834.00,3.50,704.50,14.90,4.70,1.31,25.00,11.00,42.00,47.00,11.00,0.00,1.00,1.00,1.00,0.14,
-67.65,47.02,Other crops,47.98,834.00,3.50,704.50,14.90,4.70,1.31,25.00,11.00,42.00,47.00,11.00,0.00,1.00,1.00,1.00,0.15,
-67.65,47.02,Other crops,47.98,834.00,3.50,704.50,17.30,4.70,1.31,25.00,11.00,42.00,47.00,8.00,0.00,1.00,1.00,1.00,0.09,
-67.65,47.02,Other crops,47.98,834.00,3.50,704.50,17.30,4.70,1.31,25.00,11.00,42.00,47.00,8.00,0.00,1.00,1.00,1.00,0.30,
-67.65,47.02,Other crops,47.98,834.00,3.50,704.50,17.30,4.70,1.31,25.00,11.00,42.00,47.00,8.00,0.00,1.00,1.00,1.00,0.08,
-89.22,37.71,Maize,14.52,1184.00,14.00,1126.64,15.99,6.00,1.69,15.00,19.00,50.00,31.00,3.50,0.00,1.00,1.00,1.00,0.50,
-89.22,37.71,Maize,14.52,1184.00,14.00,1126.64,15.99,6.00,1.69,15.00,19.00,50.00,31.00,3.50,0.00,1.00,1.00,1.00,0.30,
-89.22,37.71,Maize,14.52,1184.00,14.00,1126.64,15.99,6.00,1.69,15.00,19.00,50.00,31.00,3.50,0.00,1.00,1.00,1.00,0.30,
-89.22,37.71,Maize,14.52,1184.00,14.00,1126.64,15.99,6.00,1.69,15.00,19.00,50.00,31.00,3.50,0.00,1.00,1.00,1.00,0.20,
-50.31,-27.79,Maize,5.67,1533.00,16.95,961.80,40.00,5.10,1.30,27.00,40.00,42.00,18.00,2.13,1.00,1.00,1.00,1.00,0.01,
-50.31,-27.79,Maize,5.67,1533.00,16.95,961.80,40.00,5.10,1.30,27.00,40.00,42.00,18.00,2.13,1.00,1.00,1.00,1.00,0.03,
13.00,56.48,Other crops,111.75,803.00,7.20,603.00,34.80,5.10,1.51,18.00,11.00,46.00,43.00,0.37,1.00,1.00,1.00,1.00,0.03,
13.00,56.48,Other crops,111.75,803.00,7.20,603.00,34.80,5.10,1.51,18.00,11.00,46.00,43.00,0.37,1.00,1.00,1.00,1.00,0.01,
13.00,56.48,Other crops,111.75,803.00,7.20,603.00,34.80,5.10,1.51,18.00,11.00,46.00,43.00,0.37,1.00,1.00,1.00,1.00,0.08,
13.00,56.48,Other crops,111.75,803.00,7.20,603.00,34.80,5.10,1.51,18.00,11.00,46.00,43.00,0.37,1.00,1.00,1.00,1.00,0.14,
13.00,56.48,Other crops,111.75,803.00,7.20,603.00,34.80,5.10,1.51,18.00,11.00,46.00,43.00,0.37,1.00,1.00,1.00,1.00,0.06,
13.00,56.48,Wheat,111.75,803.00,7.20,603.00,34.80,5.10,1.51,18.00,11.00,46.00,43.00,0.37,1.00,1.00,1.00,1.00,0.05,
13.00,56.48,Wheat,111.75,803.00,7.20,603.00,34.80,5.10,1.51,18.00,11.00,46.00,43.00,0.37,1.00,1.00,1.00,1.00,0.01,
13.00,56.48,Wheat,111.75,803.00,7.20,603.00,34.80,5.10,1.51,18.00,11.00,46.00,43.00,0.37,1.00,1.00,1.00,1.00,0.03,
27.61,46.31,Maize,33.00,517.41,11.30,920.09,22.74,6.97,1.77,23.94,24.88,46.37,28.75,2.80,0.00,1.00,1.00,1.00,0.07,
27.61,46.31,Other crops,33.00,517.41,11.30,920.09,22.74,6.97,1.77,23.94,24.88,46.37,28.75,2.80,0.00,1.00,1.00,1.00,0.16,
27.61,46.31,Other crops,33.00,517.41,11.30,920.09,22.74,6.97,1.77,23.94,24.88,46.37,28.75,2.80,0.00,1.00,1.00,1.00,0.30,
27.61,46.31,Other crops,33.00,517.41,11.30,920.09,22.74,6.97,1.77,23.94,24.88,46.37,28.75,2.80,0.00,1.00,1.00,1.00,0.39,
-23.61,15.05,Maize,3.92,437.00,23.72,1549.31,11.95,7.30,1.42,6.05,12.04,22.07,65.90,8.00,0.00,1.00,1.00,1.00,0.17,
-23.61,15.05,Maize,3.92,437.00,23.72,1549.31,11.95,7.30,1.42,6.05,12.04,22.07,65.90,8.00,0.00,1.00,1.00,1.00,0.04,
-23.61,15.05,Maize,3.92,437.00,23.72,1549.31,11.95,7.30,1.42,6.05,12.04,22.07,65.90,8.00,0.00,1.00,1.00,1.00,0.03,
-4.88,37.22,Other crops,37.59,550.00,18.00,1445.13,8.70,8.30,1.78,16.55,37.00,39.20,23.80,4.00,0.00,1.00,1.00,1.00,0.05,
-6.18,37.35,Other crops,33.62,534.00,18.60,1485.80,7.54,8.60,1.75,17.27,15.50,32.50,52.00,11.00,0.00,1.00,1.00,1.00,0.19,
-6.18,37.35,Other crops,33.62,534.00,18.60,1485.80,7.54,8.60,1.75,17.27,15.50,32.50,52.00,11.00,0.00,1.00,1.00,1.00,0.33,
5.40,44.18,Other crops,30.17,628.00,13.40,1072.88,8.12,8.20,1.81,24.00,55.00,38.00,7.00,11.00,0.00,1.00,1.00,1.00,0.11,
5.40,44.18,Other crops,30.17,628.00,13.40,1072.88,8.12,8.20,1.81,24.00,55.00,38.00,7.00,11.00,0.00,1.00,1.00,1.00,0.02,
-96.47,40.85,Other crops,19.57,819.07,11.13,1082.52,23.96,6.20,1.79,22.00,27.00,57.00,16.00,0.61,0.00,1.00,1.00,1.00,0.39,
-96.47,40.85,Other crops,19.57,819.07,11.13,1082.52,23.96,6.20,1.79,22.00,27.00,57.00,16.00,0.61,0.00,1.00,1.00,1.00,0.44,
-96.47,40.85,Other crops,19.57,819.07,11.13,1082.52,23.96,6.20,1.79,22.00,27.00,57.00,16.00,0.61,0.00,1.00,1.00,1.00,0.56,
-96.47,40.85,Other crops,19.57,819.07,11.13,1082.52,23.96,6.20,1.79,22.00,27.00,57.00,16.00,0.61,0.00,1.00,1.00,1.00,0.56,
-96.47,40.85,Other crops,19.57,819.07,11.13,1082.52,23.96,6.20,1.79,22.00,27.00,57.00,16.00,0.61,0.00,1.00,1.00,1.00,0.56,
-96.47,40.85,Other crops,19.57,819.07,11.13,1082.52,23.96,6.20,1.79,22.00,27.00,57.00,16.00,0.61,0.00,1.00,1.00,1.00,0.39,
-96.47,40.85,Other crops,19.57,819.07,11.13,1082.52,23.96,6.20,1.79,22.00,27.00,57.00,16.00,0.61,0.00,1.00,1.00,1.00,0.44,
-96.47,40.85,Other crops,19.57,819.07,11.13,1082.52,23.96,6.20,1.79,22.00,27.00,57.00,16.00,0.61,0.00,1.00,1.00,1.00,0.56,
-96.47,40.85,Other crops,19.57,819.07,11.13,1082.52,23.96,6.20,1.79,22.00,27.00,57.00,16.00,0.61,0.00,1.00,1.00,1.00,0.56,
-96.47,40.85,Other crops,19.57,819.07,11.13,1082.52,23.96,6.20,1.79,22.00,27.00,57.00,16.00,0.61,0.00,1.00,1.00,1.00,0.56,
-96.47,40.85,Other crops,19.57,819.07,11.13,1082.52,23.96,6.20,1.79,22.00,27.00,57.00,16.00,0.61,0.00,1.00,1.00,1.00,0.39,
-96.47,40.85,Other crops,19.57,819.07,11.13,1082.52,23.96,6.20,1.79,22.00,27.00,57.00,16.00,0.61,0.00,1.00,1.00,1.00,0.44,
-96.47,40.85,Other crops,19.57,819.07,11.13,1082.52,23.96,6.20,1.79,22.00,27.00,57.00,16.00,0.61,0.00,1.00,1.00,1.00,0.56,
-96.47,40.85,Other crops,19.57,819.07,11.13,1082.52,23.96,6.20,1.79,22.00,27.00,57.00,16.00,0.61,0.00,1.00,1.00,1.00,0.56,
-96.47,40.85,Other crops,19.57,819.07,11.13,1082.52,23.96,6.20,1.79,22.00,27.00,57.00,16.00,0.61,0.00,1.00,1.00,1.00,0.56,
-96.48,41.18,Other crops,21.74,808.41,10.85,1059.03,18.74,6.20,1.79,22.00,27.00,57.00,16.00,0.20,0.00,1.00,1.00,1.00,0.43,
-96.48,41.18,Other crops,21.74,808.41,10.85,1059.03,18.74,6.20,1.79,22.00,27.00,57.00,16.00,0.20,0.00,1.00,1.00,1.00,0.31,
-96.48,41.18,Other crops,21.74,808.41,10.85,1059.03,18.74,6.20,1.79,22.00,27.00,57.00,16.00,0.20,0.00,1.00,1.00,1.00,0.30,
-96.48,41.18,Other crops,21.74,808.41,10.85,1059.03,18.74,6.20,1.79,22.00,27.00,57.00,16.00,0.20,0.00,1.00,1.00,1.00,0.30,
-96.48,41.18,Other crops,21.74,808.41,10.85,1059.03,18.74,6.20,1.79,22.00,27.00,57.00,16.00,0.20,0.00,1.00,1.00,1.00,0.30,
-96.48,41.18,Other crops,21.74,808.41,10.85,1059.03,18.74,6.20,1.79,22.00,27.00,57.00,16.00,0.20,0.00,1.00,1.00,1.00,0.43,
-96.48,41.18,Other crops,21.74,808.41,10.85,1059.03,18.74,6.20,1.79,22.00,27.00,57.00,16.00,0.20,0.00,1.00,1.00,1.00,0.31,
-96.48,41.18,Other crops,21.74,808.41,10.85,1059.03,18.74,6.20,1.79,22.00,27.00,57.00,16.00,0.20,0.00,1.00,1.00,1.00,0.30,
-96.48,41.18,Other crops,21.74,808.41,10.85,1059.03,18.74,6.20,1.79,22.00,27.00,57.00,16.00,0.20,0.00,1.00,1.00,1.00,0.30,
-96.48,41.18,Other crops,21.74,808.41,10.85,1059.03,18.74,6.20,1.79,22.00,27.00,57.00,16.00,0.20,0.00,1.00,1.00,1.00,0.30,
-96.48,41.18,Maize,21.74,808.41,10.85,1059.03,18.74,6.20,1.79,22.00,27.00,57.00,16.00,0.20,0.00,1.00,1.00,1.00,0.43,
-96.48,41.18,Maize,21.74,808.41,10.85,1059.03,18.74,6.20,1.79,22.00,27.00,57.00,16.00,0.20,0.00,1.00,1.00,1.00,0.31,
-96.48,41.18,Maize,21.74,808.41,10.85,1059.03,18.74,6.20,1.79,22.00,27.00,57.00,16.00,0.20,0.00,1.00,1.00,1.00,0.30,
-96.48,41.18,Maize,21.74,808.41,10.85,1059.03,18.74,6.20,1.79,22.00,27.00,57.00,16.00,0.20,0.00,1.00,1.00,1.00,0.30,
-96.48,41.18,Maize,21.74,808.41,10.85,1059.03,18.74,6.20,1.79,22.00,27.00,57.00,16.00,0.20,0.00,1.00,1.00,1.00,0.30,
-96.48,41.18,Maize,21.74,808.41,10.85,1059.03,18.74,6.20,1.79,22.00,27.00,57.00,16.00,0.20,0.00,1.00,1.00,1.00,0.43,
-96.48,41.18,Maize,21.74,808.41,10.85,1059.03,18.74,6.20,1.79,22.00,27.00,57.00,16.00,0.20,0.00,1.00,1.00,1.00,0.31,
-96.48,41.18,Maize,21.74,808.41,10.85,1059.03,18.74,6.20,1.79,22.00,27.00,57.00,16.00,0.20,0.00,1.00,1.00,1.00,0.30,
-96.48,41.18,Maize,21.74,808.41,10.85,1059.03,18.74,6.20,1.79,22.00,27.00,57.00,16.00,0.20,0.00,1.00,1.00,1.00,0.30,
-96.48,41.18,Maize,21.74,808.41,10.85,1059.03,18.74,6.20,1.79,22.00,27.00,57.00,16.00,0.20,0.00,1.00,1.00,1.00,0.30,
-96.67,40.83,Other crops,17.40,996.00,11.34,1102.07,15.08,6.20,1.79,22.00,27.00,57.00,16.00,3.00,0.00,1.00,1.00,1.00,0.46,
-96.67,40.83,Other crops,17.40,996.00,11.34,1102.07,15.08,6.20,1.79,22.00,27.00,57.00,16.00,3.00,0.00,1.00,1.00,1.00,0.17,
-96.67,40.83,Other crops,17.40,996.00,11.34,1102.07,15.08,6.20,1.79,22.00,27.00,57.00,16.00,3.00,0.00,1.00,1.00,1.00,0.43,
-96.67,40.83,Other crops,17.40,996.00,11.34,1102.07,15.08,6.20,1.79,22.00,27.00,57.00,16.00,3.00,0.00,1.00,1.00,1.00,0.27,
-95.88,45.59,Other crops,21.27,716.29,6.57,881.89,25.52,6.60,1.75,26.00,23.00,44.00,33.00,12.00,0.00,1.00,1.00,1.00,2.32,
-95.88,45.59,Other crops,21.27,716.29,6.57,881.89,25.52,6.60,1.75,26.00,23.00,44.00,33.00,12.00,0.00,1.00,1.00,1.00,2.53,
-95.88,45.59,Other crops,21.27,716.29,6.57,881.89,26.68,6.60,1.75,26.00,23.00,44.00,33.00,12.00,0.00,1.00,1.00,1.00,2.44,
-95.88,45.59,Other crops,21.27,716.29,6.57,881.89,25.52,6.60,1.75,26.00,23.00,44.00,33.00,12.00,0.00,1.00,1.00,1.00,2.00,
-95.88,45.59,Maize,21.27,716.29,6.57,881.89,24.94,6.60,1.75,26.00,23.00,44.00,33.00,12.00,0.00,1.00,1.00,1.00,2.32,
-95.88,45.59,Maize,21.27,716.29,6.57,881.89,26.68,6.60,1.75,26.00,23.00,44.00,33.00,12.00,0.00,1.00,1.00,1.00,2.53,
-95.88,45.59,Maize,21.27,716.29,6.57,881.89,25.52,6.60,1.75,26.00,23.00,44.00,33.00,12.00,0.00,1.00,1.00,1.00,2.44,
-95.88,45.59,Maize,21.27,716.29,6.57,881.89,26.68,6.60,1.75,26.00,23.00,44.00,33.00,12.00,0.00,1.00,1.00,1.00,2.00,
-95.88,45.59,Maize,21.27,716.29,6.57,881.89,20.88,6.60,1.75,26.00,23.00,44.00,33.00,12.00,0.00,1.00,1.00,1.00,2.32,
-95.88,45.59,Maize,21.27,716.29,6.57,881.89,22.62,6.60,1.75,26.00,23.00,44.00,33.00,12.00,0.00,1.00,1.00,1.00,2.53,
-95.88,45.59,Maize,21.27,716.29,6.57,881.89,23.78,6.60,1.75,26.00,23.00,44.00,33.00,12.00,0.00,1.00,1.00,1.00,2.44,
-95.88,45.59,Maize,21.27,716.29,6.57,881.89,24.94,6.60,1.75,26.00,23.00,44.00,33.00,12.00,0.00,1.00,1.00,1.00,2.00,
-96.58,39.20,Maize,18.16,889.00,12.90,1203.17,20.60,6.20,1.79,22.00,26.00,46.00,28.00,5.00,0.00,0.00,1.00,1.00,1.01,
-96.58,39.20,Maize,18.16,889.00,12.90,1203.17,20.60,6.20,1.79,22.00,26.00,46.00,28.00,5.00,0.00,0.00,1.00,1.00,1.01,
-96.58,39.20,Maize,18.16,889.00,12.90,1203.17,20.60,6.20,1.79,22.00,26.00,46.00,28.00,5.00,0.00,1.00,1.00,1.00,1.72,
-96.58,39.20,Maize,18.16,889.00,12.90,1203.17,20.60,6.20,1.79,22.00,26.00,46.00,28.00,5.00,0.00,1.00,1.00,1.00,1.72,
-96.58,39.20,Maize,18.16,889.00,12.90,1203.17,20.60,6.20,1.79,22.00,26.00,46.00,28.00,5.00,0.00,1.00,1.00,1.00,1.17,
-96.58,39.20,Maize,18.16,889.00,12.90,1203.17,20.60,6.20,1.79,22.00,26.00,46.00,28.00,5.00,0.00,1.00,1.00,1.00,1.17,
-96.58,39.20,Maize,18.16,889.00,12.90,1203.17,20.60,6.20,1.79,22.00,26.00,46.00,28.00,5.00,0.00,0.00,1.00,1.00,0.19,
-96.58,39.20,Maize,18.16,889.00,12.90,1203.17,20.60,6.20,1.79,22.00,26.00,46.00,28.00,5.00,0.00,0.00,1.00,1.00,0.19,
-96.58,39.20,Maize,18.16,889.00,12.90,1203.17,20.60,6.20,1.79,22.00,26.00,46.00,28.00,5.00,0.00,1.00,1.00,1.00,0.60,
-96.58,39.20,Maize,18.16,889.00,12.90,1203.17,20.60,6.20,1.79,22.00,26.00,46.00,28.00,5.00,0.00,1.00,1.00,1.00,0.60,
-96.58,39.20,Maize,18.16,889.00,12.90,1203.17,20.60,6.20,1.79,22.00,26.00,46.00,28.00,5.00,0.00,1.00,1.00,1.00,0.40,
-96.58,39.20,Maize,18.16,889.00,12.90,1203.17,20.60,6.20,1.79,22.00,26.00,46.00,28.00,5.00,0.00,1.00,1.00,1.00,0.40,
-96.58,39.20,Maize,18.16,889.00,12.90,1203.17,20.60,6.20,1.79,22.00,26.00,46.00,28.00,5.00,0.00,0.00,1.00,1.00,0.32,
-96.58,39.20,Maize,18.16,889.00,12.90,1203.17,20.60,6.20,1.79,22.00,26.00,46.00,28.00,5.00,0.00,0.00,1.00,1.00,0.32,
-96.58,39.20,Maize,18.16,889.00,12.90,1203.17,20.60,6.20,1.79,22.00,26.00,46.00,28.00,5.00,0.00,1.00,1.00,1.00,0.82,
-96.58,39.20,Maize,18.16,889.00,12.90,1203.17,20.60,6.20,1.79,22.00,26.00,46.00,28.00,5.00,0.00,1.00,1.00,1.00,0.82,
-96.58,39.20,Maize,18.16,889.00,12.90,1203.17,20.60,6.20,1.79,22.00,26.00,46.00,28.00,5.00,0.00,1.00,1.00,1.00,0.84,
-96.58,39.20,Maize,18.16,889.00,12.90,1203.17,20.60,6.20,1.79,22.00,26.00,46.00,28.00,5.00,0.00,1.00,1.00,1.00,0.84,
-96.58,39.20,Maize,18.16,889.00,12.90,1203.17,20.60,6.20,1.79,22.00,26.00,46.00,28.00,5.00,0.00,0.00,1.00,1.00,2.12,
-96.58,39.20,Maize,18.16,889.00,12.90,1203.17,20.60,6.20,1.79,22.00,26.00,46.00,28.00,5.00,0.00,0.00,1.00,1.00,2.12,
-96.58,39.20,Maize,18.16,889.00,12.90,1203.17,20.60,6.20,1.79,22.00,26.00,46.00,28.00,5.00,0.00,1.00,1.00,1.00,4.05,
-96.58,39.20,Maize,18.16,889.00,12.90,1203.17,20.60,6.20,1.79,22.00,26.00,46.00,28.00,5.00,0.00,1.00,1.00,1.00,4.05,
-96.58,39.20,Maize,18.16,889.00,12.90,1203.17,20.60,6.20,1.79,22.00,26.00,46.00,28.00,5.00,0.00,1.00,1.00,1.00,3.63,
-96.58,39.20,Maize,18.16,889.00,12.90,1203.17,20.60,6.20,1.79,22.00,26.00,46.00,28.00,5.00,0.00,1.00,1.00,1.00,3.63,
77.41,23.31,Other crops,3.99,1200.00,25.66,1400.00,5.20,7.95,1.35,41.00,58.00,20.00,22.00,1.00,0.00,1.00,1.00,1.00,0.64,
77.41,23.31,Maize,3.99,1200.00,25.66,1400.00,5.20,7.95,1.35,41.00,58.00,20.00,22.00,1.00,0.00,1.00,1.00,1.00,0.77,
77.41,23.31,Other crops,3.99,1200.00,25.66,1400.00,5.20,7.95,1.35,41.00,58.00,20.00,22.00,1.00,0.00,1.00,1.00,1.00,0.82,
77.41,23.31,Maize,3.99,1200.00,25.66,1400.00,5.20,7.95,1.35,41.00,58.00,20.00,22.00,1.00,0.00,1.00,1.00,1.00,0.69,
77.41,23.31,Other crops,3.99,1200.00,25.66,1400.00,5.20,7.95,1.35,41.00,58.00,20.00,22.00,1.00,0.00,1.00,1.00,1.00,0.62,
77.41,23.31,Maize,3.99,1200.00,25.66,1400.00,5.20,7.95,1.35,41.00,58.00,20.00,22.00,1.00,0.00,1.00,1.00,1.00,0.66,
77.41,23.31,Other crops,3.99,1200.00,25.66,1400.00,5.20,7.95,1.35,41.00,58.00,20.00,22.00,1.00,0.00,1.00,1.00,1.00,0.96,
-84.51,38.12,Maize,35.98,564.00,13.68,1033.19,17.43,6.50,1.84,18.00,30.00,33.00,37.00,9.00,0.00,1.00,1.00,1.00,0.03,
-84.51,38.12,Maize,35.98,564.00,13.68,1033.19,17.43,6.50,1.84,18.00,30.00,33.00,37.00,9.00,0.00,1.00,1.00,1.00,0.03,
-84.51,38.12,Maize,35.98,564.00,13.68,1033.19,17.43,6.50,1.84,18.00,30.00,33.00,37.00,9.00,0.00,1.00,1.00,1.00,0.02,
-84.51,38.12,Maize,35.98,548.00,13.68,1033.19,17.43,6.50,1.84,18.00,30.00,33.00,37.00,9.00,0.00,1.00,1.00,1.00,0.40,
-84.51,38.12,Maize,35.98,548.00,13.68,1033.19,17.43,6.50,1.84,18.00,30.00,33.00,37.00,9.00,0.00,1.00,1.00,1.00,0.08,
-84.51,38.12,Maize,35.98,548.00,13.68,1033.19,17.43,6.50,1.84,18.00,30.00,33.00,37.00,9.00,0.00,1.00,1.00,1.00,0.21,
-84.51,38.12,Maize,35.98,466.00,13.68,1033.19,17.43,6.50,1.84,18.00,30.00,33.00,37.00,9.00,0.00,1.00,1.00,1.00,0.05,
-84.51,38.12,Maize,35.98,466.00,13.68,1033.19,17.43,6.50,1.84,18.00,30.00,33.00,37.00,9.00,0.00,1.00,1.00,1.00,0.02,
-84.51,38.12,Maize,35.98,466.00,13.68,1033.19,17.43,6.50,1.84,18.00,30.00,33.00,37.00,9.00,0.00,1.00,1.00,1.00,0.03,
-84.51,38.12,Maize,35.98,368.00,13.68,1033.19,17.43,6.50,1.84,18.00,30.00,33.00,37.00,9.00,0.00,1.00,1.00,1.00,0.08,
-84.51,38.12,Maize,35.98,368.00,13.68,1033.19,17.43,6.50,1.84,18.00,30.00,33.00,37.00,9.00,0.00,1.00,1.00,1.00,0.02,
-84.51,38.12,Maize,35.98,368.00,13.68,1033.19,17.43,6.50,1.84,18.00,30.00,33.00,37.00,9.00,0.00,1.00,1.00,1.00,0.03,
77.41,23.31,Other crops,3.99,1200.00,25.66,1400.00,5.20,7.95,1.35,41.00,52.00,27.00,21.00,0.47,0.00,1.00,1.00,1.00,0.35,
77.41,23.31,Maize,3.99,1200.00,25.66,1400.00,5.20,7.95,1.35,41.00,52.00,27.00,21.00,0.47,0.00,1.00,1.00,1.00,0.50,
77.41,23.31,Other crops,3.99,1200.00,25.66,1400.00,5.20,7.95,1.35,41.00,52.00,27.00,21.00,0.47,0.00,1.00,1.00,1.00,0.59,
77.41,23.31,Maize,3.99,1200.00,25.66,1400.00,5.20,7.95,1.35,41.00,52.00,27.00,21.00,0.47,0.00,1.00,1.00,1.00,0.35,
77.41,23.31,Other crops,3.99,1200.00,25.66,1400.00,5.20,7.95,1.35,41.00,52.00,27.00,21.00,0.47,0.00,1.00,1.00,1.00,0.33,
77.41,23.31,Maize,3.99,1200.00,25.66,1400.00,5.20,7.95,1.35,41.00,52.00,27.00,21.00,0.47,0.00,1.00,1.00,1.00,0.42,
77.41,23.31,Other crops,3.99,1200.00,25.66,1400.00,5.20,7.95,1.35,41.00,52.00,27.00,21.00,0.47,0.00,1.00,1.00,1.00,0.65,
-6.08,54.45,Other crops,92.47,1147.57,9.42,519.67,69.61,5.17,1.80,16.81,21.00,31.00,48.00,1.61,0.00,0.00,1.00,1.00,0.05,
-6.08,54.45,Other crops,92.47,1147.57,9.42,519.67,69.61,5.17,1.80,16.81,21.00,31.00,48.00,1.61,0.00,0.13,1.00,1.00,0.07,
-6.08,54.45,Other crops,92.47,1147.57,9.42,519.67,69.61,5.17,1.80,16.81,21.00,31.00,48.00,1.61,0.00,0.25,1.00,1.00,0.10,
-6.08,54.45,Other crops,92.47,1147.57,9.42,519.67,69.61,5.17,1.80,16.81,21.00,31.00,48.00,1.61,0.00,0.50,1.00,1.00,0.07,
-6.08,54.45,Other crops,92.47,1147.57,9.42,519.67,69.61,5.17,1.80,16.81,21.00,31.00,48.00,1.61,0.00,1.00,1.00,1.00,0.40,
-6.08,54.45,Other crops,92.47,1147.57,9.42,519.67,69.61,5.17,1.80,16.81,21.00,31.00,48.00,1.61,0.00,0.00,1.00,1.00,0.23,
-6.08,54.45,Other crops,92.47,1147.57,9.42,519.67,69.61,5.17,1.80,16.81,21.00,31.00,48.00,1.61,0.00,1.00,1.00,1.00,0.07,
-6.08,54.45,Other crops,92.47,1147.57,9.42,519.67,69.61,5.17,1.80,16.81,21.00,31.00,48.00,1.61,0.00,2.00,1.00,1.00,0.26,
-6.08,54.45,Other crops,92.47,1147.57,9.42,519.67,69.61,5.17,1.80,16.81,21.00,31.00,48.00,1.61,0.00,4.00,1.00,1.00,0.27,
-6.08,54.45,Other crops,92.47,1147.57,9.42,519.67,69.61,5.17,1.80,16.81,21.00,31.00,48.00,1.61,0.00,8.00,1.00,1.00,0.24,
-6.08,54.45,Other crops,92.47,1147.57,9.42,519.67,69.61,5.17,1.80,16.81,21.00,31.00,48.00,1.61,0.00,1.00,1.00,1.00,0.33,
-6.08,54.45,Other crops,92.47,1147.57,9.42,519.67,69.61,5.17,1.80,16.81,21.00,31.00,48.00,1.61,0.00,1.00,1.00,1.00,0.47,
-6.08,54.45,Other crops,92.47,1147.57,9.42,519.67,69.61,5.17,1.80,16.81,21.00,31.00,48.00,1.61,0.00,1.00,1.00,1.00,0.62,
-6.08,54.45,Other crops,92.47,1147.57,9.42,519.67,69.61,5.17,1.80,16.81,21.00,31.00,48.00,1.61,0.00,1.00,1.00,1.00,0.25,
-6.08,54.45,Other crops,92.47,1147.57,9.42,519.67,69.61,5.17,1.80,16.81,21.00,31.00,48.00,1.61,0.00,1.00,1.00,1.00,0.34,
-6.08,54.45,Other crops,92.47,1147.57,9.42,519.67,69.61,5.17,1.80,16.81,21.00,31.00,48.00,1.61,0.00,1.00,1.00,1.00,0.30,
-6.08,54.45,Other crops,92.47,1147.57,9.42,519.67,69.61,5.17,1.80,16.81,21.00,31.00,48.00,1.61,0.00,1.00,1.00,1.00,0.18,
-6.08,54.45,Other crops,92.47,1147.57,9.42,519.67,69.61,5.17,1.80,16.81,21.00,31.00,48.00,1.61,0.00,1.00,1.00,1.00,0.24,
-6.08,54.45,Other crops,92.47,1147.57,9.42,519.67,69.61,5.17,1.80,16.81,21.00,31.00,48.00,1.61,0.00,1.00,1.00,1.00,0.31,
-6.08,54.45,Other crops,92.47,1147.57,9.42,519.67,69.61,5.17,1.80,16.81,21.00,31.00,48.00,1.61,0.00,1.00,1.00,1.00,0.24,
-6.08,54.45,Other crops,92.47,1147.57,9.42,519.67,69.61,5.17,1.80,16.81,21.00,31.00,48.00,1.61,0.00,1.00,1.00,1.00,0.11,
-6.08,54.45,Other crops,92.47,1147.57,9.42,519.67,69.61,5.17,1.80,16.81,21.00,31.00,48.00,1.61,0.00,1.00,1.00,1.00,0.26,
-6.08,54.45,Other crops,92.47,1147.57,9.42,519.67,69.61,5.17,1.80,16.81,21.00,31.00,48.00,1.61,0.00,1.00,1.00,1.00,0.25,
-6.08,54.45,Other crops,92.47,1147.57,9.42,519.67,69.61,5.17,1.80,16.81,21.00,31.00,48.00,1.61,0.00,1.00,1.00,1.00,0.19,
-6.08,54.45,Other crops,92.47,1147.57,9.42,519.67,69.61,5.17,1.80,16.81,21.00,31.00,48.00,1.61,0.00,1.00,1.00,1.00,0.18,
-6.08,54.45,Other crops,92.47,1147.57,9.42,519.67,69.61,5.17,1.80,16.81,21.00,31.00,48.00,1.61,0.00,1.00,1.00,1.00,0.23,
-6.08,54.45,Other crops,92.47,1147.57,9.42,519.67,69.61,5.17,1.80,16.81,21.00,31.00,48.00,1.61,0.00,1.00,1.00,1.00,0.57,
-6.08,54.45,Other crops,92.47,1147.57,9.42,519.67,69.61,5.17,1.80,16.81,21.00,31.00,48.00,1.61,0.00,1.00,1.00,1.00,0.64,
-6.08,54.45,Other crops,92.47,1147.57,9.42,519.67,69.61,5.17,1.80,16.81,21.00,31.00,48.00,1.61,0.00,1.00,1.00,1.00,0.22,
-6.08,54.45,Other crops,92.47,1147.57,9.42,519.67,69.61,5.17,1.80,16.81,21.00,31.00,48.00,1.61,0.00,1.00,1.00,1.00,0.39,
-6.08,54.45,Other crops,92.47,1147.57,9.42,519.67,69.61,5.17,1.80,16.81,21.00,31.00,48.00,1.61,0.00,1.00,1.00,1.00,0.27,
-6.08,54.45,Other crops,92.47,1147.57,9.42,519.67,69.61,5.17,1.80,16.81,21.00,31.00,48.00,1.61,0.00,1.00,1.00,1.00,1.13,
-6.08,54.45,Other crops,92.47,1147.57,9.42,519.67,69.61,5.17,1.80,16.81,21.00,31.00,48.00,1.61,0.00,1.00,1.00,1.00,0.38,
-6.08,54.45,Other crops,92.47,1147.57,9.42,519.67,69.61,5.17,1.80,16.81,21.00,31.00,48.00,1.61,0.00,1.00,1.00,1.00,0.35,
-6.08,54.45,Other crops,92.47,1147.57,9.42,519.67,69.61,5.17,1.80,16.81,21.00,31.00,48.00,1.61,0.00,1.00,1.00,1.00,0.47,
-6.08,54.45,Other crops,92.47,1147.57,9.42,519.67,69.61,5.17,1.80,16.81,21.00,31.00,48.00,1.61,0.00,1.00,1.00,1.00,0.23,
-6.08,54.45,Other crops,92.47,1147.57,9.42,519.67,69.61,5.17,1.80,16.81,21.00,31.00,48.00,1.61,0.00,1.00,1.00,1.00,0.17,
-6.08,54.45,Other crops,92.47,1147.57,9.42,519.67,69.61,5.17,1.80,16.81,21.00,31.00,48.00,1.61,0.00,1.00,1.00,1.00,0.29,
-6.08,54.45,Other crops,92.47,1147.57,9.42,519.67,69.61,5.17,1.80,16.81,21.00,31.00,48.00,1.61,0.00,1.00,1.00,1.00,0.24,
-6.08,54.45,Other crops,92.47,1147.57,9.42,519.67,69.61,5.17,1.80,16.81,21.00,31.00,48.00,1.61,0.00,1.00,1.00,1.00,0.26,
-6.08,54.45,Other crops,92.47,1147.57,9.42,519.67,69.61,5.17,1.80,16.81,21.00,31.00,48.00,1.61,0.00,1.00,1.00,1.00,0.37,
-6.08,54.45,Other crops,92.47,1147.57,9.42,519.67,69.61,5.17,1.80,16.81,21.00,31.00,48.00,1.61,0.00,1.00,1.00,1.00,0.25,
-6.08,54.45,Other crops,92.47,1147.57,9.42,519.67,69.61,5.17,1.80,16.81,21.00,31.00,48.00,1.61,0.00,1.00,1.00,1.00,0.24,
-6.08,54.45,Other crops,92.47,1147.57,9.42,519.67,69.61,5.17,1.80,16.81,21.00,31.00,48.00,1.61,0.00,1.00,1.00,1.00,0.27,
-6.08,54.45,Other crops,92.47,1147.57,9.42,519.67,69.61,5.17,1.80,16.81,21.00,31.00,48.00,1.61,0.00,1.00,1.00,1.00,0.14,
92.18,40.02,Maize,2.00,920.00,11.70,1263.54,22.53,6.90,1.28,4.00,24.30,5.00,90.00,0.50,0.00,1.00,1.00,1.00,0.45,
92.18,40.02,Other crops,2.00,920.00,11.70,1263.54,22.53,6.90,1.28,4.00,24.30,5.00,90.00,0.50,0.00,1.00,1.00,1.00,1.42,
92.18,40.02,Maize,2.00,920.00,11.70,1263.54,22.53,6.90,1.28,4.00,24.30,5.00,90.00,0.50,0.00,1.00,1.00,1.00,2.85,
92.18,40.02,Other crops,2.00,920.00,11.70,1263.54,22.53,6.90,1.28,4.00,24.30,5.00,90.00,0.50,0.00,1.00,1.00,1.00,0.68,
92.18,40.02,Other crops,2.00,920.00,11.70,1263.54,22.53,6.90,1.28,4.00,24.30,5.00,90.00,0.50,0.00,1.00,1.00,1.00,1.93,
92.18,40.02,Maize,2.00,920.00,11.70,1263.54,22.53,6.90,1.28,4.00,24.30,5.00,90.00,0.50,0.00,1.00,1.00,1.00,1.78,
92.18,40.02,Other crops,2.00,920.00,11.70,1263.54,22.53,6.90,1.28,4.00,24.30,5.00,90.00,0.50,0.00,1.00,1.00,1.00,0.35,
126.98,39.28,Other crops,26.23,1236.68,9.10,883.50,8.10,4.97,1.64,7.50,10.50,27.10,62.40,10.00,0.00,1.00,1.00,1.00,0.30,
126.98,39.28,Other crops,26.23,1236.68,9.10,883.50,8.10,4.97,1.64,7.50,10.50,27.10,62.40,10.00,0.00,1.00,1.00,1.00,0.20,
-96.97,31.47,Other crops,7.17,911.04,20.14,1481.40,16.93,6.67,1.94,31.26,55.00,28.00,17.00,0.31,0.00,0.15,1.00,1.00,0.43,
-96.97,31.47,Other crops,7.17,911.04,20.14,1481.40,16.93,6.67,1.94,31.26,55.00,28.00,17.00,0.31,0.00,0.55,1.00,1.00,1.17,
-96.97,31.47,Other crops,7.17,911.04,20.14,1481.40,16.93,6.67,1.94,31.26,55.00,28.00,17.00,0.31,0.00,0.81,1.00,1.00,1.46,
-96.97,31.47,Other crops,7.17,911.04,20.14,1481.40,16.93,6.67,1.94,31.26,55.00,28.00,17.00,0.31,0.00,1.00,1.00,1.00,0.77,
-96.97,31.47,Other crops,7.17,911.04,20.14,1481.40,16.93,6.67,1.94,31.26,55.00,28.00,17.00,0.31,0.00,1.31,1.00,1.00,0.78,
-96.97,31.47,Other crops,7.17,911.04,20.14,1481.40,16.93,6.67,1.94,31.26,55.00,28.00,17.00,0.31,0.00,1.63,1.00,1.00,1.24,
-96.97,31.47,Other crops,7.17,911.04,20.14,1481.40,16.93,6.67,1.94,31.26,55.00,28.00,17.00,0.31,0.00,1.00,1.00,1.00,0.15,
-96.97,31.47,Other crops,7.17,911.04,20.14,1481.40,16.93,6.67,1.94,31.26,55.00,28.00,17.00,0.31,0.00,1.00,1.00,1.00,0.27,
-96.97,31.47,Other crops,7.17,911.04,20.14,1481.40,16.93,6.67,1.94,31.26,55.00,28.00,17.00,0.31,0.00,2.47,1.00,1.00,0.73,
-96.97,31.47,Other crops,7.17,911.04,20.14,1481.40,16.93,6.67,1.94,31.26,55.00,28.00,17.00,0.31,0.00,6.40,1.00,1.00,0.65,
-96.97,31.47,Other crops,7.17,911.04,20.14,1481.40,16.93,6.67,1.94,31.26,55.00,28.00,17.00,0.31,0.00,1.00,1.00,1.00,0.24,
-96.97,31.47,Other crops,7.17,911.04,20.14,1481.40,16.93,6.67,1.94,31.26,55.00,28.00,17.00,0.31,0.00,2.57,1.00,1.00,0.43,
-96.97,31.47,Other crops,7.17,911.04,20.14,1481.40,16.93,6.67,1.94,31.26,55.00,28.00,17.00,0.31,0.00,1.67,1.00,1.00,0.29,
-79.98,39.66,Other crops,41.98,1311.73,11.58,921.15,22.04,5.70,1.14,11.70,27.90,47.20,24.90,18.00,0.00,1.00,1.00,1.00,0.01,
-79.98,39.66,Other crops,41.98,1311.73,11.58,921.15,22.04,5.70,1.14,11.70,27.90,47.20,24.90,18.00,0.00,1.00,1.00,1.00,0.02,
-79.98,39.66,Other crops,41.98,1311.73,11.58,921.15,22.04,5.70,1.14,11.70,27.90,47.20,24.90,18.00,0.00,1.00,1.00,1.00,0.01,
-96.53,32.56,Other crops,8.14,997.32,19.53,1441.40,16.56,6.80,2.02,41.00,52.00,27.00,21.00,3.20,0.00,1.00,1.00,1.00,0.40,
-96.53,32.56,Maize,8.14,997.32,19.53,1441.40,16.56,6.80,2.02,41.00,52.00,27.00,21.00,3.20,0.00,1.00,1.00,1.00,3.20,
-96.53,32.56,Maize,8.14,997.32,19.53,1441.40,16.56,6.80,2.02,41.00,52.00,27.00,21.00,3.20,0.00,1.00,1.00,1.00,1.70,
-96.53,32.56,Other crops,8.14,997.32,19.53,1441.40,16.56,6.80,2.02,41.00,52.00,27.00,21.00,2.20,0.00,1.00,1.00,1.00,1.70,
-96.53,32.56,Maize,8.14,997.32,19.53,1441.40,16.56,6.80,2.02,41.00,52.00,27.00,21.00,2.20,0.00,1.00,1.00,1.00,1.90,
-96.53,32.56,Other crops,8.14,997.32,19.53,1441.40,16.56,6.80,2.02,41.00,52.00,27.00,21.00,1.90,0.00,1.00,1.00,1.00,0.60,
-96.53,32.56,Maize,8.14,997.32,19.53,1441.40,16.56,6.80,2.02,41.00,52.00,27.00,21.00,1.90,0.00,1.00,1.00,1.00,3.40,
-96.53,32.56,Maize,8.14,997.32,19.53,1441.40,16.56,6.80,2.02,41.00,52.00,27.00,21.00,1.90,0.00,1.00,1.00,1.00,2.80,
-96.53,32.56,Other crops,8.14,997.32,19.53,1441.40,16.56,6.80,2.02,41.00,52.00,27.00,21.00,2.30,0.00,1.00,1.00,1.00,1.50,
-96.53,32.56,Maize,8.14,997.32,19.53,1441.40,16.56,6.80,2.02,41.00,52.00,27.00,21.00,2.30,0.00,1.00,1.00,1.00,1.60,
-96.53,32.56,Other crops,8.14,997.32,19.53,1441.40,16.56,6.80,2.02,41.00,52.00,27.00,21.00,2.00,0.00,1.00,1.00,1.00,0.70,
-96.53,32.56,Maize,8.14,997.32,19.53,1441.40,16.56,6.80,2.02,41.00,52.00,27.00,21.00,2.00,0.00,1.00,1.00,1.00,5.90,
-96.53,32.56,Maize,8.14,997.32,19.53,1441.40,16.56,6.80,2.02,41.00,52.00,27.00,21.00,2.00,0.00,1.00,1.00,1.00,3.10,
-96.53,32.56,Other crops,8.14,997.32,19.53,1441.40,16.56,6.80,2.02,41.00,52.00,27.00,21.00,1.10,0.00,1.00,1.00,1.00,0.50,
-96.53,32.56,Maize,8.14,997.32,19.53,1441.40,16.56,6.80,2.02,41.00,52.00,27.00,21.00,1.10,0.00,1.00,1.00,1.00,2.40,
-96.53,32.56,Other crops,8.14,997.32,19.53,1441.40,16.56,6.80,2.02,41.00,52.00,27.00,21.00,1.60,0.00,1.00,1.00,1.00,0.10,
-96.53,32.56,Other crops,8.14,997.32,19.53,1441.40,16.56,6.80,2.02,41.00,52.00,27.00,21.00,1.60,0.00,1.00,1.00,1.00,0.20,
-96.53,32.56,Other crops,8.14,997.32,19.53,1441.40,16.56,6.80,2.02,41.00,52.00,27.00,21.00,2.50,0.00,1.00,1.00,1.00,1.90,
-96.53,32.56,Other crops,8.14,997.32,19.53,1441.40,16.56,6.80,2.02,41.00,52.00,27.00,21.00,2.50,0.00,1.00,1.00,1.00,0.30,
-96.53,32.56,Other crops,8.14,997.32,19.53,1441.40,16.56,6.80,2.02,41.00,52.00,27.00,21.00,3.70,0.00,1.00,1.00,1.00,0.60,
-96.53,32.56,Other crops,8.14,997.32,19.53,1441.40,16.56,6.80,2.02,41.00,52.00,27.00,21.00,3.70,0.00,1.00,1.00,1.00,1.20,
-96.53,32.56,Other crops,8.14,997.32,19.53,1441.40,16.56,6.80,2.02,41.00,52.00,27.00,21.00,2.50,0.00,1.00,1.00,1.00,0.40,
-96.53,32.56,Other crops,8.14,997.32,19.53,1441.40,16.56,6.80,2.02,41.00,52.00,27.00,21.00,2.50,0.00,1.00,1.00,1.00,0.60,
-96.53,32.56,Other crops,8.14,997.32,19.53,1441.40,16.56,6.80,2.02,41.00,52.00,27.00,21.00,2.40,0.00,1.00,1.00,1.00,0.60,
-96.53,32.56,Other crops,8.14,997.32,19.53,1441.40,16.56,6.80,2.02,41.00,52.00,27.00,21.00,2.40,0.00,1.00,1.00,1.00,1.20,
-96.53,32.56,Other crops,8.14,997.32,19.53,1441.40,16.56,6.80,2.02,41.00,52.00,27.00,21.00,2.40,0.00,1.00,1.00,1.00,0.80,
-96.53,32.56,Other crops,8.14,997.32,19.53,1441.40,16.56,6.80,2.02,41.00,52.00,27.00,21.00,2.60,0.00,1.00,1.00,1.00,3.70,
-96.53,32.56,Other crops,8.14,997.32,19.53,1441.40,16.56,6.80,2.02,41.00,52.00,27.00,21.00,2.60,0.00,1.00,1.00,1.00,1.30,
-96.53,32.56,Other crops,8.14,997.32,19.53,1441.40,16.56,6.80,2.02,41.00,52.00,27.00,21.00,2.20,0.00,1.00,1.00,1.00,0.70,
-96.53,32.56,Other crops,8.14,997.32,19.53,1441.40,16.56,6.80,2.02,41.00,52.00,27.00,21.00,2.20,0.00,1.00,1.00,1.00,0.80,
-96.53,32.56,Other crops,8.14,997.32,19.53,1441.40,16.56,6.80,2.02,41.00,52.00,27.00,21.00,2.20,0.00,1.00,1.00,1.00,0.70,
-114.36,42.53,Maize,12.96,249.00,9.37,1257.19,11.50,7.70,1.68,19.00,10.00,70.00,20.00,1.50,0.00,1.00,1.00,1.00,3.50,
-114.36,42.53,Maize,12.96,249.00,9.37,1257.19,11.50,7.70,1.68,19.00,10.00,70.00,20.00,1.50,0.00,1.00,1.00,1.00,5.20,
-114.36,42.53,Maize,12.96,249.00,9.37,1257.19,11.50,7.70,1.68,19.00,10.00,70.00,20.00,1.50,0.00,1.00,1.00,1.00,3.80,
-114.36,42.53,Maize,12.96,232.00,9.37,1257.19,11.50,7.70,1.68,19.00,10.00,70.00,20.00,1.50,0.00,1.00,1.00,1.00,5.40,
-114.36,42.53,Maize,12.96,232.00,9.37,1257.19,11.50,7.70,1.68,19.00,10.00,70.00,20.00,1.50,0.00,1.00,1.00,1.00,4.40,
-114.36,42.53,Maize,12.96,232.00,9.37,1257.19,11.50,7.70,1.68,19.00,10.00,70.00,20.00,1.50,0.00,1.00,1.00,1.00,5.90,
-96.21,46.30,Other crops,21.36,676.10,6.32,881.64,27.14,7.06,1.79,26.00,25.85,43.43,30.72,6.00,0.00,1.00,1.00,1.00,0.97,
-96.21,46.30,Maize,21.36,676.10,6.32,881.64,27.14,7.06,1.79,26.00,25.85,43.43,30.72,6.00,0.00,1.00,1.00,1.00,0.21,
-96.21,46.30,Maize,21.36,676.10,6.32,881.64,27.14,7.06,1.79,26.00,25.85,43.43,30.72,6.00,0.00,1.00,1.00,1.00,0.08,
-96.21,46.30,Other crops,21.36,676.10,6.32,881.64,27.14,7.06,1.79,26.00,25.85,43.43,30.72,6.00,0.00,1.00,1.00,1.00,0.19,
-96.21,46.30,Other crops,21.36,676.10,6.32,881.64,27.14,7.06,1.79,26.00,25.85,43.43,30.72,6.00,0.00,1.00,1.00,1.00,0.59,
-96.21,46.30,Other crops,21.36,676.10,6.32,881.64,27.14,7.06,1.79,26.00,25.85,43.43,30.72,6.00,0.00,1.00,1.00,1.00,5.39,
-96.21,46.30,Maize,21.36,676.10,6.32,881.64,27.14,7.06,1.79,26.00,25.85,43.43,30.72,6.00,0.00,1.00,1.00,1.00,4.36,
-96.21,46.30,Maize,21.36,676.10,6.32,881.64,27.14,7.06,1.79,26.00,25.85,43.43,30.72,6.00,0.00,1.00,1.00,1.00,2.71,
-96.21,46.30,Other crops,21.36,676.10,6.32,881.64,27.14,7.06,1.79,26.00,25.85,43.43,30.72,6.00,0.00,1.00,1.00,1.00,0.17,
-96.21,46.30,Other crops,21.36,676.10,6.32,881.64,27.14,7.06,1.79,26.00,25.85,43.43,30.72,6.00,0.00,1.00,1.00,1.00,5.46,
-96.21,46.30,Maize,21.36,676.10,6.32,881.64,27.14,7.06,1.79,26.00,25.85,43.43,30.72,6.00,0.00,1.00,1.00,1.00,0.98,
-96.21,46.30,Maize,21.36,676.10,6.32,881.64,27.14,7.06,1.79,26.00,25.85,43.43,30.72,6.00,0.00,1.00,1.00,1.00,0.35,
-96.21,46.30,Other crops,21.36,676.10,6.32,881.64,27.14,7.06,1.79,26.00,25.85,43.43,30.72,6.00,0.00,1.00,1.00,1.00,0.29,
-96.90,31.54,Other crops,8.59,919.39,20.09,1476.53,16.58,6.79,2.02,40.46,55.00,28.00,17.00,0.38,0.00,0.12,1.00,1.00,0.40,
-96.90,31.54,Other crops,8.59,919.39,20.09,1476.53,16.58,6.79,2.02,40.46,55.00,28.00,17.00,0.38,0.00,0.67,1.00,1.00,1.70,
-96.90,31.54,Other crops,8.59,919.39,20.09,1476.53,16.58,6.79,2.02,40.46,55.00,28.00,17.00,0.38,0.00,1.00,1.00,1.00,0.60,
-96.90,31.54,Other crops,8.59,919.39,20.09,1476.53,16.58,6.79,2.02,40.46,55.00,28.00,17.00,0.38,0.00,1.15,1.00,1.00,1.50,
-96.90,31.54,Other crops,8.59,919.39,20.09,1476.53,16.58,6.79,2.02,40.46,55.00,28.00,17.00,0.38,0.00,1.54,1.00,1.00,0.70,
-96.90,31.54,Other crops,8.59,919.39,20.09,1476.53,16.58,6.79,2.02,40.46,55.00,28.00,17.00,0.38,0.00,1.95,1.00,1.00,0.50,
-96.90,31.54,Maize,8.59,919.39,20.09,1476.53,16.58,6.79,2.02,40.46,55.00,28.00,17.00,0.38,0.00,0.12,1.00,1.00,3.20,
-96.90,31.54,Maize,8.59,919.39,20.09,1476.53,16.58,6.79,2.02,40.46,55.00,28.00,17.00,0.38,0.00,1.00,1.00,1.00,3.40,
-96.90,31.54,Maize,8.59,919.39,20.09,1476.53,16.58,6.79,2.02,40.46,55.00,28.00,17.00,0.38,0.00,1.54,1.00,1.00,5.90,
-96.90,31.54,Maize,8.59,919.39,20.09,1476.53,16.58,6.79,2.02,40.46,55.00,28.00,17.00,0.38,0.00,0.00,1.00,1.00,0.10,
-96.90,31.54,Maize,8.59,919.39,20.09,1476.53,16.58,6.79,2.02,40.46,55.00,28.00,17.00,0.38,0.00,0.00,1.00,1.00,1.90,
-96.90,31.54,Maize,8.59,919.39,20.09,1476.53,16.58,6.79,2.02,40.46,55.00,28.00,17.00,0.38,0.00,0.95,1.00,1.00,0.60,
-96.90,31.54,Maize,8.59,919.39,20.09,1476.53,16.58,6.79,2.02,40.46,55.00,28.00,17.00,0.38,0.00,0.12,1.00,1.00,1.70,
-96.90,31.54,Maize,8.59,919.39,20.09,1476.53,16.58,6.79,2.02,40.46,55.00,28.00,17.00,0.38,0.00,0.67,1.00,1.00,1.90,
-96.90,31.54,Maize,8.59,919.39,20.09,1476.53,16.58,6.79,2.02,40.46,55.00,28.00,17.00,0.38,0.00,1.00,1.00,1.00,2.80,
-96.90,31.54,Maize,8.59,919.39,20.09,1476.53,16.58,6.79,2.02,40.46,55.00,28.00,17.00,0.38,0.00,1.15,1.00,1.00,1.60,
-96.90,31.54,Maize,8.59,919.39,20.09,1476.53,16.58,6.79,2.02,40.46,55.00,28.00,17.00,0.38,0.00,1.54,1.00,1.00,3.10,
-96.90,31.54,Maize,8.59,919.39,20.09,1476.53,16.58,6.79,2.02,40.46,55.00,28.00,17.00,0.38,0.00,1.95,1.00,1.00,2.40,
-96.90,31.54,Maize,8.59,919.39,20.09,1476.53,16.58,6.79,2.02,40.46,55.00,28.00,17.00,0.38,0.00,0.00,1.00,1.00,0.20,
-96.90,31.54,Maize,8.59,919.39,20.09,1476.53,16.58,6.79,2.02,40.46,55.00,28.00,17.00,0.38,0.00,0.00,1.00,1.00,0.30,
-96.90,31.54,Maize,8.59,919.39,20.09,1476.53,16.58,6.79,2.02,40.46,55.00,28.00,17.00,0.38,0.00,0.95,1.00,1.00,1.20,
-96.90,31.54,Maize,8.59,919.39,20.09,1476.53,16.58,6.79,2.02,40.46,55.00,28.00,17.00,0.38,0.00,1.98,1.00,1.00,0.60,
-96.90,31.54,Wheat,8.59,919.39,20.09,1476.53,16.58,6.79,2.02,40.46,55.00,28.00,17.00,0.38,0.00,0.12,1.00,1.00,0.50,
-96.90,31.54,Wheat,8.59,919.39,20.09,1476.53,16.58,6.79,2.02,40.46,55.00,28.00,17.00,0.38,0.00,0.67,1.00,1.00,1.20,
-96.90,31.54,Wheat,8.59,919.39,20.09,1476.53,16.58,6.79,2.02,40.46,55.00,28.00,17.00,0.38,0.00,1.00,1.00,1.00,1.90,
-96.90,31.54,Wheat,8.59,919.39,20.09,1476.53,16.58,6.79,2.02,40.46,55.00,28.00,17.00,0.38,0.00,1.15,1.00,1.00,1.30,
-96.90,31.54,Wheat,8.59,919.39,20.09,1476.53,16.58,6.79,2.02,40.46,55.00,28.00,17.00,0.38,0.00,1.54,1.00,1.00,2.80,
-96.90,31.54,Wheat,8.59,919.39,20.09,1476.53,16.58,6.79,2.02,40.46,55.00,28.00,17.00,0.38,0.00,1.95,1.00,1.00,2.50,
-96.90,31.54,Wheat,8.59,919.39,20.09,1476.53,16.58,6.79,2.02,40.46,55.00,28.00,17.00,0.38,0.00,0.00,1.00,1.00,0.20,
-96.90,31.54,Wheat,8.59,919.39,20.09,1476.53,16.58,6.79,2.02,40.46,55.00,28.00,17.00,0.38,0.00,0.00,1.00,1.00,0.20,
-96.90,31.54,Wheat,8.59,919.39,20.09,1476.53,16.58,6.79,2.02,40.46,55.00,28.00,17.00,0.38,0.00,0.95,1.00,1.00,1.10,
-96.90,31.54,Wheat,8.59,919.39,20.09,1476.53,16.58,6.79,2.02,40.46,55.00,28.00,17.00,0.38,0.00,1.98,1.00,1.00,2.30,
-96.90,31.54,Maize,8.59,919.39,20.09,1476.53,16.58,6.79,2.02,40.46,55.00,28.00,17.00,0.38,0.00,0.12,1.00,1.00,1.20,
-96.90,31.54,Maize,8.59,919.39,20.09,1476.53,16.58,6.79,2.02,40.46,55.00,28.00,17.00,0.38,0.00,0.67,1.00,1.00,2.30,
-96.90,31.54,Maize,8.59,919.39,20.09,1476.53,16.58,6.79,2.02,40.46,55.00,28.00,17.00,0.38,0.00,1.00,1.00,1.00,1.90,
-96.90,31.54,Maize,8.59,919.39,20.09,1476.53,16.58,6.79,2.02,40.46,55.00,28.00,17.00,0.38,0.00,1.15,1.00,1.00,1.50,
-96.90,31.54,Maize,8.59,919.39,20.09,1476.53,16.58,6.79,2.02,40.46,55.00,28.00,17.00,0.38,0.00,1.54,1.00,1.00,2.90,
-96.90,31.54,Maize,8.59,919.39,20.09,1476.53,16.58,6.79,2.02,40.46,55.00,28.00,17.00,0.38,0.00,1.95,1.00,1.00,2.50,
-96.90,31.54,Maize,8.59,919.39,20.09,1476.53,16.58,6.79,2.02,40.46,55.00,28.00,17.00,0.38,0.00,0.00,1.00,1.00,0.20,
-96.90,31.54,Maize,8.59,919.39,20.09,1476.53,16.58,6.79,2.02,40.46,55.00,28.00,17.00,0.38,0.00,0.00,1.00,1.00,0.30,
-96.90,31.54,Maize,8.59,919.39,20.09,1476.53,16.58,6.79,2.02,40.46,55.00,28.00,17.00,0.38,0.00,0.95,1.00,1.00,4.00,
-96.90,31.54,Maize,8.59,919.39,20.09,1476.53,16.58,6.79,2.02,40.46,55.00,28.00,17.00,0.38,0.00,0.12,1.00,1.00,0.80,
-96.90,31.54,Maize,8.59,919.39,20.09,1476.53,16.58,6.79,2.02,40.46,55.00,28.00,17.00,0.38,0.00,0.67,1.00,1.00,1.20,
-96.90,31.54,Maize,8.59,919.39,20.09,1476.53,16.58,6.79,2.02,40.46,55.00,28.00,17.00,0.38,0.00,1.00,1.00,1.00,1.00,
-96.90,31.54,Maize,8.59,919.39,20.09,1476.53,16.58,6.79,2.02,40.46,55.00,28.00,17.00,0.38,0.00,1.15,1.00,1.00,1.40,
-96.90,31.54,Maize,8.59,919.39,20.09,1476.53,16.58,6.79,2.02,40.46,55.00,28.00,17.00,0.38,0.00,1.54,1.00,1.00,1.10,
-96.90,31.54,Maize,8.59,919.39,20.09,1476.53,16.58,6.79,2.02,40.46,55.00,28.00,17.00,0.38,0.00,1.95,1.00,1.00,0.80,
-96.90,31.54,Maize,8.59,919.39,20.09,1476.53,16.58,6.79,2.02,40.46,55.00,28.00,17.00,0.38,0.00,0.00,1.00,1.00,0.10,
-96.90,31.54,Maize,8.59,919.39,20.09,1476.53,16.58,6.79,2.02,40.46,55.00,28.00,17.00,0.38,0.00,0.00,1.00,1.00,0.10,
-96.90,31.54,Maize,8.59,919.39,20.09,1476.53,16.58,6.79,2.02,40.46,55.00,28.00,17.00,0.38,0.00,0.95,1.00,1.00,0.20,
-96.90,31.54,Maize,8.59,919.39,20.09,1476.53,16.58,6.79,2.02,40.46,55.00,28.00,17.00,0.38,0.00,1.98,1.00,1.00,0.60,
-96.90,31.54,Wheat,8.59,919.39,20.09,1476.53,16.58,6.79,2.02,40.46,55.00,28.00,17.00,0.38,0.00,0.12,1.00,1.00,0.80,
-96.90,31.54,Wheat,8.59,919.39,20.09,1476.53,16.58,6.79,2.02,40.46,55.00,28.00,17.00,0.38,0.00,0.67,1.00,1.00,3.40,
-96.90,31.54,Wheat,8.59,919.39,20.09,1476.53,16.58,6.79,2.02,40.46,55.00,28.00,17.00,0.38,0.00,1.00,1.00,1.00,2.90,
-96.90,31.54,Wheat,8.59,919.39,20.09,1476.53,16.58,6.79,2.02,40.46,55.00,28.00,17.00,0.38,0.00,1.15,1.00,1.00,1.90,
-96.90,31.54,Wheat,8.59,919.39,20.09,1476.53,16.58,6.79,2.02,40.46,55.00,28.00,17.00,0.38,0.00,1.54,1.00,1.00,3.40,
-96.90,31.54,Wheat,8.59,919.39,20.09,1476.53,16.58,6.79,2.02,40.46,55.00,28.00,17.00,0.38,0.00,1.95,1.00,1.00,3.70,
-96.90,31.54,Wheat,8.59,919.39,20.09,1476.53,16.58,6.79,2.02,40.46,55.00,28.00,17.00,0.38,0.00,0.00,1.00,1.00,0.40,
-96.90,31.54,Wheat,8.59,919.39,20.09,1476.53,16.58,6.79,2.02,40.46,55.00,28.00,17.00,0.38,0.00,0.00,1.00,1.00,0.50,
-96.90,31.54,Wheat,8.59,919.39,20.09,1476.53,16.58,6.79,2.02,40.46,55.00,28.00,17.00,0.38,0.00,0.95,1.00,1.00,2.80,
-96.90,31.54,Maize,8.59,919.39,20.09,1476.53,16.58,6.79,2.02,40.46,55.00,28.00,17.00,0.38,0.00,0.12,1.00,1.00,0.40,
-96.90,31.54,Maize,8.59,919.39,20.09,1476.53,16.58,6.79,2.02,40.46,55.00,28.00,17.00,0.38,0.00,0.67,1.00,1.00,0.80,
-96.90,31.54,Maize,8.59,919.39,20.09,1476.53,16.58,6.79,2.02,40.46,55.00,28.00,17.00,0.38,0.00,1.00,1.00,1.00,1.20,
-96.90,31.54,Maize,8.59,919.39,20.09,1476.53,16.58,6.79,2.02,40.46,55.00,28.00,17.00,0.38,0.00,1.15,1.00,1.00,0.70,
-96.90,31.54,Maize,8.59,919.39,20.09,1476.53,16.58,6.79,2.02,40.46,55.00,28.00,17.00,0.38,0.00,1.54,1.00,1.00,0.80,
-96.90,31.54,Maize,8.59,919.39,20.09,1476.53,16.58,6.79,2.02,40.46,55.00,28.00,17.00,0.38,0.00,1.95,1.00,1.00,0.70,
-96.90,31.54,Maize,8.59,919.39,20.09,1476.53,16.58,6.79,2.02,40.46,55.00,28.00,17.00,0.38,0.00,0.00,1.00,1.00,0.10,
-96.90,31.54,Maize,8.59,919.39,20.09,1476.53,16.58,6.79,2.02,40.46,55.00,28.00,17.00,0.38,0.00,0.00,1.00,1.00,0.10,
-95.24,38.54,Other crops,16.13,1041.29,13.97,1180.26,21.42,6.20,1.79,22.00,27.00,57.00,16.00,1.25,0.00,1.00,1.00,1.00,0.81,
-95.24,38.54,Other crops,16.13,1041.29,13.97,1180.26,21.42,6.20,1.79,22.00,27.00,57.00,16.00,1.25,0.00,1.00,1.00,1.00,0.66,
-95.24,38.54,Other crops,16.13,1041.29,13.97,1180.26,21.42,6.20,1.79,22.00,27.00,57.00,16.00,1.25,0.00,1.00,1.00,1.00,0.45,
-95.24,38.54,Other crops,16.13,1041.29,13.97,1180.26,21.42,6.20,1.79,22.00,27.00,57.00,16.00,1.25,0.00,1.00,1.00,1.00,0.75,
-95.24,38.54,Other crops,16.13,1041.29,13.97,1180.26,21.42,6.20,1.79,22.00,27.00,57.00,16.00,1.25,0.00,1.00,1.00,1.00,0.39,
-95.24,38.54,Other crops,16.13,1041.29,13.97,1180.26,21.42,6.20,1.79,22.00,27.00,57.00,16.00,1.25,0.00,1.00,1.00,1.00,0.68,
-95.24,38.54,Other crops,16.13,1041.29,13.97,1180.26,21.42,6.20,1.79,22.00,27.00,57.00,16.00,1.25,0.00,1.00,1.00,1.00,1.32,
-95.24,38.54,Other crops,16.13,1041.29,13.97,1180.26,21.42,6.20,1.79,22.00,27.00,57.00,16.00,1.25,0.00,1.00,1.00,1.00,0.51,
-95.24,38.54,Other crops,16.13,1041.29,13.97,1180.26,21.42,6.20,1.79,22.00,27.00,57.00,16.00,1.25,0.00,1.00,1.00,1.00,0.85,
-95.24,38.54,Other crops,16.13,1041.29,13.97,1180.26,21.42,6.20,1.79,22.00,27.00,57.00,16.00,1.25,0.00,1.00,1.00,1.00,0.61,
-95.24,38.54,Other crops,16.13,1041.29,13.97,1180.26,21.42,6.20,1.79,22.00,27.00,57.00,16.00,1.25,0.00,1.00,1.00,1.00,0.64,
-95.24,38.54,Other crops,16.13,1041.29,13.97,1180.26,21.42,6.20,1.79,22.00,27.00,57.00,16.00,1.25,0.00,1.00,1.00,1.00,0.77,
-95.24,38.54,Other crops,16.13,1041.29,13.97,1180.26,21.42,6.20,1.79,22.00,27.00,57.00,16.00,1.25,0.00,1.00,1.00,1.00,0.39,
-95.24,38.54,Other crops,16.13,1041.29,13.97,1180.26,21.42,6.20,1.79,22.00,27.00,57.00,16.00,1.25,0.00,1.00,1.00,1.00,0.48,
-95.24,38.54,Other crops,16.13,1041.29,13.97,1180.26,21.42,6.20,1.79,22.00,27.00,57.00,16.00,1.25,0.00,1.00,1.00,1.00,0.47,
-95.24,38.54,Other crops,16.13,1041.29,13.97,1180.26,21.42,6.20,1.79,22.00,27.00,57.00,16.00,1.25,0.00,1.00,1.00,1.00,0.61,
-95.24,38.54,Other crops,16.13,1041.29,13.97,1180.26,21.42,6.20,1.79,22.00,27.00,57.00,16.00,1.25,0.00,1.00,1.00,1.00,0.22,
-95.24,38.54,Other crops,16.13,1041.29,13.97,1180.26,21.42,6.20,1.79,22.00,27.00,57.00,16.00,1.25,0.00,1.00,1.00,1.00,0.34,
-95.24,38.54,Other crops,16.13,1041.29,13.97,1180.26,21.42,6.20,1.79,22.00,27.00,57.00,16.00,1.25,0.00,1.00,1.00,1.00,0.41,
-95.24,38.54,Other crops,16.13,1041.29,13.97,1180.26,21.42,6.20,1.79,22.00,27.00,57.00,16.00,1.25,0.00,1.00,1.00,1.00,0.55,
-95.24,38.54,Other crops,16.13,1041.29,13.97,1180.26,21.42,6.20,1.79,22.00,27.00,57.00,16.00,1.25,0.00,1.00,1.00,1.00,0.26,
-95.24,38.54,Other crops,16.13,1041.29,13.97,1180.26,21.42,6.20,1.79,22.00,27.00,57.00,16.00,1.25,0.00,1.00,1.00,1.00,0.91,
-95.24,38.54,Other crops,16.13,1041.29,13.97,1180.26,21.42,6.20,1.79,22.00,27.00,57.00,16.00,1.25,0.00,1.00,1.00,1.00,0.29,
-95.24,38.54,Other crops,16.13,1041.29,13.97,1180.26,21.42,6.20,1.79,22.00,27.00,57.00,16.00,1.25,0.00,1.00,1.00,1.00,0.28,
-95.24,38.54,Other crops,16.13,1041.29,13.97,1180.26,21.42,6.20,1.79,22.00,27.00,57.00,16.00,1.25,0.00,1.00,1.00,1.00,0.93,
-95.24,38.54,Other crops,16.13,1041.29,13.97,1180.26,21.42,6.20,1.79,22.00,27.00,57.00,16.00,1.25,0.00,1.00,1.00,1.00,0.39,
-95.24,38.54,Other crops,16.13,1041.29,13.97,1180.26,21.42,6.20,1.79,22.00,27.00,57.00,16.00,1.25,0.00,1.00,1.00,1.00,0.50,
-95.24,38.54,Other crops,16.13,1041.29,13.97,1180.26,21.42,6.20,1.79,22.00,27.00,57.00,16.00,1.25,0.00,1.00,1.00,1.00,0.08,
-95.24,38.54,Other crops,16.13,1041.29,13.97,1180.26,21.42,6.20,1.79,22.00,27.00,57.00,16.00,1.25,0.00,1.00,1.00,1.00,0.08,
-95.24,38.54,Other crops,16.13,1041.29,13.97,1180.26,21.42,6.20,1.79,22.00,27.00,57.00,16.00,1.25,0.00,1.00,1.00,1.00,0.07,
-95.24,38.54,Other crops,16.13,1041.29,13.97,1180.26,21.42,6.20,1.79,22.00,27.00,57.00,16.00,1.25,0.00,1.00,1.00,1.00,0.04,
-95.24,38.54,Other crops,16.13,1041.29,13.97,1180.26,21.42,6.20,1.79,22.00,27.00,57.00,16.00,1.25,0.00,1.00,1.00,1.00,0.08,
-95.24,38.54,Other crops,16.13,1041.29,13.97,1180.26,21.42,6.20,1.79,22.00,27.00,57.00,16.00,1.25,0.00,1.00,1.00,1.00,0.05,
-95.24,38.54,Other crops,16.13,1041.29,13.97,1180.26,21.42,6.20,1.79,22.00,27.00,57.00,16.00,1.25,0.00,1.00,1.00,1.00,0.07,
-102.07,35.19,Wheat,15.84,448.14,14.97,1671.41,14.18,7.00,1.76,20.00,23.00,38.00,39.00,1.00,0.00,1.00,1.00,1.00,0.10,
-102.07,35.19,Wheat,15.84,448.14,14.97,1671.41,14.18,7.00,1.76,20.00,23.00,38.00,39.00,1.00,0.00,1.00,1.00,1.00,0.27,
-102.07,35.19,Other crops,15.84,448.14,14.97,1671.41,14.18,7.00,1.76,20.00,23.00,38.00,39.00,1.00,0.00,1.00,1.00,1.00,0.10,
-98.20,34.90,Wheat,13.38,789.42,17.02,1576.26,14.77,6.76,1.74,18.47,21.85,38.84,39.31,2.00,0.00,1.00,1.00,1.00,1.39,
-98.20,34.90,Wheat,13.38,789.42,17.02,1576.26,14.77,6.76,1.74,18.47,21.85,38.84,39.31,2.00,0.00,1.00,1.00,1.00,1.08,
-98.20,34.90,Other crops,13.38,789.42,17.02,1576.26,14.77,6.76,1.74,18.47,21.85,38.84,39.31,6.00,0.00,1.00,1.00,1.00,0.02,
-97.96,35.53,Wheat,14.04,837.80,16.46,1535.26,17.83,6.40,1.75,20.00,23.01,45.93,31.06,4.00,0.00,1.00,1.00,1.00,3.03,
-97.96,35.53,Wheat,14.04,837.80,16.46,1535.26,17.83,6.40,1.75,20.00,23.01,45.93,31.06,3.00,0.00,1.00,1.00,1.00,5.04,
-97.96,35.53,Wheat,14.04,837.80,16.46,1535.26,17.83,6.40,1.75,20.00,23.01,45.93,31.06,3.00,0.00,1.00,1.00,1.00,3.72,
-97.96,35.53,Wheat,14.04,837.80,16.46,1535.26,17.83,6.40,1.75,20.00,23.01,45.93,31.06,3.00,0.00,1.00,1.00,1.00,1.47,
-97.96,35.53,Other crops,14.04,837.80,16.46,1535.26,17.83,6.40,1.75,20.00,23.01,45.93,31.06,3.00,0.00,1.00,1.00,1.00,0.24,
-97.37,35.50,Wheat,13.26,953.01,16.65,1483.48,15.62,6.40,1.71,16.00,20.00,40.00,40.00,8.00,0.00,1.00,1.00,1.00,1.19,
-97.37,35.50,Other crops,13.26,953.01,16.65,1483.48,15.62,6.40,1.71,16.00,20.00,40.00,40.00,8.00,0.00,1.00,1.00,1.00,0.09,
22.62,60.80,Wheat,12.50,649.74,6.05,543.94,35.38,6.19,1.59,84.14,44.00,30.60,25.90,8.50,1.00,1.09,1.00,1.00,4.29,
22.62,60.80,Wheat,12.50,649.74,6.05,543.94,35.38,6.19,1.59,84.14,44.00,30.60,25.90,8.50,1.00,1.09,1.00,1.00,1.72,
22.62,60.80,Wheat,12.50,649.74,6.05,543.94,35.38,6.19,1.59,84.14,44.00,30.60,25.90,8.50,1.00,0.37,1.00,1.00,4.15,
22.62,60.80,Wheat,12.50,649.74,6.05,543.94,35.38,6.19,1.59,84.14,44.00,30.60,25.90,8.50,1.00,0.71,1.00,1.00,3.36,
22.62,60.80,Wheat,12.50,649.74,6.05,543.94,35.38,6.19,1.59,84.14,44.00,30.60,25.90,8.50,1.00,1.43,1.00,1.00,3.39,
22.62,60.80,Wheat,12.50,649.74,6.05,543.94,35.38,6.19,1.59,84.14,44.00,30.60,25.90,8.50,1.00,0.46,1.00,1.00,3.32,
22.62,60.80,Wheat,12.50,649.74,6.05,543.94,35.38,6.19,1.59,84.14,44.00,30.60,25.90,8.50,1.00,1.00,1.00,1.00,1.05,
22.62,60.80,Wheat,12.50,649.74,6.05,543.94,35.38,6.19,1.59,84.14,44.00,30.60,25.90,8.50,1.00,0.80,1.00,1.00,2.35,
22.62,60.80,Wheat,12.50,649.74,6.05,543.94,35.38,6.19,1.59,84.14,44.00,30.60,25.90,8.50,1.00,0.46,1.00,1.00,3.15,
22.62,60.80,Wheat,12.50,649.74,6.05,543.94,35.38,6.19,1.59,84.14,44.00,30.60,25.90,8.50,1.00,0.00,1.00,1.00,1.86,
11.95,45.35,Wheat,123.62,915.00,13.50,837.26,9.34,7.85,1.30,16.00,34.50,39.00,31.00,0.20,1.00,1.00,1.00,1.00,1.51,
11.95,45.35,Wheat,123.62,915.00,13.50,837.26,9.34,7.85,1.30,16.00,34.50,39.00,31.00,0.20,1.00,1.00,1.00,1.00,0.26,
11.95,45.35,Wheat,123.62,915.00,13.50,837.26,9.34,7.85,1.30,16.00,34.50,39.00,31.00,0.20,1.00,1.00,1.00,1.00,0.56,
11.95,45.35,Wheat,123.62,915.00,13.50,837.26,9.34,7.85,1.30,16.00,34.50,39.00,31.00,0.20,1.00,1.00,1.00,1.00,0.56,
-96.58,39.19,Maize,17.72,875.00,12.70,1204.50,20.60,6.20,1.79,22.00,26.00,46.00,28.00,5.00,0.00,0.00,1.00,1.00,1.05,
-96.58,39.19,Maize,17.72,875.00,12.70,1204.50,20.60,6.20,1.79,22.00,26.00,46.00,28.00,5.00,0.00,1.00,1.00,1.00,2.24,
-96.58,39.19,Maize,17.72,875.00,12.70,1204.50,20.60,6.20,1.79,22.00,26.00,46.00,28.00,5.00,0.00,1.00,1.00,1.00,1.81,
-96.58,39.19,Maize,17.72,875.00,12.70,1204.50,20.60,6.20,1.79,22.00,26.00,46.00,28.00,5.00,0.00,0.00,1.00,1.00,0.91,
-96.58,39.19,Maize,17.72,875.00,12.70,1204.50,20.60,6.20,1.79,22.00,26.00,46.00,28.00,5.00,0.00,1.00,1.00,1.00,1.53,
-96.58,39.19,Maize,17.72,875.00,12.70,1204.50,20.60,6.20,1.79,22.00,26.00,46.00,28.00,5.00,0.00,1.00,1.00,1.00,1.31,
113.33,28.55,Rice,8.80,1330.00,17.50,978.50,16.68,5.10,1.31,7.57,20.04,29.57,50.39,1.15,1.00,1.00,1.00,1.00,0.73,
113.33,28.55,Rice,8.80,1330.00,17.50,978.50,20.16,5.10,1.31,7.57,20.04,29.57,50.39,1.15,1.00,1.00,1.00,1.00,0.61,
113.33,28.55,Rice,8.80,1330.00,17.50,978.50,22.83,5.10,1.31,7.57,20.04,29.57,50.39,1.15,1.00,1.00,1.00,1.00,0.78,
-77.95,40.71,Maize,53.06,874.50,9.00,919.03,18.94,5.84,1.73,13.87,22.57,46.00,31.43,10.75,0.00,1.00,1.00,1.00,0.04,
-77.95,40.71,Maize,53.06,874.50,9.00,919.03,18.94,5.84,1.73,13.87,22.57,46.00,31.43,10.75,0.00,1.00,1.00,1.00,0.11,
-77.95,40.71,Maize,53.06,837.00,9.00,919.03,18.94,5.84,1.73,13.87,22.57,46.00,31.43,10.75,0.00,1.00,1.00,1.00,0.06,
-77.95,40.71,Maize,53.06,837.00,9.00,919.03,18.94,5.84,1.73,13.87,22.57,46.00,31.43,10.75,0.00,1.00,1.00,1.00,0.08,
-77.95,40.71,Maize,53.06,874.50,9.00,919.03,18.94,5.84,1.73,13.87,22.57,46.00,31.43,10.75,0.00,1.00,1.00,1.00,0.27,
-77.95,40.71,Maize,53.06,874.50,9.00,919.03,18.94,5.84,1.73,13.87,22.57,46.00,31.43,10.75,0.00,1.00,1.00,1.00,0.46,
-77.95,40.71,Maize,53.06,912.00,9.00,919.03,18.94,5.84,1.73,13.87,22.57,46.00,31.43,10.75,0.00,1.00,1.00,1.00,0.21,
-77.95,40.71,Maize,53.06,912.00,9.00,919.03,18.94,5.84,1.73,13.87,22.57,46.00,31.43,10.75,0.00,1.00,1.00,1.00,0.34,
-81.14,43.26,Wheat,28.00,876.80,8.17,791.92,31.90,6.19,1.67,21.19,18.55,43.91,37.54,0.25,0.00,1.00,1.00,1.00,1.86,
-81.14,43.26,Wheat,28.00,876.80,8.17,791.92,31.90,6.19,1.67,21.19,18.55,43.91,37.54,0.25,0.00,1.00,1.00,1.00,1.55,
-81.14,43.26,Wheat,28.00,876.80,8.17,791.92,31.90,6.19,1.67,21.19,18.55,43.91,37.54,0.25,0.00,1.00,1.00,1.00,1.91,
-81.14,43.26,Wheat,28.00,937.70,8.17,791.92,31.90,6.19,1.67,21.19,18.55,43.91,37.54,0.25,0.00,1.00,1.00,1.00,4.97,
-81.14,43.26,Wheat,28.00,937.70,8.17,791.92,31.90,6.19,1.67,21.19,18.55,43.91,37.54,0.25,0.00,1.00,1.00,1.00,0.62,
-81.14,43.26,Wheat,28.00,937.70,8.17,791.92,31.90,6.19,1.67,21.19,18.55,43.91,37.54,0.25,0.00,1.00,1.00,1.00,2.54,
10.18,55.92,Wheat,106.38,783.00,9.25,633.82,18.30,6.00,1.69,15.00,14.90,47.80,34.20,0.53,1.00,1.00,1.00,1.00,0.04,
10.18,55.92,Wheat,106.38,783.00,9.25,633.82,18.40,6.00,1.69,15.00,13.40,49.10,34.50,0.53,1.00,1.00,1.00,1.00,0.01,
10.18,55.92,Wheat,106.38,783.00,9.25,633.82,16.80,6.00,1.69,15.00,13.40,47.70,36.00,0.53,1.00,1.00,1.00,1.00,0.02,
10.18,55.92,Wheat,106.38,783.00,9.25,633.82,17.00,6.00,1.69,15.00,14.10,41.30,41.70,0.53,1.00,1.00,1.00,1.00,0.05,
10.18,55.92,Wheat,106.38,823.00,9.25,633.82,18.30,6.00,1.69,15.00,14.90,47.80,34.20,0.53,1.00,1.00,1.00,1.00,0.05,
10.18,55.92,Wheat,106.38,823.00,9.25,633.82,18.40,6.00,1.69,15.00,13.40,49.10,34.50,0.53,1.00,1.00,1.00,1.00,0.01,
10.18,55.92,Wheat,106.38,823.00,9.25,633.82,16.80,6.00,1.69,15.00,13.40,47.70,36.00,0.53,1.00,1.00,1.00,1.00,0.05,
10.18,55.92,Wheat,106.38,823.00,9.25,633.82,17.00,6.00,1.69,15.00,14.10,41.30,41.70,0.53,1.00,1.00,1.00,1.00,0.06,
-49.22,-25.28,Other crops,4.67,1500.00,18.62,940.20,33.90,8.70,0.90,15.50,28.00,37.00,35.00,18.00,0.00,1.00,1.00,1.00,0.19,
-49.22,-25.28,Other crops,4.67,1500.00,18.62,940.20,35.20,5.10,0.90,17.70,50.00,44.00,6.00,12.00,0.00,1.00,1.00,1.00,0.01,
-91.28,33.84,Other crops,34.40,1320.00,17.94,1249.18,18.89,6.80,1.84,18.00,30.00,46.00,24.00,0.50,1.00,1.00,1.00,1.00,0.68,
-91.28,33.84,Maize,34.40,1320.00,17.94,1249.18,18.89,6.80,1.84,18.00,30.00,46.00,24.00,0.50,1.00,1.00,1.00,1.00,0.32,
-91.28,33.84,Other crops,34.40,1320.00,17.94,1249.18,18.89,6.80,1.84,18.00,30.00,46.00,24.00,0.50,1.00,1.00,1.00,1.00,0.19,
-91.28,33.84,Other crops,34.40,1320.00,17.94,1249.18,18.89,7.00,1.84,18.00,30.00,46.00,24.00,2.00,1.00,1.00,1.00,1.00,3.63,
-91.28,33.84,Other crops,34.40,1320.00,17.94,1249.18,18.89,7.00,1.84,18.00,30.00,46.00,24.00,2.00,1.00,1.00,1.00,1.00,1.47,
-91.28,33.84,Other crops,34.40,1320.00,17.94,1249.18,18.89,7.00,1.84,18.00,30.00,46.00,24.00,2.00,1.00,1.00,1.00,1.00,1.16,
-91.28,33.84,Other crops,34.40,1320.00,17.94,1249.18,18.89,7.00,1.84,18.00,30.00,46.00,24.00,2.00,1.00,1.00,1.00,1.00,0.15,
-91.28,33.84,Other crops,34.40,1320.00,17.94,1249.18,18.89,7.00,1.84,18.00,30.00,46.00,24.00,2.00,1.00,1.00,1.00,1.00,2.02,
-91.28,33.84,Other crops,34.40,1320.00,17.94,1249.18,18.89,6.60,1.84,18.00,30.00,46.00,24.00,2.00,1.00,1.00,1.00,1.00,1.63,
-91.28,33.84,Maize,34.40,1320.00,17.94,1249.18,18.89,6.60,1.84,18.00,30.00,46.00,24.00,2.00,1.00,1.00,1.00,1.00,1.17,
-91.28,33.84,Other crops,34.40,1320.00,17.94,1249.18,18.89,6.60,1.84,18.00,30.00,46.00,24.00,2.00,1.00,1.00,1.00,1.00,1.43,
-91.28,33.84,Other crops,34.40,1320.00,17.94,1249.18,18.89,6.60,1.84,18.00,30.00,46.00,24.00,2.00,1.00,1.00,1.00,1.00,0.41,
-91.28,33.84,Other crops,34.40,1320.00,17.94,1249.18,18.89,6.60,1.84,18.00,30.00,46.00,24.00,2.00,1.00,1.00,1.00,1.00,3.30,
-91.28,33.84,Other crops,34.40,1320.00,17.94,1249.18,18.89,6.80,1.84,18.00,30.00,46.00,24.00,2.00,1.00,1.00,1.00,1.00,2.71,
-91.28,33.84,Other crops,34.40,1320.00,17.94,1249.18,18.89,6.80,1.84,18.00,30.00,46.00,24.00,2.00,1.00,1.00,1.00,1.00,1.32,
-91.28,33.84,Other crops,34.40,1320.00,17.94,1249.18,18.89,6.80,1.84,18.00,30.00,46.00,24.00,2.00,1.00,1.00,1.00,1.00,0.13,
-91.28,33.84,Other crops,34.40,1320.00,17.94,1249.18,18.89,6.80,1.84,18.00,30.00,46.00,24.00,2.00,1.00,1.00,1.00,1.00,0.44,
-91.28,33.84,Other crops,34.40,1320.00,17.94,1249.18,18.89,6.80,1.84,18.00,30.00,46.00,24.00,2.00,1.00,1.00,1.00,1.00,2.69,
176.88,-39.85,Other crops,58.62,1400.00,13.05,828.66,49.10,5.80,1.66,13.00,17.00,42.00,41.00,5.32,0.00,1.00,1.00,1.00,0.44,
176.88,-39.85,Other crops,58.62,1400.00,13.05,828.66,61.00,5.80,1.66,13.00,17.00,42.00,41.00,5.32,0.00,1.00,1.00,1.00,1.22,
176.88,-39.85,Other crops,58.62,1400.00,13.05,828.66,58.60,5.40,1.66,13.00,17.00,42.00,41.00,5.32,0.00,1.00,1.00,1.00,0.92,
176.88,-39.85,Other crops,58.62,1400.00,13.05,828.66,57.90,4.80,1.66,13.00,17.00,42.00,41.00,5.32,0.00,1.00,1.00,1.00,0.23,
176.88,-39.85,Other crops,58.62,1400.00,13.05,828.66,86.40,5.70,1.66,13.00,17.00,42.00,41.00,5.32,0.00,1.00,1.00,1.00,7.88,
176.88,-39.85,Other crops,58.62,1400.00,13.05,828.66,73.90,5.30,1.66,13.00,17.00,42.00,41.00,5.32,0.00,1.00,1.00,1.00,4.74,
77.92,29.84,Maize,3.40,1310.00,22.50,1340.00,8.95,7.90,1.73,13.00,52.50,33.50,11.50,5.00,0.00,1.00,1.00,1.00,8.84,
77.92,29.84,Other crops,3.40,1310.00,22.50,1340.00,8.95,7.90,1.73,13.00,52.50,33.50,11.50,5.00,0.00,1.00,1.00,1.00,4.20,
77.92,29.84,Other crops,3.40,1310.00,22.50,1340.00,8.95,7.90,1.73,13.00,52.50,33.50,11.50,3.00,0.00,1.00,1.00,1.00,9.70,
77.92,29.84,Maize,3.40,1310.00,22.50,1340.00,8.95,7.90,1.73,13.00,52.50,33.50,11.50,3.00,0.00,1.00,1.00,1.00,7.27,
77.92,29.84,Other crops,3.40,1310.00,22.50,1340.00,8.95,7.90,1.73,13.00,52.50,33.50,11.50,3.00,0.00,1.00,1.00,1.00,2.48,
77.92,29.84,Other crops,3.40,1310.00,22.50,1340.00,8.95,7.90,1.73,13.00,52.50,33.50,11.50,1.00,0.00,1.00,1.00,1.00,1.90,
-90.02,35.82,Other crops,47.67,1338.33,16.59,1222.07,16.91,6.09,1.75,15.39,23.21,43.91,32.88,0.05,0.00,1.00,1.00,1.00,0.06,
-90.02,35.82,Other crops,47.67,1338.33,16.59,1222.07,16.91,6.09,1.75,15.39,23.21,43.91,32.88,0.05,0.00,1.00,1.00,1.00,0.15,
-90.02,35.82,Other crops,47.67,1338.33,16.59,1222.07,16.91,6.09,1.75,15.39,23.21,43.91,32.88,0.12,0.00,1.00,1.00,1.00,0.02,
-90.02,35.82,Other crops,47.67,1338.33,16.59,1222.07,16.91,6.09,1.75,15.39,23.21,43.91,32.88,0.12,0.00,1.00,1.00,1.00,0.01,
-94.57,46.29,Maize,32.42,550.00,7.75,863.80,13.34,6.52,1.66,14.75,17.31,40.22,42.47,9.50,0.00,1.00,1.00,1.00,1.11,
-94.57,46.29,Maize,32.42,550.00,7.75,863.80,12.76,6.52,1.66,14.75,17.31,40.22,42.47,9.50,0.00,1.00,1.00,1.00,0.43,
-94.57,46.29,Maize,32.42,550.00,7.75,863.80,17.40,6.52,1.66,14.75,17.31,40.22,42.47,9.50,0.00,1.00,1.00,1.00,1.30,
-96.37,30.62,Other crops,19.50,1059.71,20.93,1405.50,17.43,6.50,1.84,18.00,30.00,33.00,37.00,8.50,0.00,1.00,1.00,1.00,7.00,
-96.37,30.62,Other crops,19.50,1059.71,20.93,1405.50,17.43,6.50,1.84,18.00,30.00,33.00,37.00,8.50,0.00,1.00,1.00,1.00,10.87,
-96.37,30.62,Other crops,19.50,1059.71,20.93,1405.50,17.43,6.50,1.84,18.00,30.00,33.00,37.00,8.50,0.00,1.00,1.00,1.00,7.48,
-82.73,42.22,Other crops,57.76,830.00,8.90,910.11,22.70,6.20,1.82,35.00,37.00,35.00,28.00,0.09,1.00,1.00,1.00,1.00,0.73,
-82.73,42.22,Other crops,57.76,830.00,8.90,910.11,22.70,6.20,1.82,35.00,37.00,35.00,28.00,0.09,1.00,1.00,1.00,1.00,1.18,
-82.73,42.22,Other crops,57.76,830.00,8.90,910.11,22.70,6.20,1.82,35.00,37.00,35.00,28.00,0.09,1.00,1.00,1.00,1.00,1.14,
-82.73,42.22,Other crops,57.76,830.00,8.90,910.11,22.70,6.20,1.82,35.00,37.00,35.00,28.00,0.09,1.00,1.00,1.00,1.00,1.62,
-76.93,39.25,Maize,38.18,1227.26,13.82,1131.05,15.66,5.90,1.73,16.09,22.00,52.00,26.00,6.00,0.00,1.00,1.00,1.00,0.16,
-76.93,39.25,Other crops,38.18,1227.26,13.82,1131.05,15.66,5.90,1.73,16.09,22.00,52.00,26.00,7.00,0.00,1.00,1.00,1.00,0.02,
-76.93,39.25,Maize,38.18,1227.26,13.82,1131.05,15.66,5.90,1.73,16.09,22.00,52.00,26.00,6.00,0.00,1.00,1.00,1.00,0.10,
-76.93,39.25,Maize,38.18,1227.26,13.82,1131.05,15.66,5.90,1.73,16.09,22.00,52.00,26.00,6.00,0.00,1.00,1.00,1.00,0.16,
-89.94,34.51,Other crops,12.38,1490.76,17.21,1220.21,14.98,5.87,1.67,12.76,17.37,41.27,41.37,0.38,0.00,1.00,1.00,1.00,1.21,
-89.94,34.51,Other crops,12.38,1490.76,17.21,1220.21,14.98,5.87,1.67,12.76,17.37,41.27,41.37,0.38,0.00,1.00,1.00,1.00,3.80,
-89.94,34.51,Other crops,12.38,1490.76,17.21,1220.21,14.98,5.87,1.67,12.76,17.37,41.27,41.37,0.38,0.00,1.00,1.00,1.00,0.80,
-89.94,34.51,Other crops,12.38,1490.76,17.21,1220.21,14.98,5.87,1.67,12.76,17.37,41.27,41.37,0.38,0.00,1.00,1.00,1.00,2.02,
-89.94,34.51,Other crops,12.38,1490.76,17.21,1220.21,14.98,5.87,1.67,12.76,17.37,41.27,41.37,0.38,0.00,1.00,1.00,1.00,0.33,
-89.94,34.51,Other crops,12.38,1490.76,17.21,1220.21,14.98,5.87,1.67,12.76,17.37,41.27,41.37,0.38,0.00,1.00,1.00,1.00,1.19,
-89.94,34.51,Other crops,12.38,1490.76,17.21,1220.21,14.98,5.87,1.67,12.76,17.37,41.27,41.37,0.38,0.00,1.00,1.00,1.00,0.31,
-90.10,44.76,Maize,47.10,831.00,6.90,802.90,15.99,6.00,1.69,15.00,19.00,50.00,31.00,2.00,1.00,1.00,1.00,1.00,0.14,
-90.10,44.76,Maize,47.10,831.00,6.90,802.90,15.99,6.00,1.69,15.00,19.00,50.00,31.00,2.00,1.00,1.00,1.00,1.00,0.11,
-90.10,44.76,Maize,47.10,831.00,6.90,802.90,15.99,6.00,1.69,15.00,19.00,50.00,31.00,2.00,1.00,1.00,1.00,1.00,0.09,
-90.10,44.76,Maize,47.10,831.00,6.90,802.90,15.99,6.00,1.69,15.00,19.00,50.00,31.00,2.00,1.00,1.00,1.00,1.00,0.09,
-98.37,49.33,Other crops,16.12,550.00,3.00,770.32,19.72,6.60,1.74,24.50,27.00,46.99,30.51,5.00,0.00,1.00,1.00,1.00,0.30,
-98.37,49.33,Other crops,16.12,550.00,3.00,770.32,19.72,6.60,1.74,24.50,27.00,46.99,30.51,5.00,0.00,1.00,1.00,1.00,0.29,
-98.37,49.33,Other crops,16.12,550.00,3.00,770.32,26.10,6.60,1.74,24.50,27.00,46.99,30.51,5.00,0.00,1.00,1.00,1.00,0.67,
-98.37,49.33,Other crops,16.12,550.00,3.00,770.32,26.10,6.60,1.74,24.50,27.00,46.99,30.51,5.00,0.00,1.00,1.00,1.00,0.35,
-100.61,49.99,Wheat,14.74,393.00,2.63,739.39,32.28,6.60,1.75,26.00,23.00,44.00,33.00,0.24,0.00,1.00,1.00,1.00,0.06,
-100.61,49.99,Wheat,14.74,422.00,2.63,739.39,32.28,6.60,1.75,26.00,23.00,44.00,33.00,0.24,0.00,1.00,1.00,1.00,0.06,
-100.61,49.99,Other crops,14.74,289.00,2.63,739.39,32.28,6.60,1.75,26.00,23.00,44.00,33.00,0.24,0.00,1.00,1.00,1.00,0.14,
-100.61,49.99,Other crops,14.74,289.00,2.63,739.39,32.28,6.60,1.75,26.00,23.00,44.00,33.00,0.24,0.00,1.00,1.00,1.00,0.05,
-100.61,49.99,Wheat,14.74,461.00,2.63,739.39,32.28,6.60,1.75,26.00,23.00,44.00,33.00,0.24,0.00,1.00,1.00,1.00,0.09,
-100.61,49.99,Wheat,14.74,517.00,2.63,739.39,32.28,6.60,1.75,26.00,23.00,44.00,33.00,0.24,0.00,1.00,1.00,1.00,0.12,
-100.61,49.99,Wheat,14.74,444.00,2.63,739.39,32.28,6.60,1.75,26.00,23.00,44.00,33.00,0.24,0.00,1.00,1.00,1.00,0.48,
-100.61,49.99,Wheat,14.74,441.00,2.63,739.39,32.28,6.60,1.75,26.00,23.00,44.00,33.00,0.24,0.00,1.00,1.00,1.00,0.52,
-100.61,49.99,Wheat,14.74,486.00,2.63,739.39,32.28,6.60,1.75,26.00,23.00,44.00,33.00,0.24,0.00,1.00,1.00,1.00,0.97,
-100.61,49.99,Wheat,14.74,466.00,2.63,739.39,32.28,6.60,1.75,26.00,23.00,44.00,33.00,0.24,0.00,1.00,1.00,1.00,1.09,
-99.36,49.88,Wheat,13.03,451.00,3.09,751.42,32.28,6.60,1.75,26.00,23.00,44.00,33.00,0.09,0.00,1.00,1.00,1.00,0.22,
-99.36,49.88,Wheat,13.03,423.00,3.09,751.42,32.28,6.60,1.75,26.00,23.00,44.00,33.00,0.09,0.00,1.00,1.00,1.00,0.09,
-99.36,49.88,Wheat,13.03,472.00,3.09,751.42,32.28,6.60,1.75,26.00,23.00,44.00,33.00,0.09,0.00,1.00,1.00,1.00,0.29,
-93.04,44.86,Other crops,34.35,848.43,7.76,903.93,32.28,6.60,1.75,26.00,23.00,44.00,33.00,0.84,0.00,1.00,1.00,1.00,0.44,
-93.04,44.86,Other crops,34.35,848.43,7.76,903.93,32.28,6.60,1.75,26.00,23.00,44.00,33.00,0.84,0.00,1.00,1.00,1.00,0.40,
-93.04,44.86,Other crops,34.35,510.00,7.76,903.93,32.28,6.60,1.75,26.00,23.00,44.00,33.00,0.84,0.00,1.00,1.00,1.00,0.38,
-93.04,44.86,Other crops,34.35,510.00,7.76,903.93,32.28,6.60,1.75,26.00,23.00,44.00,33.00,0.84,0.00,1.00,1.00,1.00,0.57,
-93.04,44.86,Other crops,34.35,848.43,7.76,903.93,32.28,6.60,1.75,26.00,23.00,44.00,33.00,0.84,0.00,1.00,1.00,1.00,0.27,
-93.04,44.86,Other crops,34.35,510.00,7.76,903.93,32.28,6.60,1.75,26.00,23.00,44.00,33.00,0.84,0.00,1.00,1.00,1.00,0.26,
-93.04,44.86,Other crops,34.35,407.00,7.76,903.93,32.28,6.60,1.75,26.00,23.00,44.00,33.00,0.84,0.00,1.00,1.00,1.00,0.21,
-93.04,44.86,Other crops,34.35,848.43,7.76,903.93,32.28,6.60,1.75,26.00,23.00,44.00,33.00,0.84,0.00,1.00,1.00,1.00,0.25,
-93.04,44.86,Wheat,34.35,407.00,7.76,903.93,32.28,6.60,1.75,26.00,23.00,44.00,33.00,0.84,0.00,1.00,1.00,1.00,0.19,
-93.04,44.86,Other crops,34.35,412.00,7.76,903.93,32.28,6.60,1.75,26.00,23.00,44.00,33.00,0.84,0.00,1.00,1.00,1.00,0.29,
-93.04,44.86,Other crops,34.35,848.43,7.76,903.93,32.28,6.60,1.75,26.00,23.00,44.00,33.00,0.84,0.00,1.00,1.00,1.00,0.34,
-93.04,44.86,Other crops,34.35,848.43,7.76,903.93,32.28,6.60,1.75,26.00,23.00,44.00,33.00,0.84,0.00,1.00,1.00,1.00,0.44,
-93.04,44.86,Other crops,34.35,412.00,7.76,903.93,32.28,6.60,1.75,26.00,23.00,44.00,33.00,0.84,0.00,1.00,1.00,1.00,0.10,
-93.04,44.86,Other crops,34.35,444.00,7.76,903.93,32.28,6.60,1.75,26.00,23.00,44.00,33.00,0.84,0.00,1.00,1.00,1.00,0.29,
-93.04,44.86,Other crops,34.35,436.00,7.76,903.93,32.28,6.60,1.75,26.00,23.00,44.00,33.00,0.84,0.00,1.00,1.00,1.00,0.30,
-93.04,44.86,Other crops,34.35,451.00,7.76,903.93,32.28,6.60,1.75,26.00,23.00,44.00,33.00,0.84,0.00,1.00,1.00,1.00,0.28,
-93.04,44.86,Other crops,34.35,447.00,7.76,903.93,32.28,6.60,1.75,26.00,23.00,44.00,33.00,0.84,0.00,1.00,1.00,1.00,0.52,
-93.04,44.86,Other crops,34.35,449.00,7.76,903.93,32.28,6.60,1.75,26.00,23.00,44.00,33.00,0.84,0.00,1.00,1.00,1.00,0.67,
-93.04,44.86,Other crops,34.35,445.00,7.76,903.93,32.28,6.60,1.75,26.00,23.00,44.00,33.00,0.84,0.00,1.00,1.00,1.00,0.35,
-93.04,44.86,Wheat,34.35,467.00,7.76,903.93,32.28,6.60,1.75,26.00,23.00,44.00,33.00,0.84,0.00,1.00,1.00,1.00,1.19,
-93.04,44.86,Wheat,34.35,422.00,7.76,903.93,32.28,6.60,1.75,26.00,23.00,44.00,33.00,0.84,0.00,1.00,1.00,1.00,2.13,
-93.04,44.86,Wheat,34.35,512.00,7.76,903.93,32.28,6.60,1.75,26.00,23.00,44.00,33.00,0.84,0.00,1.00,1.00,1.00,0.26,
-93.04,44.86,Wheat,34.35,446.00,7.76,903.93,32.28,6.60,1.75,26.00,23.00,44.00,33.00,0.84,0.00,1.00,1.00,1.00,0.32,
-93.04,44.86,Wheat,34.35,475.00,7.76,903.93,32.28,6.60,1.75,26.00,23.00,44.00,33.00,0.84,0.00,1.00,1.00,1.00,0.36,
-82.87,42.16,Maize,59.83,757.00,10.34,913.06,65.69,6.70,1.82,35.00,28.00,41.00,31.00,0.07,0.00,1.00,1.00,1.00,0.74,
-81.48,43.70,Wheat,35.24,1075.00,7.94,742.56,19.21,6.00,1.61,16.00,15.00,45.00,40.00,0.48,0.00,1.00,1.00,1.00,0.58,
-81.38,43.08,Wheat,31.51,1006.00,8.59,807.40,19.21,6.00,1.61,16.00,15.00,45.00,40.00,0.24,0.00,1.00,1.00,1.00,0.37,
117.15,31.93,Wheat,10.50,1000.00,15.50,1057.92,9.90,6.60,1.31,20.80,40.30,36.28,39.31,0.43,0.00,1.00,1.00,1.00,0.04,
117.15,31.93,Wheat,10.50,1000.00,15.50,1057.92,9.90,6.60,1.31,20.80,40.30,36.28,39.31,0.43,0.00,1.00,1.00,1.00,0.03,
117.15,31.93,Wheat,10.50,1000.00,15.50,1057.92,9.90,6.60,1.31,20.80,40.30,36.28,39.31,0.43,0.00,1.00,1.00,1.00,0.04,
117.15,31.93,Wheat,10.50,1000.00,15.50,1057.92,9.90,6.60,1.31,20.80,40.30,36.28,39.31,0.43,0.00,1.00,1.00,1.00,0.03,
117.15,31.93,Other crops,10.50,1000.00,15.50,1057.92,9.90,6.60,1.31,20.80,40.30,36.28,39.31,0.43,0.00,1.00,1.00,1.00,0.02,
117.15,31.93,Other crops,10.50,1000.00,15.50,1057.92,9.90,6.60,1.31,20.80,40.30,36.28,39.31,0.43,0.00,1.00,1.00,1.00,0.01,
117.15,31.93,Other crops,10.50,1000.00,15.50,1057.92,9.90,6.60,1.31,20.80,40.30,36.28,39.31,0.43,0.00,1.00,1.00,1.00,0.01,
117.15,31.93,Other crops,10.50,1000.00,15.50,1057.92,9.90,6.60,1.31,20.80,40.30,36.28,39.31,0.43,0.00,1.00,1.00,1.00,0.01,
117.15,31.93,Wheat,10.50,1000.00,15.50,1057.92,9.90,6.60,1.31,20.80,40.30,36.28,39.31,0.43,0.00,1.00,1.00,1.00,0.08,
117.15,31.93,Wheat,10.50,1000.00,15.50,1057.92,9.90,6.60,1.31,20.80,40.30,36.28,39.31,0.43,0.00,1.00,1.00,1.00,0.06,
117.15,31.93,Wheat,10.50,1000.00,15.50,1057.92,9.90,6.60,1.31,20.80,40.30,36.28,39.31,0.43,0.00,1.00,1.00,1.00,0.06,
117.15,31.93,Wheat,10.50,1000.00,15.50,1057.92,9.90,6.60,1.31,20.80,40.30,36.28,39.31,0.43,0.00,1.00,1.00,1.00,0.06,
117.15,31.93,Other crops,10.50,1000.00,15.50,1057.92,9.90,6.60,1.31,20.80,40.30,36.28,39.31,0.43,0.00,1.00,1.00,1.00,0.02,
117.15,31.93,Other crops,10.50,1000.00,15.50,1057.92,9.90,6.60,1.31,20.80,40.30,36.28,39.31,0.43,0.00,1.00,1.00,1.00,0.01,
117.15,31.93,Other crops,10.50,1000.00,15.50,1057.92,9.90,6.60,1.31,20.80,40.30,36.28,39.31,0.43,0.00,1.00,1.00,1.00,0.01,
117.15,31.93,Other crops,10.50,1000.00,15.50,1057.92,9.90,6.60,1.31,20.80,40.30,36.28,39.31,0.43,0.00,1.00,1.00,1.00,0.01,
-89.38,43.30,Maize,22.96,962.11,8.20,862.20,26.10,7.20,1.69,15.00,11.00,64.00,24.00,7.70,0.00,1.00,1.00,1.00,0.31,
-89.38,43.30,Maize,22.96,962.11,8.20,862.20,19.14,7.60,1.69,15.00,16.00,55.00,29.00,7.70,0.00,1.00,1.00,1.00,0.26,
-89.38,43.30,Maize,22.96,962.11,8.20,862.20,17.98,7.10,1.69,15.00,18.00,65.00,27.00,7.70,0.00,1.00,1.00,1.00,0.64,
-53.25,-29.49,Other crops,76.00,1550.00,20.06,1181.27,6.67,5.20,1.98,10.03,11.90,35.90,48.20,2.00,0.00,1.00,1.00,1.00,8.98,
105.47,31.27,Wheat,19.81,1070.00,17.00,820.74,4.20,7.54,1.77,15.77,24.23,33.14,42.64,7.00,0.00,0.00,1.00,1.00,1.06,
105.47,31.27,Wheat,19.81,1070.00,17.00,820.74,6.40,7.54,1.77,15.77,24.23,33.14,42.64,7.00,0.00,0.96,1.00,1.00,1.30,
105.47,31.27,Wheat,19.81,1070.00,17.00,820.74,8.60,7.54,1.77,15.77,24.23,33.14,42.64,7.00,0.00,1.33,1.00,1.00,0.75,
105.47,31.27,Wheat,19.81,1070.00,17.00,820.74,9.90,7.54,1.77,15.77,24.23,33.14,42.64,7.00,0.00,1.00,1.00,1.00,0.46,
105.47,31.27,Maize,19.81,1070.00,17.00,820.74,4.20,7.54,1.77,15.77,24.23,33.14,42.64,7.00,0.00,0.00,1.00,1.00,1.06,
105.47,31.27,Maize,19.81,1070.00,17.00,820.74,6.40,7.54,1.77,15.77,24.23,33.14,42.64,7.00,0.00,0.96,1.00,1.00,1.30,
105.47,31.27,Maize,19.81,1070.00,17.00,820.74,8.60,7.54,1.77,15.77,24.23,33.14,42.64,7.00,0.00,1.23,1.00,1.00,0.75,
105.47,31.27,Maize,19.81,1070.00,17.00,820.74,9.90,7.54,1.77,15.77,24.23,33.14,42.64,7.00,0.00,0.98,1.00,1.00,0.46,
84.89,27.77,Maize,7.50,1202.00,20.00,1074.05,22.00,5.20,1.71,18.00,38.40,26.20,35.40,10.00,0.00,1.00,1.00,1.00,0.14,
84.89,27.77,Maize,7.50,1202.00,20.00,1074.05,22.00,5.20,1.71,18.00,38.40,26.20,35.40,10.00,0.00,1.00,1.00,1.00,0.11,
84.89,27.77,Maize,7.50,1202.00,20.00,1074.05,22.00,5.20,1.71,18.00,38.40,26.20,35.40,10.00,0.00,1.00,1.00,1.00,0.16,
-89.38,43.34,Maize,26.12,958.86,8.18,861.38,15.71,6.13,1.69,15.00,18.74,47.77,33.49,0.49,0.00,0.00,1.00,1.00,0.48,
-89.38,43.34,Maize,26.12,958.86,8.18,861.38,15.71,6.13,1.69,15.00,18.74,47.77,33.49,0.49,0.00,0.00,1.00,1.00,0.41,
-89.38,43.34,Maize,26.12,958.86,8.18,861.38,15.71,6.13,1.69,15.00,18.74,47.77,33.49,0.49,0.00,0.00,1.00,1.00,0.32,
-89.38,43.34,Maize,26.12,958.86,8.18,861.38,15.71,6.13,1.69,15.00,18.74,47.77,33.49,0.49,0.00,1.00,1.00,1.00,0.14,
-89.38,43.34,Maize,26.12,958.86,8.18,861.38,15.71,6.13,1.69,15.00,18.74,47.77,33.49,0.49,0.00,1.00,1.00,1.00,0.22,
-89.38,43.34,Maize,26.12,958.86,8.18,861.38,15.71,6.13,1.69,15.00,18.74,47.77,33.49,0.49,0.00,1.00,1.00,1.00,0.03,
-78.83,35.66,Other crops,32.78,1279.82,16.38,1179.80,13.28,5.20,1.70,6.00,19.00,28.00,53.00,5.00,0.00,1.00,1.00,1.00,0.17,
-78.83,35.66,Other crops,32.78,1279.82,16.38,1179.80,13.28,5.20,1.70,6.00,19.00,28.00,53.00,5.00,0.00,1.00,1.00,1.00,1.83,
-78.83,35.66,Wheat,32.78,1279.82,16.38,1179.80,13.28,5.20,1.70,6.00,19.00,28.00,53.00,5.00,0.00,1.00,1.00,1.00,2.15,
-78.83,35.66,Maize,32.78,1279.82,16.38,1179.80,13.28,5.20,1.70,6.00,19.00,28.00,53.00,5.00,0.00,1.00,1.00,1.00,0.57,
-78.83,35.66,Maize,32.78,1279.82,16.38,1179.80,13.28,5.20,1.70,6.00,19.00,28.00,53.00,5.00,0.00,1.00,1.00,1.00,2.17,
-73.48,44.88,Other crops,48.01,800.00,7.51,831.68,38.33,5.48,1.54,18.98,13.83,46.02,40.14,5.00,1.00,1.00,1.00,1.00,0.23,
-73.48,44.88,Other crops,48.01,800.00,7.51,831.68,38.33,5.48,1.54,18.98,13.83,46.02,40.14,5.00,1.00,1.00,1.00,1.00,0.23,
-89.35,43.28,Maize,20.12,963.40,8.22,862.51,15.99,6.00,1.69,15.00,19.00,50.00,31.00,5.80,0.00,0.00,1.00,1.00,0.12,
-89.35,43.28,Maize,20.12,963.40,8.22,862.51,15.99,6.00,1.69,15.00,19.00,50.00,31.00,5.80,0.00,0.00,1.00,1.00,0.28,
-89.35,43.28,Maize,20.12,963.40,8.22,862.51,15.99,6.00,1.69,15.00,19.00,50.00,31.00,5.80,0.00,1.14,1.00,1.00,0.19,
-89.35,43.28,Maize,20.12,963.40,8.22,862.51,15.99,6.00,1.69,15.00,19.00,50.00,31.00,5.80,0.00,1.00,1.00,1.00,1.24,
-89.35,43.28,Maize,20.12,963.40,8.22,862.51,15.99,6.00,1.69,15.00,19.00,50.00,31.00,5.80,0.00,1.00,1.00,1.00,0.53,
-89.35,43.28,Maize,20.12,963.40,8.22,862.51,15.99,6.00,1.69,15.00,19.00,50.00,31.00,5.80,0.00,1.22,1.00,1.00,1.45,
-89.35,43.28,Maize,20.12,963.40,8.22,862.51,15.99,6.00,1.69,15.00,19.00,50.00,31.00,5.80,0.00,0.00,1.00,1.00,0.06,
-89.35,43.28,Maize,20.12,963.40,8.22,862.51,15.99,6.00,1.69,15.00,19.00,50.00,31.00,5.80,0.00,0.00,1.00,1.00,0.17,
-89.35,43.28,Maize,20.12,963.40,8.22,862.51,15.99,6.00,1.69,15.00,19.00,50.00,31.00,5.80,0.00,1.14,1.00,1.00,0.25,
-89.35,43.28,Maize,20.12,963.40,8.22,862.51,15.99,6.00,1.69,15.00,19.00,50.00,31.00,5.80,0.00,1.00,1.00,1.00,1.06,
-89.35,43.28,Maize,20.12,963.40,8.22,862.51,15.99,6.00,1.69,15.00,19.00,50.00,31.00,5.80,0.00,1.00,1.00,1.00,0.20,
-89.35,43.28,Maize,20.12,963.40,8.22,862.51,15.99,6.00,1.69,15.00,19.00,50.00,31.00,5.80,0.00,1.22,1.00,1.00,0.71,
-121.75,49.27,Other crops,10.76,1632.32,7.08,680.49,11.40,4.64,1.48,21.44,11.10,54.90,34.00,4.00,0.00,1.00,1.00,1.00,11.00,
-121.75,49.27,Other crops,10.76,1632.32,7.08,680.49,11.40,4.64,1.48,21.44,11.10,54.90,34.00,4.00,0.00,1.00,1.00,1.00,16.30,
-91.28,33.84,Other crops,34.40,1415.16,17.94,1249.18,18.89,6.30,1.84,18.00,30.00,46.00,24.00,0.10,0.00,1.00,1.00,1.00,0.68,
-91.28,33.84,Maize,34.40,1415.16,17.94,1249.18,18.89,6.30,1.84,18.00,30.00,46.00,24.00,0.10,0.00,1.00,1.00,1.00,0.31,
-91.28,33.84,Other crops,34.40,1415.16,17.94,1249.18,18.89,6.30,1.84,18.00,30.00,46.00,24.00,0.10,0.00,1.00,1.00,1.00,0.19,
-91.28,33.84,Other crops,34.40,1415.16,17.94,1249.18,18.89,6.30,1.84,18.00,30.00,46.00,24.00,0.10,0.00,1.00,1.00,1.00,3.62,
-91.28,33.84,Other crops,34.40,1415.16,17.94,1249.18,18.89,6.30,1.84,18.00,30.00,46.00,24.00,0.10,0.00,1.00,1.00,1.00,1.47,
-91.28,33.84,Other crops,34.40,1415.16,17.94,1249.18,18.89,6.30,1.84,18.00,30.00,46.00,24.00,0.10,0.00,1.00,1.00,1.00,1.15,
-91.28,33.84,Other crops,34.40,1415.16,17.94,1249.18,18.89,6.30,1.84,18.00,30.00,46.00,24.00,0.10,0.00,1.00,1.00,1.00,0.15,
-91.28,33.84,Other crops,34.40,1415.16,17.94,1249.18,18.89,6.30,1.84,18.00,30.00,46.00,24.00,0.10,0.00,1.00,1.00,1.00,2.02,
-91.28,33.84,Other crops,34.40,1415.16,17.94,1249.18,18.89,6.30,1.84,18.00,30.00,46.00,24.00,0.10,0.00,1.00,1.00,1.00,1.62,
-91.28,33.84,Maize,34.40,1415.16,17.94,1249.18,18.89,6.30,1.84,18.00,30.00,46.00,24.00,0.10,0.00,1.00,1.00,1.00,1.16,
-91.28,33.84,Other crops,34.40,1415.16,17.94,1249.18,18.89,6.30,1.84,18.00,30.00,46.00,24.00,0.10,0.00,1.00,1.00,1.00,1.42,
-91.28,33.84,Other crops,34.40,1415.16,17.94,1249.18,18.89,6.30,1.84,18.00,30.00,46.00,24.00,0.10,0.00,1.00,1.00,1.00,0.40,
-91.28,33.84,Other crops,34.40,1415.16,17.94,1249.18,18.89,6.30,1.84,18.00,30.00,46.00,24.00,0.10,0.00,1.00,1.00,1.00,3.29,
-91.28,33.84,Other crops,34.40,1415.16,17.94,1249.18,18.89,6.30,1.84,18.00,30.00,46.00,24.00,0.10,0.00,1.00,1.00,1.00,2.70,
-91.28,33.84,Other crops,34.40,1415.16,17.94,1249.18,18.89,6.30,1.84,18.00,30.00,46.00,24.00,0.10,0.00,1.00,1.00,1.00,1.31,
-91.28,33.84,Other crops,34.40,1415.16,17.94,1249.18,18.89,6.30,1.84,18.00,30.00,46.00,24.00,0.10,0.00,1.00,1.00,1.00,0.13,
-91.28,33.84,Other crops,34.40,1415.16,17.94,1249.18,18.89,6.30,1.84,18.00,30.00,46.00,24.00,0.10,0.00,1.00,1.00,1.00,0.44,
-91.28,33.84,Other crops,34.40,1415.16,17.94,1249.18,18.89,6.30,1.84,18.00,30.00,46.00,24.00,0.10,0.00,1.00,1.00,1.00,2.68,
-87.43,51.53,Other crops,12.00,722.41,-0.57,535.48,72.17,4.70,1.31,25.00,6.00,40.00,54.00,0.28,0.00,1.00,1.00,1.00,0.18,
-87.43,51.53,Other crops,15.00,722.41,-0.57,535.48,72.17,4.70,1.31,25.00,6.00,40.00,54.00,0.28,0.00,1.00,1.00,1.00,0.28,
-87.43,51.53,Wheat,11.30,722.41,-0.57,535.48,21.40,7.50,1.31,25.00,37.00,35.00,28.00,0.28,0.00,1.00,1.00,1.00,0.90,
-87.43,51.53,Wheat,11.30,722.41,-0.57,535.48,21.40,7.50,1.31,25.00,37.00,35.00,28.00,0.28,0.00,1.00,1.00,1.00,0.41,
-87.43,51.53,Wheat,11.30,722.41,-0.57,535.48,21.40,7.50,1.31,25.00,37.00,35.00,28.00,0.28,0.00,1.00,1.00,1.00,0.64,
-87.43,51.53,Wheat,11.30,722.41,-0.57,535.48,21.40,7.50,1.31,25.00,37.00,35.00,28.00,0.28,0.00,1.00,1.00,1.00,0.67,
-87.43,51.53,Wheat,11.30,722.41,-0.57,535.48,21.40,7.50,1.31,25.00,37.00,35.00,28.00,0.28,0.00,1.00,1.00,1.00,1.27,
-87.43,51.53,Wheat,11.30,722.41,-0.57,535.48,21.40,7.50,1.31,25.00,37.00,35.00,28.00,0.28,0.00,1.00,1.00,1.00,0.48,
-87.43,51.53,Wheat,11.30,722.41,-0.57,535.48,21.40,7.50,1.31,25.00,37.00,35.00,28.00,0.28,0.00,1.00,1.00,1.00,0.76,
-87.43,51.53,Wheat,11.30,722.41,-0.57,535.48,21.40,7.50,1.31,25.00,37.00,35.00,28.00,0.28,0.00,1.00,1.00,1.00,0.57,
-87.43,51.53,Wheat,11.30,722.41,-0.57,535.48,21.40,7.50,1.31,25.00,37.00,35.00,28.00,0.28,0.00,1.00,1.00,1.00,1.38,
-87.43,51.53,Wheat,11.30,722.41,-0.57,535.48,21.40,7.50,1.31,25.00,37.00,35.00,28.00,0.28,0.00,1.00,1.00,1.00,0.50,
-87.43,51.53,Wheat,11.30,722.41,-0.57,535.48,21.40,7.50,1.31,25.00,37.00,35.00,28.00,0.28,0.00,1.00,1.00,1.00,0.85,
-87.43,51.53,Wheat,11.30,722.41,-0.57,535.48,21.40,7.50,1.31,25.00,37.00,35.00,28.00,0.28,0.00,1.00,1.00,1.00,0.65,
-87.43,51.53,Wheat,11.30,722.41,-0.57,535.48,21.40,7.50,1.31,25.00,37.00,35.00,28.00,0.28,0.00,1.00,1.00,1.00,0.51,
-87.43,51.53,Wheat,11.30,722.41,-0.57,535.48,21.40,7.50,1.31,25.00,37.00,35.00,28.00,0.28,0.00,1.00,1.00,1.00,0.45,
-87.43,51.53,Wheat,11.30,722.41,-0.57,535.48,21.40,7.50,1.31,25.00,37.00,35.00,28.00,0.28,0.00,1.00,1.00,1.00,0.46,
-87.43,51.53,Wheat,11.30,722.41,-0.57,535.48,21.40,7.50,1.31,25.00,37.00,35.00,28.00,0.28,0.00,1.00,1.00,1.00,0.37,
-118.25,34.06,Other crops,11.24,296.62,17.79,1274.97,8.21,7.46,1.70,14.17,18.51,27.25,54.24,1.83,0.00,1.00,1.00,1.00,5.68,
-118.25,34.06,Other crops,11.24,296.62,17.79,1274.97,8.21,7.46,1.70,14.17,18.51,27.25,54.24,1.83,0.00,1.00,1.00,1.00,3.51,
-118.25,34.06,Other crops,11.24,296.62,17.79,1274.97,8.21,7.46,1.70,14.17,18.51,27.25,54.24,1.83,0.00,1.00,1.00,1.00,3.99,
95.27,28.58,Other crops,5.10,2400.00,15.32,972.22,13.10,5.30,1.42,13.56,19.62,42.61,37.77,20.31,0.00,1.00,1.00,1.00,0.65,
95.27,28.58,Other crops,5.10,2400.00,15.32,972.22,13.10,5.30,1.42,13.56,19.62,42.61,37.77,20.31,0.00,1.00,1.00,1.00,0.64,
95.27,28.58,Other crops,5.10,2400.00,15.32,972.22,13.10,5.30,1.42,13.56,19.62,42.61,37.77,20.31,0.00,1.00,1.00,1.00,0.60,
-3.63,36.80,Other crops,14.60,442.00,15.73,1325.38,5.45,7.78,1.66,14.42,8.10,23.50,68.40,9.70,0.00,1.00,1.00,1.00,1.58,
-3.63,36.80,Other crops,14.60,442.00,15.73,1325.38,5.45,7.78,1.66,14.42,8.10,23.50,68.40,9.70,0.00,1.00,1.00,1.00,1.24,
-3.63,36.80,Other crops,14.60,442.00,15.73,1325.38,5.45,7.78,1.66,14.42,8.10,23.50,68.40,9.70,0.00,1.00,1.00,1.00,0.59,
-3.49,36.90,Other crops,21.44,540.00,15.11,1302.15,6.86,7.98,1.68,15.18,16.00,32.00,52.00,11.18,0.00,1.00,1.00,1.00,0.70,
-3.49,36.90,Other crops,21.44,540.00,15.11,1302.15,6.86,7.98,1.68,15.18,16.00,32.00,52.00,11.18,0.00,1.00,1.00,1.00,0.70,
-3.49,36.90,Other crops,21.44,540.00,15.11,1302.15,6.86,7.98,1.68,15.18,16.00,32.00,52.00,11.18,0.00,1.00,1.00,1.00,0.40,
-3.49,36.90,Other crops,21.44,540.00,15.11,1302.15,6.86,7.98,1.68,15.18,16.00,32.00,52.00,11.18,0.00,1.00,1.00,1.00,0.20,
-90.05,44.79,Maize,43.46,975.77,6.61,800.86,15.99,6.10,1.69,15.00,19.00,50.00,31.00,0.80,0.00,1.00,1.00,1.00,4.84,
-90.05,44.79,Maize,43.46,975.77,6.61,800.86,15.99,6.10,1.69,15.00,19.00,50.00,31.00,0.80,0.00,1.00,1.00,1.00,3.91,
-90.05,44.79,Maize,43.46,975.77,6.61,800.86,15.99,6.10,1.69,15.00,19.00,50.00,31.00,0.80,0.00,1.00,1.00,1.00,1.90,
-90.05,44.79,Maize,43.46,975.77,6.61,800.86,15.99,6.10,1.69,15.00,19.00,50.00,31.00,0.80,0.00,1.00,1.00,1.00,5.66,
-82.75,42.21,Maize,56.99,973.37,10.27,910.49,65.69,6.70,1.27,35.00,25.40,26.40,48.20,0.09,0.00,1.00,1.00,1.00,0.70,
-82.75,42.21,Maize,56.99,973.37,10.27,910.49,65.69,6.70,1.27,35.00,25.40,26.40,48.20,0.09,0.00,1.00,1.00,1.00,0.50,
-82.75,42.21,Maize,56.99,973.37,10.27,910.49,65.69,6.70,1.27,35.00,25.40,26.40,48.20,0.09,0.00,1.00,1.00,1.00,0.42,
2.17,41.39,Other crops,77.82,550.00,15.00,1150.10,11.48,7.27,1.77,15.43,25.06,37.31,37.63,2.56,0.00,1.00,1.00,1.00,0.22,
2.17,41.39,Other crops,77.82,550.00,15.00,1150.10,11.48,7.27,1.77,15.43,25.06,37.31,37.63,2.56,0.00,1.00,1.00,1.00,0.03,
2.17,41.39,Other crops,77.82,550.00,15.00,1150.10,11.48,7.27,1.77,15.43,25.06,37.31,37.63,2.56,0.00,1.00,1.00,1.00,0.66,
2.17,41.39,Other crops,77.82,550.00,15.00,1150.10,11.48,7.27,1.77,15.43,25.06,37.31,37.63,2.56,0.00,1.00,1.00,1.00,0.02,
2.17,41.39,Other crops,77.82,550.00,15.00,1150.10,11.48,7.27,1.77,15.43,25.06,37.31,37.63,2.56,0.00,1.00,1.00,1.00,0.10,
175.61,-40.40,Other crops,7.00,1230.08,12.47,746.99,14.36,6.00,1.69,15.51,19.25,46.09,34.66,1.02,0.00,1.00,1.00,1.00,0.04,
175.61,-40.40,Other crops,7.00,1230.08,12.47,746.99,14.36,6.00,1.69,15.51,19.25,46.09,34.66,1.02,0.00,1.00,1.00,1.00,0.17,
175.61,-40.40,Other crops,7.00,1230.08,12.47,746.99,14.36,6.00,1.69,15.51,19.25,46.09,34.66,1.02,0.00,1.00,1.00,1.00,0.07,
175.61,-40.40,Other crops,7.00,1230.08,12.47,746.99,14.36,6.00,1.69,15.51,19.25,46.09,34.66,1.02,0.00,1.00,1.00,1.00,0.09,
175.61,-40.40,Other crops,7.00,1230.08,12.47,746.99,14.36,6.00,1.69,15.51,19.25,46.09,34.66,1.02,0.00,1.00,1.00,1.00,0.09,
175.61,-40.40,Other crops,7.00,1230.08,12.47,746.99,14.36,6.00,1.69,15.51,19.25,46.09,34.66,1.02,0.00,1.00,1.00,1.00,0.08,
-86.49,38.86,Maize,39.40,1352.43,12.92,1030.14,14.50,5.67,1.75,10.11,18.30,74.40,4.80,10.30,0.00,1.00,1.00,1.00,0.02,
-86.49,38.86,Maize,39.40,1352.43,12.92,1030.14,14.50,5.67,1.75,10.11,18.30,74.40,4.80,10.30,0.00,1.00,1.00,1.00,0.07,
-86.49,38.86,Maize,39.40,1352.43,12.92,1030.14,14.50,5.67,1.75,10.11,18.30,74.40,4.80,10.30,0.00,1.00,1.00,1.00,0.05,
30.03,31.24,Maize,15.92,143.59,21.43,1539.48,6.92,8.30,1.75,16.33,23.01,35.99,41.00,0.36,0.00,1.00,1.00,1.00,0.02,
30.03,31.24,Wheat,15.92,143.59,21.43,1539.48,6.92,8.30,1.75,16.33,23.01,35.99,41.00,0.36,0.00,1.00,1.00,1.00,0.06,
30.03,31.24,Wheat,15.92,143.59,21.43,1539.48,6.92,8.30,1.75,16.33,23.01,35.99,41.00,0.36,0.00,1.00,1.00,1.00,0.03,
-1.81,41.41,Other crops,34.44,550.00,15.80,1189.49,2.73,7.78,1.66,13.99,8.10,42.80,49.10,9.00,0.00,1.00,1.00,1.00,0.22,
-1.81,41.41,Other crops,34.44,550.00,15.80,1189.49,3.42,7.78,1.66,13.99,14.10,40.10,45.80,2.02,0.00,1.00,1.00,1.00,0.10,
-1.81,41.41,Other crops,34.44,550.00,15.80,1189.49,1.80,7.78,1.66,13.99,6.20,43.70,50.10,9.00,0.00,1.00,1.00,1.00,0.33,
-1.81,41.41,Other crops,34.44,550.00,15.80,1189.49,2.73,7.78,1.66,13.99,8.10,42.80,49.10,9.00,0.00,1.00,1.00,1.00,0.06,
-1.81,41.41,Other crops,34.44,550.00,15.80,1189.49,3.42,7.78,1.66,13.99,14.10,40.10,45.80,2.02,0.00,1.00,1.00,1.00,0.01,
-1.81,41.41,Other crops,34.44,550.00,15.80,1189.49,1.80,7.78,1.66,13.99,6.20,43.70,50.10,9.00,0.00,1.00,1.00,1.00,0.65,
-93.65,42.03,Maize,22.94,934.50,10.01,1009.66,20.60,6.20,1.79,22.00,26.00,46.00,28.00,0.33,0.00,2.00,1.00,1.00,1.40,
-93.65,42.03,Maize,22.94,934.50,10.01,1009.66,20.60,6.20,1.79,22.00,26.00,46.00,28.00,0.33,0.00,2.00,1.00,1.00,1.00,
-93.65,42.03,Maize,22.94,934.50,10.01,1009.66,20.60,6.20,1.79,22.00,26.00,46.00,28.00,0.33,0.00,1.00,1.00,1.00,0.80,
-93.65,42.03,Maize,22.94,934.50,10.01,1009.66,20.60,6.20,1.79,22.00,26.00,46.00,28.00,0.33,0.00,1.00,1.00,1.00,0.90,
-93.65,42.03,Maize,22.94,934.50,10.01,1009.66,20.60,6.20,1.79,22.00,26.00,46.00,28.00,0.33,0.00,0.00,1.00,1.00,0.70,
-93.65,42.03,Other crops,22.94,934.50,10.01,1009.66,20.60,6.20,1.79,22.00,26.00,46.00,28.00,0.33,0.00,2.00,1.00,1.00,1.40,
-93.65,42.03,Other crops,22.94,934.50,10.01,1009.66,20.60,6.20,1.79,22.00,26.00,46.00,28.00,0.33,0.00,2.00,1.00,1.00,1.00,
-93.65,42.03,Other crops,22.94,934.50,10.01,1009.66,20.60,6.20,1.79,22.00,26.00,46.00,28.00,0.33,0.00,1.00,1.00,1.00,0.80,
-93.65,42.03,Other crops,22.94,934.50,10.01,1009.66,20.60,6.20,1.79,22.00,26.00,46.00,28.00,0.33,0.00,1.00,1.00,1.00,0.90,
-93.65,42.03,Other crops,22.94,934.50,10.01,1009.66,20.60,6.20,1.79,22.00,26.00,46.00,28.00,0.33,0.00,0.00,1.00,1.00,0.70,
11.58,59.89,Other crops,27.13,780.00,5.20,574.34,32.19,6.40,1.31,25.00,6.00,40.00,54.00,1.81,0.00,1.00,1.00,1.00,0.66,
11.58,59.89,Wheat,27.13,780.00,5.20,574.34,32.19,6.40,1.31,25.00,6.00,40.00,54.00,1.81,0.00,1.00,1.00,1.00,2.17,
11.58,59.89,Other crops,27.13,780.00,5.20,574.34,32.19,6.40,1.31,25.00,6.00,40.00,54.00,1.81,0.00,1.00,1.00,1.00,0.20,
11.58,59.89,Other crops,27.13,780.00,5.20,574.34,32.19,6.40,1.31,25.00,6.00,40.00,54.00,1.81,0.00,1.00,1.00,1.00,0.22,
11.58,59.89,Wheat,27.13,780.00,5.20,574.34,32.19,6.40,1.31,25.00,6.00,40.00,54.00,1.81,0.00,1.00,1.00,1.00,2.31,
11.58,59.89,Other crops,27.13,780.00,5.20,574.34,32.19,6.40,1.31,25.00,6.00,40.00,54.00,1.81,0.00,1.00,1.00,1.00,0.44,
11.58,59.89,Other crops,27.13,780.00,5.20,574.34,32.19,6.40,1.31,25.00,6.00,40.00,54.00,1.81,0.00,1.00,1.00,1.00,0.19,
11.58,59.89,Wheat,27.13,780.00,5.20,574.34,32.19,6.40,1.31,25.00,6.00,40.00,54.00,1.81,0.00,1.00,1.00,1.00,0.20,
11.58,59.89,Other crops,27.13,780.00,5.20,574.34,32.19,6.40,1.31,25.00,6.00,40.00,54.00,1.81,0.00,1.00,1.00,1.00,0.21,
11.58,59.89,Other crops,27.13,780.00,5.20,574.34,32.19,6.40,1.31,25.00,6.00,40.00,54.00,1.81,0.00,1.00,1.00,1.00,0.36,
11.58,59.89,Wheat,27.13,780.00,5.20,574.34,32.19,6.40,1.31,25.00,6.00,40.00,54.00,1.81,0.00,1.00,1.00,1.00,0.55,
11.58,59.89,Other crops,27.13,780.00,5.20,574.34,32.19,6.40,1.31,25.00,6.00,40.00,54.00,1.81,0.00,1.00,1.00,1.00,0.16,
11.58,59.89,Other crops,27.13,780.00,5.20,574.34,32.19,6.40,1.31,25.00,6.00,40.00,54.00,1.81,0.00,1.00,1.00,1.00,0.09,
11.58,59.89,Wheat,27.13,780.00,5.20,574.34,32.19,6.40,1.31,25.00,6.00,40.00,54.00,1.81,0.00,1.00,1.00,1.00,0.11,
11.58,59.89,Other crops,27.13,780.00,5.20,574.34,32.19,6.40,1.31,25.00,6.00,40.00,54.00,1.81,0.00,1.00,1.00,1.00,0.08,
-86.11,50.71,Maize,12.71,981.00,6.50,526.32,87.13,4.72,1.33,27.88,6.64,40.04,53.32,0.34,0.00,1.00,1.00,1.00,0.04,
-86.11,50.71,Maize,12.71,981.00,6.50,526.32,87.13,4.72,1.33,27.88,6.64,40.04,53.32,0.34,0.00,1.00,1.00,1.00,0.04,
-81.80,40.37,Maize,39.62,1155.24,11.35,967.85,47.08,5.10,1.51,18.00,11.00,46.00,43.00,1.16,0.00,1.00,1.00,1.00,0.46,
-81.80,40.37,Maize,39.62,1155.24,11.35,967.85,47.08,5.10,1.51,18.00,11.00,46.00,43.00,1.16,0.00,1.00,1.00,1.00,0.83,
-81.80,40.37,Maize,39.62,1155.24,11.35,967.85,47.08,5.10,1.51,18.00,11.00,46.00,43.00,1.16,0.00,1.00,1.00,1.00,3.68,
-81.80,40.37,Maize,39.62,1155.24,11.35,967.85,47.08,5.10,1.51,18.00,11.00,46.00,43.00,1.16,0.00,1.00,1.00,1.00,5.79,
-81.80,40.37,Maize,39.62,1155.24,11.35,967.85,47.08,5.10,1.51,18.00,11.00,46.00,43.00,1.16,0.00,1.00,1.00,1.00,1.43,
-81.80,40.37,Maize,39.62,1155.24,11.35,967.85,47.08,5.10,1.51,18.00,11.00,46.00,43.00,1.16,0.00,1.00,1.00,1.00,3.61,
-81.80,40.37,Maize,39.62,1155.24,11.35,967.85,47.08,5.10,1.51,18.00,11.00,46.00,43.00,1.16,0.00,1.00,1.00,1.00,2.76,
-81.80,40.37,Maize,39.62,1155.24,11.35,967.85,47.08,5.10,1.51,18.00,11.00,46.00,43.00,1.16,0.00,1.00,1.00,1.00,0.50,
-81.80,40.37,Maize,39.62,1155.24,11.35,967.85,47.08,5.10,1.51,18.00,11.00,46.00,43.00,1.16,0.00,1.00,1.00,1.00,0.82,
-81.80,40.37,Maize,39.62,1155.24,11.35,967.85,47.08,5.10,1.51,18.00,11.00,46.00,43.00,1.16,0.00,1.00,1.00,1.00,0.86,
-93.78,42.02,Maize,23.13,930.71,10.04,1012.02,20.60,6.20,1.79,22.00,26.00,46.00,28.00,0.37,0.00,1.00,1.00,1.00,0.16,
-93.78,42.02,Maize,23.13,930.71,10.04,1012.02,20.60,6.20,1.79,22.00,26.00,46.00,28.00,0.37,0.00,1.00,1.00,1.00,0.21,
-93.78,42.02,Maize,23.13,930.71,10.04,1012.02,20.60,6.20,1.79,22.00,26.00,46.00,28.00,0.37,0.00,1.00,1.00,1.00,0.18,
-96.58,39.20,Wheat,17.59,875.00,12.70,1203.31,20.60,6.20,1.79,22.00,26.00,46.00,28.00,0.55,0.00,1.00,1.00,1.00,1.05,
-96.58,39.20,Wheat,17.59,875.00,12.70,1203.31,20.60,6.20,1.79,22.00,26.00,46.00,28.00,0.55,0.00,1.00,1.00,1.00,2.24,
-96.58,39.20,Wheat,17.59,875.00,12.70,1203.31,20.60,6.20,1.79,22.00,26.00,46.00,28.00,0.55,0.00,1.00,1.00,1.00,1.81,
-96.58,39.20,Wheat,17.59,875.00,12.70,1203.31,20.60,6.20,1.79,22.00,26.00,46.00,28.00,0.55,0.00,1.00,1.00,1.00,0.91,
-96.58,39.20,Wheat,17.59,875.00,12.70,1203.31,20.60,6.20,1.79,22.00,26.00,46.00,28.00,0.55,0.00,1.00,1.00,1.00,1.53,
-96.58,39.20,Wheat,17.59,875.00,12.70,1203.31,20.60,6.20,1.79,22.00,26.00,46.00,28.00,0.55,0.00,1.00,1.00,1.00,1.30,
-50.15,-25.01,Wheat,6.67,1530.55,18.76,968.32,14.28,5.10,1.90,8.02,36.17,20.44,43.39,1.98,0.00,1.00,1.00,1.00,0.42,
-50.15,-25.01,Wheat,6.67,1530.55,18.76,968.32,14.28,5.10,1.90,8.02,36.17,20.44,43.39,1.98,0.00,1.00,1.00,1.00,0.34,
-50.15,-25.01,Wheat,6.67,1530.55,18.76,968.32,14.28,5.10,1.90,8.02,36.17,20.44,43.39,1.98,0.00,1.00,1.00,1.00,0.32,
-50.15,-25.01,Wheat,6.67,1530.55,18.76,968.32,14.28,5.10,1.90,8.02,36.17,20.44,43.39,1.98,0.00,1.00,1.00,1.00,0.33,
-50.15,-25.01,Wheat,6.67,1530.55,18.76,968.32,14.28,5.40,1.90,8.02,36.17,20.44,43.39,1.98,0.00,1.00,1.00,1.00,0.40,
-50.15,-25.01,Wheat,6.67,1530.55,18.76,968.32,14.28,5.40,1.90,8.02,36.17,20.44,43.39,1.98,0.00,1.00,1.00,1.00,0.22,
-50.15,-25.01,Wheat,6.67,1530.55,18.76,968.32,14.28,5.40,1.90,8.02,36.17,20.44,43.39,1.98,0.00,1.00,1.00,1.00,0.17,
-50.15,-25.01,Wheat,6.67,1530.55,18.76,968.32,14.28,5.40,1.90,8.02,36.17,20.44,43.39,1.98,0.00,1.00,1.00,1.00,0.20,
-54.06,-24.55,Wheat,3.75,1782.85,21.87,1194.06,16.47,5.52,1.29,9.82,46.51,18.02,35.46,1.86,0.00,1.00,1.00,1.00,2.28,
-54.06,-24.55,Wheat,3.75,1782.85,21.87,1194.06,16.47,5.52,1.29,9.82,46.51,18.02,35.46,1.86,0.00,1.00,1.00,1.00,1.32,
-82.29,40.34,Maize,56.79,1122.05,11.09,943.15,17.37,5.96,1.68,15.13,18.65,49.82,31.53,0.94,0.00,1.00,1.00,1.00,0.50,
-82.29,40.34,Other crops,56.79,1122.05,11.09,943.15,17.37,5.96,1.68,15.13,18.65,49.82,31.53,0.94,0.00,1.00,1.00,1.00,0.70,
-82.29,40.34,Other crops,56.79,1122.05,11.09,943.15,17.37,5.96,1.68,15.13,18.65,49.82,31.53,0.94,0.00,1.00,1.00,1.00,0.90,
-82.29,40.34,Other crops,56.79,1122.05,11.09,943.15,17.37,5.96,1.68,15.13,18.65,49.82,31.53,0.94,0.00,1.00,1.00,1.00,0.40,
-73.94,45.43,Other crops,43.14,1060.00,7.04,602.00,25.73,6.20,1.59,18.00,14.00,46.00,40.00,1.50,0.00,1.00,1.00,1.00,0.81,
-73.94,45.43,Other crops,43.14,1060.00,7.04,602.00,25.73,6.20,1.59,18.00,14.00,46.00,40.00,1.50,0.00,1.00,1.00,1.00,0.77,
-73.94,45.43,Other crops,43.14,1060.00,7.04,602.00,25.73,6.20,1.59,18.00,14.00,46.00,40.00,0.80,0.00,1.00,1.00,1.00,0.27,
-73.94,45.43,Other crops,43.14,1060.00,7.04,602.00,25.73,6.20,1.59,18.00,14.00,46.00,40.00,0.80,0.00,1.00,1.00,1.00,1.95,
-80.41,37.23,Other crops,41.14,1216.42,12.28,989.86,15.32,5.20,1.70,7.86,19.16,29.24,51.60,9.20,0.00,1.00,1.00,1.00,0.03,
-80.41,37.23,Other crops,41.14,1216.42,12.28,989.86,15.32,5.20,1.70,7.86,19.16,29.24,51.60,9.00,0.00,1.00,1.00,1.00,0.04,
-80.41,37.23,Other crops,41.14,1216.42,12.28,989.86,15.32,5.20,1.70,7.86,19.16,29.24,51.60,14.10,0.00,1.00,1.00,1.00,0.06,
-80.41,37.23,Other crops,41.14,1216.42,12.28,989.86,15.32,5.20,1.70,7.86,19.16,29.24,51.60,15.10,0.00,1.00,1.00,1.00,0.28,
-80.41,37.23,Other crops,41.14,1216.42,12.28,989.86,15.32,5.20,1.70,7.86,19.16,29.24,51.60,14.00,0.00,1.00,1.00,1.00,0.01,
-103.81,41.94,Maize,37.80,445.96,9.15,1229.62,10.44,7.19,1.71,18.00,3.00,26.00,71.00,0.82,0.00,1.00,1.00,1.00,0.04,
-103.81,41.94,Maize,10.30,445.96,9.15,1229.62,10.44,7.07,1.71,18.00,3.00,26.00,71.00,0.82,0.00,1.00,1.00,1.00,0.02,
-82.29,40.34,Other crops,56.79,1122.05,11.09,943.15,17.37,5.96,1.68,15.13,18.65,49.82,31.53,0.94,0.00,1.00,1.00,1.00,0.05,
-82.29,40.34,Other crops,56.79,1122.05,11.09,943.15,17.37,5.96,1.68,15.13,18.65,49.82,31.53,0.94,0.00,1.00,1.00,1.00,0.06,
-82.29,40.34,Other crops,56.79,1122.05,11.09,943.15,17.37,5.96,1.68,15.13,18.65,49.82,31.53,0.94,0.00,1.00,1.00,1.00,0.02,
-82.29,40.34,Other crops,56.79,1122.05,11.09,943.15,17.37,5.96,1.68,15.13,18.65,49.82,31.53,0.94,0.00,1.00,1.00,1.00,0.18,
-82.29,40.34,Other crops,56.79,1122.05,11.09,943.15,17.37,5.96,1.68,15.13,18.65,49.82,31.53,0.94,0.00,1.00,1.00,1.00,0.50,
-82.29,40.34,Other crops,56.79,1122.05,11.09,943.15,17.37,5.96,1.68,15.13,18.65,49.82,31.53,0.94,0.00,1.00,1.00,1.00,0.22,
-90.37,42.70,Maize,39.14,1006.90,8.95,917.32,20.12,6.15,1.77,20.33,25.09,55.33,19.58,0.69,0.00,1.00,1.00,1.00,3.06,
-90.37,42.70,Maize,39.14,1006.90,8.95,917.32,20.12,6.15,1.77,20.33,25.09,55.33,19.58,0.69,0.00,1.00,1.00,1.00,5.78,
-90.37,42.70,Other crops,39.14,1006.90,8.95,917.32,20.12,6.15,1.77,20.33,25.09,55.33,19.58,0.69,0.00,1.00,1.00,1.00,1.27,
-90.37,42.70,Other crops,39.14,1006.90,8.95,917.32,20.12,6.15,1.77,20.33,25.09,55.33,19.58,0.69,0.00,1.00,1.00,1.00,4.43,
-90.37,42.70,Other crops,39.14,1006.90,8.95,917.32,20.12,6.15,1.77,20.33,25.09,55.33,19.58,0.69,0.00,1.00,1.00,1.00,3.32,
-83.59,31.44,Other crops,13.01,1270.62,19.84,1306.64,9.39,5.20,1.74,6.00,21.00,27.00,52.00,3.00,0.00,1.00,1.00,1.00,0.74,
-83.59,31.44,Other crops,13.01,1270.62,19.84,1306.64,9.39,5.20,1.74,6.00,21.00,27.00,52.00,2.30,0.00,1.00,1.00,1.00,0.93,
-83.59,31.44,Other crops,13.01,1270.62,19.84,1306.64,9.39,5.20,1.74,6.00,21.00,27.00,52.00,2.70,0.00,1.00,1.00,1.00,0.13,
-83.59,31.44,Other crops,13.01,1270.62,19.84,1306.64,9.39,5.20,1.74,6.00,21.00,27.00,52.00,2.50,0.00,1.00,1.00,1.00,0.10,
-83.59,31.44,Other crops,13.01,1270.62,19.84,1306.64,9.39,5.20,1.74,6.00,21.00,27.00,52.00,2.60,0.00,1.00,1.00,1.00,0.51,
-83.59,31.44,Other crops,13.01,1270.62,19.84,1306.64,9.39,5.20,1.74,6.00,21.00,27.00,52.00,2.60,0.00,1.00,1.00,1.00,0.48,
-89.44,34.82,Maize,11.68,1504.11,16.72,1190.70,12.09,5.20,1.81,7.00,26.00,24.00,50.00,0.69,0.00,2.88,1.00,1.00,0.10,
-89.44,34.82,Maize,11.68,1504.11,16.72,1190.70,12.09,5.20,1.81,7.00,26.00,24.00,50.00,0.69,0.00,1.00,1.00,1.00,0.30,
-89.44,34.82,Maize,11.68,1504.11,16.72,1190.70,12.09,5.20,1.81,7.00,26.00,24.00,50.00,0.69,0.00,0.00,1.00,1.00,0.50,
-89.44,34.82,Maize,11.68,1504.11,16.72,1190.70,12.09,5.20,1.81,7.00,26.00,24.00,50.00,0.69,0.00,1.88,1.00,1.00,0.70,
-89.44,34.82,Maize,11.68,1504.11,16.72,1190.70,12.09,5.20,1.81,7.00,26.00,24.00,50.00,0.69,0.00,0.88,1.00,1.00,1.10,
-89.44,34.82,Maize,11.68,1504.11,16.72,1190.70,12.09,5.20,1.81,7.00,26.00,24.00,50.00,0.69,0.00,1.00,1.00,1.00,0.93,
-89.44,34.82,Maize,11.68,1504.11,16.72,1190.70,12.09,5.20,1.81,7.00,26.00,24.00,50.00,0.69,0.00,1.00,1.00,1.00,0.03,
-89.44,34.82,Maize,11.68,1504.11,16.72,1190.70,12.09,5.20,1.81,7.00,26.00,24.00,50.00,0.69,0.00,1.00,1.00,1.00,0.28,
-89.44,34.82,Maize,11.68,1504.11,16.72,1190.70,12.09,5.20,1.81,7.00,26.00,24.00,50.00,0.69,0.00,1.00,1.00,1.00,0.98,
-89.44,34.82,Other crops,11.68,1504.11,16.72,1190.70,12.09,5.20,1.81,7.00,26.00,24.00,50.00,0.69,0.00,1.00,1.00,1.00,0.14,
-89.44,34.82,Other crops,11.68,1504.11,16.72,1190.70,12.09,5.20,1.81,7.00,26.00,24.00,50.00,0.69,0.00,1.00,1.00,1.00,0.07,
-89.44,34.82,Other crops,11.68,1504.11,16.72,1190.70,12.09,5.20,1.81,7.00,26.00,24.00,50.00,0.69,0.00,1.00,1.00,1.00,0.15,
-89.44,34.82,Other crops,11.68,1504.11,16.72,1190.70,12.09,5.20,1.81,7.00,26.00,24.00,50.00,0.69,0.00,1.00,1.00,1.00,0.22,
-89.44,34.82,Other crops,11.68,1504.11,16.72,1190.70,12.09,5.20,1.81,7.00,26.00,24.00,50.00,0.69,0.00,1.00,1.00,1.00,0.13,
-89.44,34.82,Other crops,11.68,1504.11,16.72,1190.70,12.09,5.20,1.81,7.00,26.00,24.00,50.00,0.69,0.00,1.00,1.00,1.00,0.05,
-97.59,38.65,Other crops,21.11,818.75,14.00,1335.84,20.60,6.20,1.79,22.00,26.00,46.00,28.00,0.29,0.00,1.00,1.00,1.00,0.12,
-97.59,38.65,Other crops,21.11,818.75,14.00,1335.84,20.60,6.20,1.79,22.00,26.00,46.00,28.00,0.29,0.00,1.00,1.00,1.00,0.06,
-97.59,38.65,Wheat,21.11,818.75,14.00,1335.84,20.60,6.20,1.79,22.00,26.00,46.00,28.00,0.29,0.00,1.00,1.00,1.00,0.04,
-97.59,38.65,Other crops,21.11,818.75,14.00,1335.84,20.60,6.20,1.79,22.00,26.00,46.00,28.00,0.29,0.00,1.00,1.00,1.00,0.05,
-97.59,38.65,Wheat,21.11,818.75,14.00,1335.84,20.60,6.20,1.79,22.00,26.00,46.00,28.00,0.29,0.00,1.00,1.00,1.00,0.14,
-97.59,38.65,Wheat,21.11,818.75,14.00,1335.84,20.60,6.20,1.79,22.00,26.00,46.00,28.00,0.29,0.00,1.00,1.00,1.00,1.11,
-97.59,38.65,Other crops,21.11,818.75,14.00,1335.84,20.60,6.20,1.79,22.00,26.00,46.00,28.00,0.29,0.00,1.00,1.00,1.00,0.38,
-97.59,38.65,Wheat,21.11,818.75,14.00,1335.84,20.60,6.20,1.79,22.00,26.00,46.00,28.00,0.29,0.00,1.00,1.00,1.00,0.72,
-83.52,31.46,Other crops,8.48,1262.59,19.85,1307.65,9.39,5.20,1.69,6.00,7.30,7.40,85.30,0.35,0.00,1.00,1.00,1.00,0.06,
-83.52,31.46,Maize,8.48,1262.59,19.85,1307.65,9.39,5.20,1.69,6.00,7.30,7.40,85.30,0.35,0.00,1.00,1.00,1.00,0.04,
-83.52,31.46,Other crops,8.48,1262.59,19.85,1307.65,9.39,5.20,1.69,6.00,7.30,7.40,85.30,0.35,0.00,1.00,1.00,1.00,0.02,
-83.52,31.46,Other crops,8.48,1262.59,19.85,1307.65,9.39,5.20,1.69,6.00,7.30,7.40,85.30,0.35,0.00,1.00,1.00,1.00,0.04,
-83.52,31.46,Other crops,8.48,1262.59,19.85,1307.65,9.39,5.20,1.69,6.00,7.30,7.40,85.30,0.35,0.00,1.00,1.00,1.00,0.02,
-83.52,31.46,Maize,8.48,1262.59,19.85,1307.65,9.39,5.20,1.69,6.00,7.30,7.40,85.30,0.35,0.00,1.00,1.00,1.00,0.02,
-83.52,31.46,Other crops,8.48,1262.59,19.85,1307.65,9.39,5.20,1.74,6.00,21.00,27.00,52.00,0.35,0.00,1.00,1.00,1.00,0.04,
-1.86,51.08,Wheat,11.00,871.02,10.75,635.15,27.40,8.00,1.81,22.54,27.00,56.00,17.00,7.00,0.00,1.00,1.00,1.00,0.03,
-1.86,51.08,Wheat,11.00,871.02,10.75,635.15,27.40,8.00,1.81,22.54,27.00,56.00,17.00,7.00,0.00,1.00,1.00,1.00,0.01,
-1.86,51.08,Wheat,9.00,871.02,10.75,635.15,27.40,8.20,1.81,22.54,30.00,54.00,16.00,9.00,0.00,1.00,1.00,1.00,0.08,
-1.86,51.08,Wheat,9.00,871.02,10.75,635.15,27.40,8.20,1.81,22.54,30.00,54.00,16.00,9.00,0.00,1.00,1.00,1.00,0.07,
-1.86,51.08,Wheat,9.00,871.02,10.75,635.15,27.40,8.20,1.81,22.54,30.00,54.00,16.00,9.00,0.00,1.00,1.00,1.00,0.10,
-1.86,51.08,Wheat,9.00,871.02,10.75,635.15,27.40,8.20,1.81,22.54,30.00,54.00,16.00,9.00,0.00,1.00,1.00,1.00,0.58,
-1.77,51.34,Wheat,33.00,829.42,10.64,640.52,21.13,7.40,1.77,18.40,13.00,20.00,67.00,5.00,0.00,1.00,1.00,1.00,0.39,
-1.77,51.34,Wheat,33.00,829.42,10.64,640.52,21.13,7.40,1.77,18.40,13.00,20.00,67.00,5.00,0.00,1.00,1.00,1.00,0.11,
-1.77,51.34,Other crops,32.00,829.42,10.64,640.52,21.13,7.10,1.77,18.40,14.00,19.00,67.00,5.00,0.00,1.00,1.00,1.00,0.07,
-1.77,51.34,Other crops,32.00,829.42,10.64,640.52,21.13,7.10,1.77,18.40,14.00,19.00,67.00,5.00,0.00,1.00,1.00,1.00,0.07,
-1.77,51.34,Other crops,32.00,829.42,10.64,640.52,21.13,7.10,1.77,18.40,14.00,19.00,67.00,5.00,0.00,1.00,1.00,1.00,0.55,
-1.77,51.34,Other crops,32.00,829.42,10.64,640.52,21.13,7.10,1.77,18.40,14.00,19.00,67.00,5.00,0.00,1.00,1.00,1.00,0.18,
-2.17,51.07,Wheat,46.00,929.29,10.66,614.57,22.70,6.90,1.79,19.58,38.00,56.00,6.00,1.00,0.00,1.00,1.00,1.00,0.07,
-2.17,51.07,Wheat,46.00,929.29,10.66,614.57,22.70,6.90,1.79,19.58,38.00,56.00,6.00,1.00,0.00,1.00,1.00,1.00,0.11,
-2.17,51.07,Wheat,46.00,929.29,10.66,614.57,22.70,6.90,1.79,19.58,38.00,56.00,6.00,1.00,0.00,1.00,1.00,1.00,0.15,
-2.17,51.07,Wheat,46.00,929.29,10.66,614.57,22.70,6.90,1.79,19.58,38.00,56.00,6.00,1.00,0.00,1.00,1.00,1.00,0.03,
-99.17,31.18,Wheat,5.07,657.88,19.43,1642.86,17.06,6.60,1.76,19.00,23.00,40.00,37.00,0.70,0.00,1.00,1.00,1.00,0.09,
-99.17,31.18,Wheat,5.07,657.88,19.43,1642.86,17.06,6.60,1.76,19.00,23.00,40.00,37.00,0.70,0.00,1.00,1.00,1.00,0.17,
-99.17,31.18,Wheat,5.07,657.88,19.43,1642.86,17.06,6.60,1.76,19.00,23.00,40.00,37.00,0.70,0.00,1.00,1.00,1.00,0.07,
-99.17,31.18,Wheat,5.07,657.88,19.43,1642.86,17.06,6.60,1.76,19.00,23.00,40.00,37.00,0.70,0.00,1.00,1.00,1.00,0.08,
-99.17,31.18,Wheat,5.07,657.88,19.43,1642.86,17.06,6.60,1.76,19.00,23.00,40.00,37.00,0.70,0.00,1.00,1.00,1.00,0.04,
-99.17,31.18,Wheat,5.07,657.88,19.43,1642.86,17.06,6.60,1.76,19.00,23.00,40.00,37.00,0.70,0.00,1.00,1.00,1.00,0.09,
-99.17,31.18,Wheat,5.07,657.88,19.43,1642.86,17.06,6.60,1.76,19.00,23.00,40.00,37.00,0.70,0.00,1.00,1.00,1.00,0.08,
-2.64,52.12,Other crops,24.00,855.60,10.26,580.03,27.00,7.00,1.67,13.39,30.00,66.00,4.00,5.00,0.00,1.00,1.00,1.00,0.10,
-2.64,52.12,Other crops,19.00,855.60,10.26,580.03,27.00,7.00,1.67,13.39,30.00,66.00,4.00,5.00,0.00,1.00,1.00,1.00,0.17,
-2.64,52.12,Other crops,125.00,855.60,10.26,580.03,27.00,6.90,1.67,13.39,30.00,66.00,4.00,5.00,0.00,1.00,1.00,1.00,0.15,
-2.64,52.12,Other crops,146.00,855.60,10.26,580.03,27.00,6.90,1.67,13.39,30.00,66.00,4.00,5.00,0.00,1.00,1.00,1.00,0.24,
-2.64,52.12,Other crops,194.00,855.60,10.26,580.03,27.00,6.60,1.67,13.39,30.00,66.00,4.00,5.00,0.00,1.00,1.00,1.00,0.37,
-2.64,52.12,Other crops,112.00,855.60,10.26,580.03,27.00,6.80,1.67,13.39,30.00,66.00,4.00,5.00,0.00,1.00,1.00,1.00,0.26,
-2.64,52.12,Other crops,49.00,855.60,10.26,580.03,27.00,6.80,1.67,13.39,30.00,66.00,4.00,5.00,0.00,1.00,1.00,1.00,0.06,
-2.64,52.12,Other crops,41.00,855.60,10.26,580.03,27.00,6.90,1.67,13.39,30.00,66.00,4.00,5.00,0.00,1.00,1.00,1.00,0.13,
-2.64,52.12,Other crops,171.00,855.60,10.26,580.03,27.00,6.60,1.67,13.39,30.00,66.00,4.00,5.00,0.00,1.00,1.00,1.00,0.18,
-2.64,52.12,Other crops,88.00,855.60,10.26,580.03,27.00,6.90,1.67,13.39,30.00,66.00,4.00,5.00,0.00,1.00,1.00,1.00,0.22,
-2.64,52.12,Other crops,149.00,855.60,10.26,580.03,27.00,6.60,1.67,13.39,30.00,66.00,4.00,5.00,0.00,1.00,1.00,1.00,0.33,
-2.64,52.12,Other crops,29.00,855.60,10.26,580.03,27.00,6.90,1.67,13.39,30.00,66.00,4.00,5.00,0.00,1.00,1.00,1.00,0.17,
-2.64,52.12,Other crops,36.00,855.60,10.26,580.03,27.00,6.80,1.67,13.39,30.00,66.00,4.00,5.00,0.00,1.00,1.00,1.00,0.14,
-2.64,52.12,Other crops,25.00,855.60,10.26,580.03,27.00,6.90,1.67,13.39,30.00,66.00,4.00,5.00,0.00,1.00,1.00,1.00,0.19,
-2.64,52.12,Other crops,38.00,855.60,10.26,580.03,27.00,6.90,1.67,13.39,30.00,66.00,4.00,5.00,0.00,1.00,1.00,1.00,0.12,
-83.37,33.96,Other crops,22.00,1360.15,17.48,1196.95,13.28,5.70,1.70,6.00,19.00,28.00,53.00,8.00,0.00,1.00,1.00,1.00,7.40,
-83.37,33.96,Other crops,22.00,1360.15,17.48,1196.95,13.28,5.70,1.70,6.00,19.00,28.00,53.00,8.00,0.00,1.00,1.00,1.00,4.63,
-83.37,33.96,Other crops,22.00,1360.15,17.48,1196.95,13.28,5.70,1.70,6.00,19.00,28.00,53.00,8.00,0.00,1.00,1.00,1.00,4.08,
-83.37,33.96,Other crops,22.00,1360.15,17.48,1196.95,13.28,5.70,1.70,6.00,19.00,28.00,53.00,8.00,0.00,1.00,1.00,1.00,2.12,
-83.37,33.96,Other crops,22.00,1360.15,17.48,1196.95,13.28,5.70,1.70,6.00,19.00,28.00,53.00,8.00,0.00,1.00,1.00,1.00,4.22,
-94.68,39.11,Other crops,14.49,1063.75,13.65,1165.99,21.96,6.68,1.81,24.64,27.53,46.94,25.53,1.04,0.00,1.00,1.00,1.00,1.00,
-94.68,39.11,Other crops,14.49,1063.75,13.65,1165.99,21.96,6.68,1.81,24.64,27.53,46.94,25.53,1.04,0.00,1.00,1.00,1.00,2.30,
-94.68,39.11,Other crops,14.49,1063.75,13.65,1165.99,21.96,6.68,1.81,24.64,27.53,46.94,25.53,1.04,0.00,1.00,1.00,1.00,1.80,
-94.68,39.11,Wheat,14.49,1063.75,13.65,1165.99,21.96,6.68,1.81,24.64,27.53,46.94,25.53,1.04,0.00,1.00,1.00,1.00,0.90,
-94.68,39.11,Wheat,14.49,1063.75,13.65,1165.99,21.96,6.68,1.81,24.64,27.53,46.94,25.53,1.04,0.00,1.00,1.00,1.00,1.60,
-94.68,39.11,Wheat,14.49,1063.75,13.65,1165.99,21.96,6.68,1.81,24.64,27.53,46.94,25.53,1.04,0.00,1.00,1.00,1.00,1.40,
-75.77,39.98,Other crops,68.00,1313.77,12.74,1103.38,12.76,6.50,1.73,10.60,22.00,51.99,26.00,1.83,0.00,1.00,1.00,1.00,0.25,
-75.77,39.98,Other crops,68.00,1313.77,12.74,1103.38,12.76,6.50,1.73,10.60,22.00,51.99,26.00,1.83,0.00,1.00,1.00,1.00,0.91,
-75.77,39.98,Other crops,68.00,1313.77,12.74,1103.38,12.76,6.50,1.73,10.60,22.00,51.99,26.00,1.83,0.00,1.00,1.00,1.00,0.46,
-75.77,39.98,Maize,68.00,1313.77,12.74,1103.38,12.76,6.50,1.73,10.60,22.00,51.99,26.00,1.83,0.00,1.00,1.00,1.00,0.56,
-75.77,39.98,Maize,68.00,1313.77,12.74,1103.38,12.76,6.50,1.73,10.60,22.00,51.99,26.00,1.83,0.00,1.00,1.00,1.00,0.48,
-75.77,39.98,Maize,68.00,1313.77,12.74,1103.38,12.76,6.50,1.73,10.60,22.00,51.99,26.00,1.83,0.00,1.00,1.00,1.00,0.47,
-75.77,39.98,Maize,68.00,1313.77,12.74,1103.38,12.76,6.50,1.73,10.60,22.00,51.99,26.00,1.83,0.00,1.00,1.00,1.00,0.31,
-75.77,39.98,Other crops,68.00,1313.77,12.74,1103.38,12.76,6.50,1.73,10.60,22.00,51.99,26.00,1.83,0.00,1.00,1.00,1.00,0.36,
-75.77,39.98,Other crops,68.00,1313.77,12.74,1103.38,12.76,6.50,1.73,10.60,22.00,51.99,26.00,1.83,0.00,1.00,1.00,1.00,0.77,
-75.77,39.98,Other crops,68.00,1313.77,12.74,1103.38,12.76,6.50,1.73,10.60,22.00,51.99,26.00,1.83,0.00,1.00,1.00,1.00,0.33,
-75.77,39.98,Other crops,68.00,1313.77,12.74,1103.38,12.76,6.50,1.73,10.60,22.00,51.99,26.00,1.83,0.00,1.00,1.00,1.00,0.84,
-95.62,44.23,Other crops,11.00,759.91,7.64,926.57,27.26,7.60,1.76,25.39,23.46,44.30,32.24,0.37,0.00,1.00,1.00,1.00,0.13,
-95.62,44.23,Other crops,10.00,759.91,7.64,926.57,28.42,7.70,1.76,25.39,23.46,44.30,32.24,0.37,0.00,1.00,1.00,1.00,0.03,
-95.62,44.23,Other crops,11.00,759.91,7.64,926.57,27.26,7.60,1.76,25.39,23.46,44.30,32.24,0.37,0.00,1.00,1.00,1.00,0.04,
-95.62,44.23,Other crops,10.00,759.91,7.64,926.57,28.42,7.70,1.76,25.39,23.46,44.30,32.24,0.37,0.00,1.00,1.00,1.00,0.03,
75.87,30.33,Maize,68.90,1620.00,25.00,1439.35,6.90,5.50,1.41,14.00,18.00,33.00,49.00,2.00,0.00,1.00,1.00,1.00,1.53,
75.87,30.33,Maize,68.90,1620.00,25.00,1439.35,6.90,5.50,1.41,14.00,18.00,33.00,49.00,2.00,0.00,1.00,1.00,1.00,0.66,
75.87,30.33,Maize,68.90,1620.00,25.00,1439.35,6.90,5.50,1.41,14.00,18.00,33.00,49.00,2.00,0.00,1.00,1.00,1.00,0.36,
75.87,30.33,Maize,68.90,1620.00,25.00,1439.35,6.90,5.50,1.41,14.00,18.00,33.00,49.00,2.00,0.00,1.00,1.00,1.00,0.75,
75.87,30.33,Maize,68.90,1620.00,25.00,1439.35,6.90,5.50,1.41,14.00,18.00,33.00,49.00,2.00,0.00,1.00,1.00,1.00,1.21,
75.87,30.33,Maize,68.90,1620.00,25.00,1439.35,6.90,5.50,1.41,14.00,18.00,33.00,49.00,2.00,0.00,1.00,1.00,1.00,0.51,
75.87,30.33,Maize,68.90,1620.00,25.00,1439.35,6.90,5.50,1.41,14.00,18.00,33.00,49.00,2.00,0.00,1.00,1.00,1.00,0.40,
75.87,30.33,Maize,68.90,1620.00,25.00,1439.35,6.90,5.50,1.41,14.00,18.00,33.00,49.00,2.00,0.00,1.00,1.00,1.00,0.64,
75.87,30.33,Maize,68.90,1620.00,25.00,1439.35,6.90,5.50,1.41,14.00,18.00,33.00,49.00,2.00,0.00,1.00,1.00,1.00,2.47,
75.87,30.33,Maize,68.90,1620.00,25.00,1439.35,6.90,5.50,1.41,14.00,18.00,33.00,49.00,2.00,0.00,1.00,1.00,1.00,1.28,
75.87,30.33,Maize,68.90,1620.00,25.00,1439.35,6.90,5.50,1.41,14.00,18.00,33.00,49.00,2.00,0.00,1.00,1.00,1.00,0.60,
75.87,30.33,Maize,68.90,1620.00,25.00,1439.35,6.90,5.50,1.41,14.00,18.00,33.00,49.00,2.00,0.00,1.00,1.00,1.00,0.70,
-92.18,39.96,Other crops,21.00,1009.75,12.40,1095.68,20.00,5.70,1.70,18.00,23.00,60.00,16.00,0.21,0.00,1.00,1.00,1.00,0.07,
-92.18,39.96,Maize,21.00,1009.75,12.40,1095.68,21.00,5.70,1.70,19.00,24.00,63.00,13.00,0.21,0.00,1.00,1.00,1.00,0.10,
-92.18,39.96,Maize,21.00,1009.75,12.40,1095.68,20.00,5.70,1.70,18.00,23.00,60.00,16.00,0.21,0.00,1.00,1.00,1.00,0.19,
-92.18,39.96,Other crops,21.00,1009.75,12.40,1095.68,21.00,5.70,1.70,19.00,24.00,63.00,13.00,0.21,0.00,1.00,1.00,1.00,0.01,
-92.18,39.96,Other crops,21.00,1009.75,12.40,1095.68,20.00,5.70,1.70,18.00,23.00,60.00,16.00,0.21,0.00,1.00,1.00,1.00,0.01,
-92.18,39.96,Other crops,21.00,1009.75,12.40,1095.68,21.00,5.70,1.70,19.00,24.00,63.00,13.00,0.21,0.00,1.00,1.00,1.00,0.03,
-92.18,39.96,Other crops,21.00,1009.75,12.40,1095.68,20.00,5.70,1.70,18.00,23.00,60.00,16.00,0.21,0.00,1.00,1.00,1.00,0.03,
-82.82,42.16,Maize,45.18,974.77,10.33,911.69,65.69,6.70,1.82,35.00,37.00,35.00,28.00,0.07,0.00,1.00,1.00,1.00,0.27,
-82.82,42.16,Maize,45.18,974.77,10.33,911.69,65.69,6.70,1.82,35.00,37.00,35.00,28.00,0.07,0.00,1.00,1.00,1.00,2.70,
-82.82,42.16,Maize,45.18,974.77,10.33,911.69,65.69,6.70,1.82,35.00,37.00,35.00,28.00,0.07,0.00,1.00,1.00,1.00,0.17,
-63.21,45.37,Other crops,47.09,1233.70,6.74,721.16,33.12,5.66,1.53,18.36,12.64,43.69,43.68,0.79,0.00,0.00,1.00,1.00,0.04,
-63.21,45.37,Other crops,47.09,1233.70,6.74,721.16,33.12,5.66,1.53,18.36,12.64,43.69,43.68,0.79,0.00,0.00,1.00,1.00,0.04,
-63.21,45.37,Other crops,47.09,1233.70,6.74,721.16,33.12,5.66,1.53,18.36,12.64,43.69,43.68,0.79,0.00,0.00,1.00,1.00,0.04,
-63.21,45.37,Other crops,47.09,1233.70,6.74,721.16,33.12,5.66,1.53,18.36,12.64,43.69,43.68,0.79,0.00,1.00,1.00,1.00,0.69,
-63.21,45.37,Other crops,47.09,1233.70,6.74,721.16,33.12,5.66,1.53,18.36,12.64,43.69,43.68,0.79,0.00,0.75,1.00,1.00,0.69,
-63.21,45.37,Other crops,47.09,1233.70,6.74,721.16,33.12,5.66,1.53,18.36,12.64,43.69,43.68,0.79,0.00,0.50,1.00,1.00,0.69,
-63.21,45.37,Other crops,47.09,1233.70,6.74,721.16,33.12,5.66,1.53,18.36,12.64,43.69,43.68,0.79,0.00,1.00,1.00,1.00,0.93,
-63.21,45.37,Other crops,47.09,1233.70,6.74,721.16,33.12,5.66,1.53,18.36,12.64,43.69,43.68,0.79,0.00,1.00,1.00,1.00,0.93,
-63.21,45.37,Other crops,47.09,1233.70,6.74,721.16,33.12,5.66,1.53,18.36,12.64,43.69,43.68,0.79,0.00,1.00,1.00,1.00,0.93,
119.08,26.21,Rice,3.36,1626.69,19.31,1024.06,8.21,6.19,1.72,8.21,20.46,30.20,49.33,8.14,1.00,0.00,1.00,1.00,0.41,
119.08,26.21,Rice,3.36,1626.69,19.31,1024.06,8.21,6.19,1.72,8.21,20.46,30.20,49.33,8.14,1.00,1.04,1.00,1.00,0.93,
119.08,26.21,Rice,3.36,1626.69,19.31,1024.06,8.21,6.19,1.72,8.21,20.46,30.20,49.33,8.14,1.00,1.00,1.00,1.00,0.65,
119.08,26.21,Rice,3.36,1626.69,19.31,1024.06,8.21,6.19,1.72,8.21,20.46,30.20,49.33,8.14,1.00,1.00,1.00,1.00,0.58,
119.08,26.21,Rice,3.36,1626.69,19.31,1024.06,8.21,6.19,1.72,8.21,20.46,30.20,49.33,8.14,1.00,1.50,1.00,1.00,0.74,
119.08,26.21,Rice,3.36,1626.69,19.31,1024.06,8.21,6.19,1.72,8.21,20.46,30.20,49.33,8.14,1.00,1.00,1.00,1.00,0.56,
-82.75,42.22,Maize,57.02,973.36,10.27,910.49,65.69,6.70,1.82,35.00,37.00,35.00,28.00,0.09,0.00,0.00,1.00,1.00,1.27,
-82.75,42.22,Maize,57.02,973.36,10.27,910.49,65.69,6.70,1.82,35.00,37.00,35.00,28.00,0.09,0.00,1.00,1.00,1.00,1.97,
-82.75,42.22,Maize,57.02,973.36,10.27,910.49,65.69,6.70,1.82,35.00,37.00,35.00,28.00,0.09,0.00,0.00,1.00,1.00,1.27,
-82.75,42.22,Maize,57.02,973.36,10.27,910.49,65.69,6.70,1.82,35.00,37.00,35.00,28.00,0.09,0.00,1.00,1.00,1.00,1.97,
-82.75,42.22,Maize,57.02,973.36,10.27,910.49,65.69,6.70,1.82,35.00,37.00,35.00,28.00,0.09,0.00,0.00,1.00,1.00,1.27,
-82.75,42.22,Maize,57.02,973.36,10.27,910.49,65.69,6.70,1.82,35.00,37.00,35.00,28.00,0.09,0.00,1.00,1.00,1.00,1.97,
-82.75,42.22,Maize,57.02,973.36,10.27,910.49,65.69,6.70,1.82,35.00,37.00,35.00,28.00,0.09,0.00,0.00,1.00,1.00,1.27,
-82.75,42.22,Maize,57.02,973.36,10.27,910.49,65.69,6.70,1.82,35.00,37.00,35.00,28.00,0.09,0.00,1.00,1.00,1.00,1.97,
118.78,31.91,Rice,12.50,1041.00,15.40,900.00,13.74,6.97,1.76,14.34,23.42,36.89,39.69,0.78,0.00,1.00,1.00,1.00,0.49,
118.78,31.91,Rice,12.50,1041.00,15.40,900.00,13.74,6.97,1.76,14.34,23.42,36.89,39.69,0.78,0.00,1.00,1.00,1.00,0.21,
118.78,31.91,Rice,12.50,1041.00,15.40,900.00,13.74,6.97,1.76,14.34,23.42,36.89,39.69,0.78,0.00,1.00,1.00,1.00,0.20,
118.78,31.91,Rice,12.50,1041.00,15.40,900.00,13.74,6.97,1.76,14.34,23.42,36.89,39.69,0.78,0.00,1.00,1.00,1.00,0.12,
118.78,31.91,Rice,12.50,1041.00,15.40,900.00,13.74,6.97,1.76,14.34,23.42,36.89,39.69,0.78,0.00,1.00,1.00,1.00,0.15,
118.78,31.91,Rice,12.50,1041.00,15.40,900.00,13.74,6.97,1.76,14.34,23.42,36.89,39.69,0.78,0.00,1.00,1.00,1.00,0.12,
118.78,31.91,Rice,12.50,1041.00,15.40,900.00,13.74,6.97,1.76,14.34,23.42,36.89,39.69,0.78,0.00,1.00,1.00,1.00,0.14,
118.78,31.91,Rice,12.50,1041.00,15.40,900.00,13.74,6.97,1.76,14.34,23.42,36.89,39.69,0.78,0.00,1.00,1.00,1.00,0.09,
119.08,26.21,Rice,3.36,1626.69,19.31,1024.06,8.21,6.19,1.72,8.21,20.46,30.20,49.33,8.14,1.00,0.00,1.00,1.00,0.24,
119.08,26.21,Rice,3.36,1626.69,19.31,1024.06,8.21,6.19,1.72,8.21,20.46,30.20,49.33,8.14,1.00,1.04,1.00,1.00,0.56,
119.08,26.21,Rice,3.36,1626.69,19.31,1024.06,8.21,6.19,1.72,8.21,20.46,30.20,49.33,8.14,1.00,1.00,1.00,1.00,0.40,
119.08,26.21,Rice,3.36,1626.69,19.31,1024.06,8.21,6.19,1.72,8.21,20.46,30.20,49.33,8.14,1.00,1.00,1.00,1.00,0.34,
119.08,26.21,Rice,3.36,1626.69,19.31,1024.06,8.21,6.19,1.72,8.21,20.46,30.20,49.33,8.14,1.00,1.50,1.00,1.00,0.33,
119.08,26.21,Rice,3.36,1626.69,19.31,1024.06,8.21,6.19,1.72,8.21,20.46,30.20,49.33,8.14,1.00,1.00,1.00,1.00,0.35,
-83.94,35.95,Maize,31.44,1355.00,15.01,1074.39,13.28,6.80,1.70,6.00,18.00,26.00,56.00,0.80,0.00,1.00,1.00,1.00,0.08,
-83.94,35.95,Maize,31.44,1355.00,15.01,1074.39,13.28,6.80,1.70,6.00,18.00,26.00,56.00,0.80,0.00,1.00,1.00,1.00,0.07,
-83.94,35.95,Maize,31.44,1355.00,15.01,1074.39,13.28,6.80,1.70,6.00,18.00,26.00,56.00,0.80,0.00,1.00,1.00,1.00,0.03,
-83.94,35.95,Maize,31.44,1355.00,15.01,1074.39,13.28,6.90,1.70,6.00,18.00,26.00,56.00,0.80,0.00,1.00,1.00,1.00,0.43,
-83.94,35.95,Maize,31.44,1355.00,15.01,1074.39,13.28,6.90,1.70,6.00,18.00,26.00,56.00,0.80,0.00,1.00,1.00,1.00,0.31,
16.58,48.57,Other crops,91.06,678.60,9.50,881.75,31.56,8.10,1.73,15.00,23.00,64.20,12.80,1.36,0.00,1.00,1.00,1.00,7.79,
15.69,48.15,Other crops,65.33,923.00,9.30,799.52,16.39,7.10,1.69,8.00,25.10,42.60,32.30,1.49,0.00,1.00,1.00,1.00,5.44,
15.69,48.15,Other crops,65.33,923.00,9.30,799.52,16.39,7.10,1.69,8.00,25.10,42.60,32.30,1.49,0.00,1.00,1.00,1.00,3.06,
16.17,48.22,Other crops,49.06,787.10,9.90,868.76,14.22,8.10,1.61,8.00,10.30,62.10,27.60,3.30,0.00,1.00,1.00,1.00,5.77,
16.17,48.22,Other crops,49.06,787.10,9.90,868.76,14.22,8.10,1.61,8.00,10.30,62.10,27.60,3.30,0.00,1.00,1.00,1.00,1.76,
117.52,36.67,Wheat,16.73,697.00,13.70,1197.78,11.36,7.52,1.72,14.64,20.86,37.06,42.08,1.37,0.00,1.00,1.00,1.00,0.45,
117.52,36.67,Rice,16.73,697.00,13.70,1197.78,11.36,7.52,1.72,14.64,20.86,37.06,42.08,1.37,0.00,1.00,1.00,1.00,0.35,
-92.05,46.83,Other crops,24.63,845.14,5.19,747.45,15.61,5.70,1.54,12.00,12.00,45.00,43.00,1.05,0.00,1.00,1.00,1.00,0.02,
-92.05,46.83,Other crops,24.63,845.14,5.19,747.45,15.61,5.70,1.54,12.00,12.00,45.00,43.00,1.05,0.00,2.02,1.00,1.00,0.04,
-82.83,42.16,Maize,45.64,974.68,10.33,911.73,65.69,6.70,1.82,35.00,28.00,41.00,31.00,0.07,0.00,1.00,1.00,1.00,0.56,
-82.83,42.16,Maize,45.64,974.68,10.33,911.73,65.69,6.70,1.82,35.00,28.00,41.00,31.00,0.07,0.00,1.00,1.00,1.00,0.09,
-82.83,42.16,Maize,45.64,974.68,10.33,911.73,65.69,6.70,1.82,35.00,28.00,41.00,31.00,0.07,0.00,1.00,1.00,1.00,0.42,
-82.83,42.16,Maize,45.64,974.68,10.33,911.73,65.69,6.70,1.82,35.00,28.00,41.00,31.00,0.07,0.00,1.00,1.00,1.00,0.13,
-82.83,42.16,Maize,45.64,974.68,10.33,911.73,65.69,6.70,1.82,35.00,28.00,41.00,31.00,0.07,0.00,1.00,1.00,1.00,0.17,
-82.83,42.16,Maize,45.64,974.68,10.33,911.73,65.69,6.70,1.82,35.00,28.00,41.00,31.00,0.07,0.00,1.00,1.00,1.00,0.30,
-82.83,42.16,Maize,45.64,974.68,10.33,911.73,65.69,6.70,1.82,35.00,28.00,41.00,31.00,0.07,0.00,1.00,1.00,1.00,0.04,
-82.83,42.16,Maize,45.64,974.68,10.33,911.73,65.69,6.70,1.82,35.00,28.00,41.00,31.00,0.07,0.00,1.00,1.00,1.00,0.05,
-82.83,42.16,Maize,45.64,974.68,10.33,911.73,65.69,6.70,1.82,35.00,28.00,41.00,31.00,0.07,0.00,1.00,1.00,1.00,0.01,
117.37,33.15,Other crops,37.79,911.30,15.00,916.70,7.60,7.50,1.36,12.81,40.30,52.80,6.90,0.05,0.00,1.00,1.00,1.00,0.26,
117.37,33.15,Maize,37.79,911.30,15.00,916.70,7.60,7.50,1.36,12.81,40.30,52.80,6.90,0.05,0.00,1.00,1.00,1.00,0.07,
117.37,33.15,Other crops,37.79,911.30,15.00,916.70,7.60,7.50,1.36,12.81,40.30,52.80,6.90,0.05,0.00,1.00,1.00,1.00,0.07,
-96.47,40.84,Maize,18.98,819.54,11.13,1082.32,18.50,6.20,1.79,22.00,35.00,54.00,11.00,0.62,0.00,0.25,1.00,1.00,0.34,
-96.47,40.84,Maize,18.98,819.54,11.13,1082.32,18.50,6.20,1.79,22.00,35.00,54.00,11.00,0.62,0.00,0.50,1.00,1.00,0.64,
-96.47,40.84,Maize,18.98,819.54,11.13,1082.32,18.50,6.20,1.79,22.00,35.00,54.00,11.00,0.62,0.00,1.00,1.00,1.00,0.17,
-96.47,40.84,Other crops,18.98,819.54,11.13,1082.32,18.50,6.20,1.79,22.00,35.00,54.00,11.00,0.62,0.00,1.00,1.00,1.00,0.26,
-96.47,40.84,Other crops,18.98,819.54,11.13,1082.32,18.50,6.20,1.79,22.00,35.00,54.00,11.00,0.62,0.00,2.00,1.00,1.00,0.50,
-96.47,40.84,Other crops,18.98,819.54,11.13,1082.32,18.50,6.20,1.79,22.00,35.00,54.00,11.00,0.62,0.00,4.00,1.00,1.00,0.70,
-76.75,35.87,Other crops,16.97,1310.00,17.16,1231.74,18.51,5.20,1.63,7.00,15.00,28.00,57.00,0.17,0.00,1.00,1.00,1.00,0.31,
-76.75,35.87,Other crops,16.97,1310.00,17.16,1231.74,18.51,5.20,1.63,7.00,15.00,28.00,57.00,0.17,0.00,1.00,1.00,1.00,0.29,
-76.75,35.87,Other crops,16.97,1310.00,17.16,1231.74,18.51,5.20,1.63,7.00,15.00,28.00,57.00,0.17,0.00,1.00,1.00,1.00,0.12,
-76.75,35.87,Other crops,16.97,1310.00,17.16,1231.74,18.51,5.20,1.63,7.00,15.00,28.00,57.00,0.17,0.00,1.00,1.00,1.00,0.86,
-76.75,35.87,Other crops,16.97,1310.00,17.16,1231.74,18.51,5.20,1.63,7.00,15.00,28.00,57.00,0.17,0.00,1.00,1.00,1.00,2.59,
-76.75,35.87,Other crops,16.97,1310.00,17.16,1231.74,18.51,5.20,1.63,7.00,15.00,28.00,57.00,0.17,0.00,1.00,1.00,1.00,0.83,
-82.73,42.22,Maize,57.76,973.60,10.26,910.11,65.69,5.40,1.82,35.00,32.50,47.00,20.50,0.09,0.00,1.00,1.00,1.00,0.30,
-82.73,42.22,Maize,57.76,973.60,10.26,910.11,65.69,5.40,1.82,35.00,32.50,47.00,20.50,0.09,0.00,1.00,1.00,1.00,0.28,
-96.58,40.84,Other crops,16.87,803.30,11.25,1093.61,18.50,7.20,1.79,22.00,27.00,57.00,16.00,0.47,0.00,1.00,1.00,1.00,1.05,
-96.58,40.84,Other crops,16.87,803.30,11.25,1093.61,18.50,7.20,1.79,22.00,27.00,57.00,16.00,0.47,0.00,1.00,1.00,1.00,0.13,
-80.34,25.34,Other crops,23.61,1140.00,21.55,1480.13,16.30,7.90,1.42,16.00,24.00,40.00,36.00,0.06,1.00,1.00,1.00,1.00,0.28,
-80.34,25.34,Other crops,23.61,1140.00,21.55,1480.13,16.30,7.90,1.42,16.00,24.00,40.00,36.00,0.06,1.00,1.00,1.00,1.00,1.08,
-93.65,42.03,Maize,18.29,935.00,8.90,1009.75,23.20,7.70,1.79,22.00,26.00,46.00,28.00,0.57,0.00,1.00,1.00,1.00,0.04,
-93.65,42.03,Other crops,18.29,935.00,8.90,1009.75,23.20,7.70,1.79,22.00,26.00,46.00,28.00,0.57,0.00,1.00,0.00,0.00,0.06,
-93.65,42.03,Maize,18.29,935.00,8.90,1009.75,23.20,7.70,1.79,22.00,26.00,46.00,28.00,0.57,0.00,1.00,1.00,1.00,0.05,
-93.65,42.03,Maize,18.29,935.00,8.90,1009.75,23.20,7.70,1.79,22.00,26.00,46.00,28.00,0.57,0.00,1.00,1.00,1.00,0.04,
-93.65,42.03,Other crops,18.29,935.00,8.90,1009.75,23.20,7.70,1.79,22.00,26.00,46.00,28.00,0.57,0.00,1.00,0.00,0.00,0.04,
-93.65,42.03,Other crops,18.29,935.00,8.90,1009.75,23.20,7.70,1.79,22.00,26.00,46.00,28.00,0.57,0.00,1.00,1.00,1.00,0.03,
-91.04,30.02,Other crops,26.33,1600.00,18.75,1246.03,1.89,6.30,1.38,18.00,22.10,70.20,7.70,0.29,0.00,1.00,1.00,1.00,0.03,
-91.04,30.02,Other crops,26.33,1600.00,18.75,1246.03,1.89,6.30,1.38,18.00,22.10,70.20,7.70,0.29,0.00,1.00,1.00,1.00,0.03,
-91.04,30.02,Other crops,26.33,1600.00,18.75,1246.03,1.89,6.30,1.38,18.00,22.10,70.20,7.70,0.29,0.00,1.00,1.00,1.00,0.05,
-91.04,30.02,Other crops,26.33,1580.00,18.75,1246.03,1.89,6.30,1.38,18.00,22.10,70.20,7.70,0.29,0.00,1.00,1.00,1.00,0.11,
-91.04,30.02,Other crops,26.33,1580.00,18.75,1246.03,1.89,6.30,1.38,18.00,22.10,70.20,7.70,0.29,0.00,1.00,1.00,1.00,0.03,
-91.04,30.02,Other crops,26.33,1580.00,18.75,1246.03,1.89,6.30,1.38,18.00,22.10,70.20,7.70,0.29,0.00,1.00,1.00,1.00,0.49,
-93.14,44.45,Maize,13.76,925.60,8.00,915.46,33.53,6.00,1.69,15.00,19.00,50.00,31.00,2.29,0.00,1.00,1.00,1.00,0.97,
-93.14,44.45,Maize,13.76,925.60,8.00,915.46,46.40,6.00,1.69,15.00,19.00,50.00,31.00,2.29,0.00,1.00,1.00,1.00,3.05,
-93.14,44.45,Maize,13.76,925.60,8.00,915.46,37.70,6.00,1.69,15.00,19.00,50.00,31.00,2.29,0.00,1.00,1.00,1.00,0.20,
-93.14,44.45,Maize,13.76,579.90,8.00,915.46,33.53,6.00,1.69,15.00,19.00,50.00,31.00,2.29,0.00,1.00,1.00,1.00,0.38,
-93.14,44.45,Maize,13.76,579.90,8.00,915.46,46.40,6.00,1.69,15.00,19.00,50.00,31.00,2.29,0.00,1.00,1.00,1.00,1.20,
-93.14,44.45,Maize,13.76,579.90,8.00,915.46,37.70,6.00,1.69,15.00,19.00,50.00,31.00,2.29,0.00,1.00,1.00,1.00,0.08,
-82.97,40.00,Maize,16.50,984.00,11.45,959.09,1.60,6.00,1.69,15.00,19.00,50.00,31.00,2.85,0.00,1.00,1.00,1.00,0.08,
-82.97,40.00,Maize,8.28,984.00,11.45,959.09,1.60,6.00,1.69,15.00,19.00,50.00,31.00,1.14,0.00,1.00,1.00,1.00,0.65,
-82.97,40.00,Maize,12.41,984.00,11.45,959.09,1.60,6.00,1.69,15.00,19.00,50.00,31.00,2.85,0.00,1.00,1.00,1.00,0.14,
-82.97,40.00,Maize,7.95,984.00,11.45,959.09,1.60,6.00,1.69,15.00,19.00,50.00,31.00,2.85,0.00,1.00,1.00,1.00,0.20,
-82.97,40.00,Maize,11.33,984.00,11.45,959.09,1.60,6.00,1.69,15.00,19.00,50.00,31.00,1.14,0.00,1.00,1.00,1.00,0.20,
-82.97,40.00,Maize,17.91,984.00,11.45,959.09,1.60,6.00,1.69,15.00,19.00,50.00,31.00,1.14,0.00,1.00,1.00,1.00,0.20,
-82.97,40.00,Maize,195.99,984.00,11.45,959.09,1.60,6.00,1.69,15.00,19.00,50.00,31.00,1.14,0.00,1.00,1.00,1.00,2.33,
-82.97,40.00,Maize,149.32,984.00,11.45,959.09,1.60,6.00,1.69,15.00,19.00,50.00,31.00,1.14,0.00,1.00,1.00,1.00,2.49,
-82.97,40.00,Maize,58.99,984.00,11.45,959.09,1.60,6.00,1.69,15.00,19.00,50.00,31.00,2.85,0.00,1.00,1.00,1.00,0.45,
-82.97,40.00,Maize,59.41,984.00,11.45,959.09,1.60,6.00,1.69,15.00,19.00,50.00,31.00,2.85,0.00,1.00,1.00,1.00,0.76,
-82.97,40.00,Maize,25.43,984.00,11.45,959.09,1.60,6.00,1.69,15.00,19.00,50.00,31.00,1.14,0.00,1.00,1.00,1.00,0.06,
-82.97,40.00,Maize,22.42,984.00,11.45,959.09,1.60,6.00,1.69,15.00,19.00,50.00,31.00,1.14,0.00,1.00,1.00,1.00,0.31,
-82.97,40.00,Maize,40.56,984.00,11.45,959.09,1.60,6.00,1.69,15.00,19.00,50.00,31.00,1.14,0.00,1.00,1.00,1.00,0.10,
-82.97,40.00,Maize,37.56,984.00,11.45,959.09,1.60,6.00,1.69,15.00,19.00,50.00,31.00,1.14,0.00,1.00,1.00,1.00,0.16,
-82.97,40.00,Maize,10.95,984.00,11.45,959.09,1.60,6.00,1.69,15.00,19.00,50.00,31.00,1.14,0.00,1.00,1.00,1.00,0.51,
-82.97,40.00,Maize,19.23,984.00,11.45,959.09,1.60,6.00,1.69,15.00,19.00,50.00,31.00,1.14,0.00,1.00,1.00,1.00,0.82,
-82.97,40.00,Maize,12.22,984.00,11.45,959.09,1.60,6.00,1.69,15.00,19.00,50.00,31.00,0.57,0.00,1.00,1.00,1.00,0.08,
-82.97,40.00,Maize,12.51,984.00,11.45,959.09,1.60,6.00,1.69,15.00,19.00,50.00,31.00,0.57,0.00,1.00,1.00,1.00,0.08,
-82.97,40.00,Maize,11.33,984.00,11.45,959.09,1.60,6.00,1.69,15.00,19.00,50.00,31.00,0.57,0.00,1.00,1.00,1.00,0.10,
-82.97,40.00,Maize,21.81,984.00,11.45,959.09,1.60,6.00,1.69,15.00,19.00,50.00,31.00,0.57,0.00,1.00,1.00,1.00,0.08,
-82.97,40.00,Maize,37.56,984.00,11.45,959.09,1.60,6.00,1.69,15.00,19.00,50.00,31.00,1.14,0.00,1.00,1.00,1.00,0.06,
-82.97,40.00,Maize,40.28,984.00,11.45,959.09,1.60,6.00,1.69,15.00,19.00,50.00,31.00,1.14,0.00,1.00,1.00,1.00,0.04,
-82.97,40.00,Maize,17.21,984.00,11.45,959.09,1.60,6.00,1.69,15.00,19.00,50.00,31.00,1.14,0.00,1.00,1.00,1.00,0.25,
-82.97,40.00,Maize,23.79,984.00,11.45,959.09,1.60,6.00,1.69,15.00,19.00,50.00,31.00,1.14,0.00,1.00,1.00,1.00,0.10,
-82.97,40.00,Maize,19.13,984.00,11.45,959.09,1.60,6.00,1.69,15.00,19.00,50.00,31.00,0.57,0.00,1.00,1.00,1.00,0.41,
-82.97,40.00,Maize,16.03,984.00,11.45,959.09,1.60,6.00,1.69,15.00,19.00,50.00,31.00,0.57,0.00,1.00,1.00,1.00,0.18,
-82.97,40.00,Maize,22.00,984.00,11.45,959.09,1.60,6.00,1.69,15.00,19.00,50.00,31.00,1.14,0.00,1.00,1.00,1.00,0.92,
-82.97,40.00,Maize,19.32,984.00,11.45,959.09,1.60,6.00,1.69,15.00,19.00,50.00,31.00,1.14,0.00,1.00,1.00,1.00,0.86,
-82.97,40.00,Maize,13.26,984.00,11.45,959.09,1.60,6.00,1.69,15.00,19.00,50.00,31.00,1.14,0.00,1.00,1.00,1.00,0.16,
-82.97,40.00,Maize,16.31,984.00,11.45,959.09,1.60,6.00,1.69,15.00,19.00,50.00,31.00,1.14,0.00,1.00,1.00,1.00,0.49,
-82.97,40.00,Maize,18.10,984.00,11.45,959.09,1.60,6.00,1.69,15.00,19.00,50.00,31.00,1.14,0.00,1.00,1.00,1.00,0.14,
-82.97,40.00,Maize,21.34,984.00,11.45,959.09,1.60,6.00,1.69,15.00,19.00,50.00,31.00,1.14,0.00,1.00,1.00,1.00,1.08,
-82.97,40.00,Maize,18.62,984.00,11.45,959.09,1.60,6.00,1.69,15.00,19.00,50.00,31.00,1.14,0.00,1.00,1.00,1.00,0.37,
-82.97,40.00,Maize,14.48,984.00,11.45,959.09,1.60,6.00,1.69,15.00,19.00,50.00,31.00,1.14,0.00,1.00,1.00,1.00,0.29,
-82.97,40.00,Maize,11.66,984.00,11.45,959.09,1.60,6.00,1.69,15.00,19.00,50.00,31.00,1.14,0.00,1.00,1.00,1.00,1.25,
-82.97,40.00,Maize,18.76,984.00,11.45,959.09,1.60,6.00,1.69,15.00,19.00,50.00,31.00,1.14,0.00,1.00,1.00,1.00,0.88,
-82.97,40.00,Maize,24.44,984.00,11.45,959.09,1.60,6.00,1.69,15.00,19.00,50.00,31.00,1.14,0.00,1.00,1.00,1.00,0.18,
-82.97,40.00,Maize,26.04,984.00,11.45,959.09,1.60,6.00,1.69,15.00,19.00,50.00,31.00,1.14,0.00,1.00,1.00,1.00,0.29,
-96.58,39.20,Maize,19.32,983.00,13.27,1203.34,2.06,6.20,1.79,22.00,26.00,46.00,28.00,2.86,0.00,1.00,1.00,1.00,0.32,
-96.58,39.20,Maize,9.45,983.00,13.27,1203.34,2.06,6.20,1.79,22.00,26.00,46.00,28.00,2.86,0.00,1.96,1.00,1.00,0.22,
-96.58,39.20,Maize,4.28,983.00,13.27,1203.34,2.06,6.20,1.79,22.00,26.00,46.00,28.00,2.86,0.00,0.00,1.00,1.00,0.18,
-96.58,39.20,Other crops,17.91,735.00,13.27,1203.34,2.06,6.20,1.79,22.00,26.00,46.00,28.00,2.86,0.00,2.16,1.00,1.00,1.30,
-96.58,39.20,Other crops,9.92,735.00,13.27,1203.34,2.06,6.20,1.79,22.00,26.00,46.00,28.00,2.86,0.00,1.00,1.00,1.00,0.74,
-96.58,39.20,Other crops,4.28,735.00,13.27,1203.34,2.06,6.20,1.79,22.00,26.00,46.00,28.00,2.86,0.00,0.00,1.00,1.00,0.43,
-96.58,39.20,Maize,16.50,796.00,13.27,1203.34,2.06,6.20,1.79,22.00,26.00,46.00,28.00,2.86,0.00,2.16,1.00,1.00,0.57,
-96.58,39.20,Maize,9.45,796.00,13.27,1203.34,2.06,6.20,1.79,22.00,26.00,46.00,28.00,2.86,0.00,1.00,1.00,1.00,0.23,
-96.58,39.20,Maize,4.28,796.00,13.27,1203.34,2.06,6.20,1.79,22.00,26.00,46.00,28.00,2.86,0.00,0.00,1.00,1.00,0.16,
-95.26,38.60,Other crops,13.84,1039.24,13.97,1178.51,2.14,6.20,1.79,22.00,27.00,57.00,16.00,0.71,0.00,1.00,1.00,1.00,0.81,
-95.26,38.60,Other crops,13.84,1039.24,13.97,1178.51,2.14,6.20,1.79,22.00,27.00,57.00,16.00,0.71,0.00,0.00,1.00,1.00,0.66,
-95.26,38.60,Other crops,13.84,1039.24,13.97,1178.51,2.14,6.20,1.79,22.00,27.00,57.00,16.00,0.71,0.00,1.00,1.00,1.00,0.45,
-95.26,38.60,Other crops,13.84,1039.24,13.97,1178.51,2.14,6.20,1.79,22.00,27.00,57.00,16.00,0.71,0.00,1.00,1.00,1.00,0.75,
-95.26,38.60,Other crops,13.84,1039.24,13.97,1178.51,2.14,6.20,1.79,22.00,27.00,57.00,16.00,0.71,0.00,0.00,1.00,1.00,0.39,
-95.26,38.60,Other crops,13.84,1039.24,13.97,1178.51,2.14,6.20,1.79,22.00,27.00,57.00,16.00,0.71,0.00,1.00,1.00,1.00,0.68,
-95.26,38.60,Other crops,13.84,1039.24,13.97,1178.51,2.14,6.20,1.79,22.00,27.00,57.00,16.00,0.71,0.00,1.00,1.00,1.00,1.32,
-95.26,38.60,Other crops,13.84,1039.24,13.97,1178.51,2.14,6.20,1.79,22.00,27.00,57.00,16.00,0.71,0.00,0.00,1.00,1.00,0.51,
-95.26,38.60,Other crops,13.84,1039.24,13.97,1178.51,2.14,6.20,1.79,22.00,27.00,57.00,16.00,0.71,0.00,1.00,1.00,1.00,0.85,
22.44,60.53,Other crops,126.55,720.00,6.41,553.30,5.60,7.06,1.95,29.92,52.50,29.17,28.41,4.29,0.00,1.44,1.00,1.00,8.25,
23.46,60.80,Other crops,48.20,630.00,5.41,517.78,5.10,6.97,1.93,29.73,61.00,29.59,29.39,1.15,0.00,0.52,1.00,1.00,0.09,
23.46,60.80,Other crops,48.20,630.00,5.41,517.78,5.10,6.97,1.93,29.73,61.00,29.59,29.39,1.15,0.00,0.52,1.00,1.00,0.05,
23.46,60.80,Other crops,48.20,630.00,5.41,517.78,5.20,6.97,1.93,29.73,61.00,29.59,29.39,1.15,0.00,0.52,1.00,1.00,0.05,
23.46,60.80,Other crops,48.20,630.00,5.41,517.78,5.70,6.97,1.93,29.73,61.00,29.59,29.39,1.15,0.00,0.52,1.00,1.00,0.11,
-2.64,52.13,Wheat,142.26,856.51,10.25,579.12,1.45,6.01,1.67,13.49,17.49,42.00,40.51,2.86,0.00,1.14,1.00,1.00,35.40,
-2.64,52.13,Other crops,24.00,856.51,10.25,579.12,15.66,7.00,1.67,13.49,30.00,66.00,4.00,5.00,0.00,0.00,1.00,1.00,0.10,
-2.64,52.13,Other crops,19.00,856.51,10.25,579.12,15.66,7.00,1.67,13.49,30.00,66.00,4.00,5.00,0.00,0.00,1.00,1.00,0.17,
-2.64,52.13,Other crops,125.00,856.51,10.25,579.12,15.66,6.90,1.67,13.49,30.00,66.00,4.00,5.00,0.00,10.02,1.00,1.00,0.15,
-2.64,52.13,Other crops,146.00,856.51,10.25,579.12,15.66,6.90,1.67,13.49,30.00,66.00,4.00,5.00,0.00,8.01,1.00,1.00,0.24,
-2.64,52.13,Other crops,194.00,856.51,10.25,579.12,15.66,6.60,1.67,13.49,30.00,66.00,4.00,5.00,0.00,16.03,1.00,1.00,0.37,
-2.64,52.13,Other crops,112.00,856.51,10.25,579.12,15.66,6.80,1.67,13.49,30.00,66.00,4.00,5.00,0.00,6.01,1.00,1.00,0.26,
-2.64,52.13,Other crops,49.00,856.51,10.25,579.12,15.66,6.80,1.67,13.49,30.00,66.00,4.00,5.00,0.00,0.80,1.00,1.00,0.06,
-2.64,52.13,Other crops,41.00,856.51,10.25,579.12,15.66,6.90,1.67,13.49,30.00,66.00,4.00,5.00,0.00,0.00,1.00,1.00,0.13,
-2.64,52.13,Other crops,171.00,856.51,10.25,579.12,15.66,6.60,1.67,13.49,30.00,66.00,4.00,5.00,0.00,14.02,1.00,1.00,0.18,
-2.64,52.13,Other crops,88.00,856.51,10.25,579.12,15.66,6.90,1.67,13.49,30.00,66.00,4.00,5.00,0.00,4.01,1.00,1.00,0.22,
-2.64,52.13,Other crops,149.00,856.51,10.25,579.12,15.66,6.60,1.67,13.49,30.00,66.00,4.00,5.00,0.00,12.02,1.00,1.00,0.33,
-2.64,52.13,Other crops,29.00,856.51,10.25,579.12,15.66,6.90,1.67,13.49,30.00,66.00,4.00,5.00,0.00,0.00,1.00,1.00,0.17,
-2.64,52.13,Other crops,36.00,856.51,10.25,579.12,15.66,6.80,1.67,13.49,30.00,66.00,4.00,5.00,0.00,0.00,1.00,1.00,0.14,
-2.64,52.13,Other crops,25.00,856.51,10.25,579.12,15.66,6.90,1.67,13.49,30.00,66.00,4.00,5.00,0.00,0.00,1.00,1.00,0.19,
-2.64,52.13,Other crops,38.00,856.51,10.25,579.12,15.66,6.90,1.67,13.49,30.00,66.00,4.00,5.00,0.00,1.00,1.00,1.00,0.12,
-74.39,45.18,Maize,15.00,923.00,6.14,812.27,26.68,6.21,1.60,17.97,14.48,45.40,40.13,1.17,0.00,0.00,1.00,1.00,0.11,
-74.39,45.18,Maize,15.00,923.00,6.14,812.27,26.68,6.21,1.60,17.97,14.48,45.40,40.13,1.17,0.00,0.00,1.00,1.00,0.14,
-81.33,43.07,Maize,15.00,721.00,6.14,808.60,23.78,6.00,1.61,16.00,15.00,45.00,40.00,0.94,0.00,0.00,1.00,1.00,0.08,
-81.41,43.64,Maize,12.00,833.00,6.14,746.17,23.78,6.00,1.61,16.00,15.00,45.00,40.00,1.05,0.00,1.00,1.00,1.00,0.19,
-100.60,49.98,Other crops,15.00,292.55,2.90,739.23,3.23,6.60,1.75,26.00,23.00,44.00,33.00,0.44,0.00,0.00,1.00,1.00,0.12,
-100.60,49.98,Other crops,2.39,538.80,2.90,739.23,3.23,6.60,1.75,26.00,23.00,44.00,33.00,0.61,0.00,0.00,1.00,1.00,0.13,
-100.60,49.98,Other crops,3.87,289.01,2.90,739.23,3.23,6.60,1.75,26.00,23.00,44.00,33.00,0.61,0.00,0.00,1.00,1.00,0.12,
-100.60,49.98,Other crops,7.98,289.01,2.90,739.23,3.23,6.60,1.75,26.00,23.00,44.00,33.00,0.80,0.00,0.00,1.00,1.00,0.14,
-100.60,49.98,Other crops,3.94,289.01,2.90,739.23,3.23,6.60,1.75,26.00,23.00,44.00,33.00,0.33,0.00,0.00,1.00,1.00,0.05,
-100.60,49.98,Other crops,3.43,554.50,2.90,739.23,3.23,6.60,1.75,26.00,23.00,44.00,33.00,3.24,0.00,0.00,1.00,1.00,0.23,
-100.60,49.98,Wheat,3.05,349.82,2.90,739.23,3.23,6.60,1.75,26.00,23.00,44.00,33.00,3.24,0.00,0.00,1.00,1.00,0.03,
-100.60,49.98,Wheat,3.68,451.40,2.90,739.23,3.23,6.60,1.75,26.00,23.00,44.00,33.00,2.92,0.00,0.00,1.00,1.00,0.03,
-100.60,49.98,Other crops,5.06,583.40,2.90,739.23,3.23,6.60,1.75,26.00,23.00,44.00,33.00,2.92,0.00,0.00,1.00,1.00,0.21,
-100.60,49.98,Other crops,6.44,472.30,2.90,739.23,3.23,6.60,1.75,26.00,23.00,44.00,33.00,2.29,0.00,0.72,1.00,1.00,0.58,
-100.60,49.98,Wheat,5.30,575.80,2.90,739.23,3.23,6.60,1.75,26.00,23.00,44.00,33.00,2.29,0.00,0.46,1.00,1.00,0.78,
-100.60,49.98,Other crops,5.33,373.81,2.90,739.23,3.23,6.60,1.75,26.00,23.00,44.00,33.00,2.29,0.00,0.66,1.00,1.00,0.50,
-100.60,49.98,Wheat,5.63,481.15,2.90,739.23,3.23,6.60,1.75,26.00,23.00,44.00,33.00,2.29,0.00,0.41,1.00,1.00,0.22,
-100.60,49.98,Other crops,4.07,318.03,2.90,739.23,3.23,6.60,1.75,26.00,23.00,44.00,33.00,2.29,0.00,0.70,1.00,1.00,0.34,
-100.60,49.98,Other crops,8.41,465.30,2.90,739.23,3.23,6.60,1.75,26.00,23.00,44.00,33.00,2.16,0.00,0.58,1.00,1.00,0.67,
-100.60,49.98,Wheat,7.63,568.60,2.90,739.23,3.23,6.60,1.75,26.00,23.00,44.00,33.00,2.16,0.00,0.37,1.00,1.00,0.89,
-100.60,49.98,Other crops,6.16,371.04,2.90,739.23,3.23,6.60,1.75,26.00,23.00,44.00,33.00,2.16,0.00,0.54,1.00,1.00,0.47,
-100.60,49.98,Wheat,5.95,482.74,2.90,739.23,3.23,6.60,1.75,26.00,23.00,44.00,33.00,2.16,0.00,0.34,1.00,1.00,0.13,
-100.60,49.98,Other crops,5.94,315.55,2.90,739.23,3.23,6.60,1.75,26.00,23.00,44.00,33.00,2.16,0.00,0.58,1.00,1.00,0.46,
-100.60,49.98,Other crops,9.75,563.10,2.90,739.23,3.23,6.60,1.75,26.00,23.00,44.00,33.00,2.21,0.00,0.48,1.00,1.00,2.11,
-100.60,49.98,Other crops,9.03,397.54,2.90,739.23,3.23,6.60,1.75,26.00,23.00,44.00,33.00,2.21,0.00,0.39,1.00,1.00,0.29,
-100.60,49.98,Wheat,7.16,498.39,2.90,739.23,3.23,6.60,1.75,26.00,23.00,44.00,33.00,2.21,0.00,0.87,1.00,1.00,0.51,
-100.60,49.98,Wheat,6.51,498.50,2.90,739.23,3.23,6.60,1.75,26.00,23.00,44.00,33.00,1.84,0.00,0.37,1.00,1.00,1.23,
-100.60,49.98,Other crops,11.50,575.35,2.90,739.23,3.23,6.60,1.75,26.00,23.00,44.00,33.00,1.84,0.00,0.43,1.00,1.00,2.16,
-100.60,49.98,Other crops,6.78,396.52,2.90,739.23,3.23,6.60,1.75,26.00,23.00,44.00,33.00,1.84,0.00,0.35,1.00,1.00,0.28,
-100.60,49.98,Wheat,6.13,494.81,2.90,739.23,3.23,6.60,1.75,26.00,23.00,44.00,33.00,1.84,0.00,0.78,1.00,1.00,0.42,
-100.60,49.98,Other crops,6.36,364.48,2.90,739.23,3.23,6.60,1.75,26.00,23.00,44.00,33.00,1.84,0.00,0.39,1.00,1.00,1.38,
-99.35,49.87,Wheat,19.25,539.73,2.90,751.97,3.23,6.60,1.75,26.00,23.00,44.00,33.00,0.43,0.00,0.29,1.00,1.00,0.44,
-99.35,49.87,Other crops,15.65,459.82,2.90,751.97,3.23,6.60,1.75,26.00,23.00,44.00,33.00,0.43,0.00,0.12,1.00,1.00,0.13,
-99.35,49.87,Other crops,14.88,480.78,2.90,751.97,3.23,6.60,1.75,26.00,23.00,44.00,33.00,0.43,0.00,0.18,1.00,1.00,0.14,
-99.35,49.87,Wheat,10.89,322.99,2.90,751.97,3.23,6.60,1.75,26.00,23.00,44.00,33.00,0.43,0.00,0.22,1.00,1.00,0.18,
-99.35,49.87,Other crops,10.03,467.37,2.90,751.97,3.23,6.60,1.75,26.00,23.00,44.00,33.00,0.36,0.00,0.12,1.00,1.00,0.12,
-99.35,49.87,Other crops,10.47,486.20,2.90,751.97,3.23,6.60,1.75,26.00,23.00,44.00,33.00,0.36,0.00,0.17,1.00,1.00,0.08,
-99.35,49.87,Wheat,8.93,315.44,2.90,751.97,3.23,6.60,1.75,26.00,23.00,44.00,33.00,0.36,0.00,0.20,1.00,1.00,0.07,
-99.35,49.87,Wheat,22.39,581.50,2.90,751.97,3.23,6.60,1.75,26.00,23.00,44.00,33.00,0.64,0.00,0.24,1.00,1.00,0.57,
-99.35,49.87,Other crops,10.03,471.05,2.90,751.97,3.23,6.60,1.75,26.00,23.00,44.00,33.00,0.64,0.00,0.11,1.00,1.00,0.22,
-99.35,49.87,Other crops,12.37,489.92,2.90,751.97,3.23,6.60,1.75,26.00,23.00,44.00,33.00,0.64,0.00,0.15,1.00,1.00,0.18,
-99.35,49.87,Wheat,13.07,346.55,2.90,751.97,3.23,6.60,1.75,26.00,23.00,44.00,33.00,0.64,0.00,0.18,1.00,1.00,0.18,
-98.37,49.33,Other crops,16.12,550.00,3.00,770.32,2.78,6.60,1.74,24.50,22.50,46.99,30.51,2.86,0.00,0.15,1.00,1.00,0.48,
-98.37,49.33,Wheat,16.12,550.00,3.00,770.32,2.78,6.60,1.74,24.50,22.50,46.99,30.51,2.86,0.00,0.00,1.00,1.00,0.04,
-98.37,49.33,Other crops,16.12,550.00,3.00,770.32,2.78,6.60,1.74,24.50,22.50,46.99,30.51,2.86,0.00,0.00,1.00,1.00,0.59,
-98.37,49.33,Other crops,16.12,550.00,3.00,770.32,2.78,6.60,1.74,24.50,22.50,46.99,30.51,2.86,0.00,0.14,1.00,1.00,0.45,
-98.37,49.33,Wheat,16.12,550.00,3.00,770.32,2.78,6.60,1.74,24.50,22.50,46.99,30.51,2.86,0.00,0.00,1.00,1.00,1.28,
-98.37,49.33,Other crops,16.12,550.00,3.00,770.32,2.78,6.60,1.74,24.50,22.50,46.99,30.51,2.86,0.00,0.18,1.00,1.00,0.08,
-98.37,49.33,Other crops,16.12,550.00,3.00,770.32,2.78,6.60,1.74,24.50,22.50,46.99,30.51,2.86,0.00,0.00,1.00,1.00,0.82,
-98.37,49.33,Other crops,16.12,550.00,3.00,770.32,2.78,6.60,1.74,24.50,22.50,46.99,30.51,2.86,0.00,0.17,1.00,1.00,0.07,
-98.37,49.33,Other crops,16.12,550.00,3.00,770.32,2.78,6.60,1.74,24.50,22.50,46.99,30.51,2.86,0.00,0.00,1.00,1.00,0.18,
-98.37,49.33,Other crops,16.12,550.00,3.00,770.32,2.78,6.60,1.74,24.50,22.50,46.99,30.51,2.86,0.00,0.30,1.00,1.00,0.47,
-98.37,49.33,Other crops,16.12,550.00,3.00,770.32,2.78,6.60,1.74,24.50,22.50,46.99,30.51,2.86,0.00,0.20,1.00,1.00,0.08,
-98.37,49.33,Other crops,16.12,550.00,3.00,770.32,2.78,6.60,1.74,24.50,22.50,46.99,30.51,2.86,0.00,0.15,1.00,1.00,0.53,
-98.37,49.33,Wheat,16.12,550.00,3.00,770.32,2.78,6.60,1.74,24.50,22.50,46.99,30.51,2.86,0.00,0.04,1.00,1.00,0.45,
-98.37,49.33,Other crops,16.12,550.00,3.00,770.32,2.78,6.60,1.74,24.50,22.50,46.99,30.51,2.86,0.00,0.06,1.00,1.00,0.72,
-98.37,49.33,Other crops,16.12,550.00,3.00,770.32,2.78,6.60,1.74,24.50,22.50,46.99,30.51,2.86,0.00,0.13,1.00,1.00,0.16,
-98.37,49.33,Other crops,16.12,550.00,3.00,770.32,2.78,6.60,1.74,24.50,22.50,46.99,30.51,2.86,0.00,0.04,1.00,1.00,0.92,
-98.37,49.33,Other crops,16.12,550.00,3.00,770.32,2.78,6.60,1.74,24.50,22.50,46.99,30.51,2.86,0.00,0.13,1.00,1.00,0.18,
-98.37,49.33,Other crops,16.12,550.00,3.00,770.32,2.78,6.60,1.74,24.50,22.50,46.99,30.51,2.86,0.00,0.07,1.00,1.00,0.06,
-98.37,49.33,Other crops,20.59,583.55,3.00,770.32,2.78,6.60,1.74,24.50,22.50,46.99,30.51,2.28,0.00,0.00,1.00,1.00,1.08,
-98.37,49.33,Other crops,11.94,333.44,3.00,770.32,2.78,6.60,1.74,24.50,22.50,46.99,30.51,2.28,0.00,0.00,1.00,1.00,0.42,
-98.37,49.33,Other crops,13.69,612.84,3.00,770.32,2.78,6.60,1.74,24.50,22.50,46.99,30.51,2.28,0.00,0.00,1.00,1.00,0.20,
-98.37,49.33,Other crops,11.44,579.50,3.00,770.32,2.78,6.60,1.74,24.50,22.50,46.99,30.51,2.28,0.00,0.10,1.00,1.00,0.82,
-98.37,49.33,Other crops,12.13,442.10,3.00,770.32,2.78,6.60,1.74,24.50,22.50,46.99,30.51,2.28,0.00,0.07,1.00,1.00,0.06,
-98.37,49.33,Other crops,8.69,480.70,3.00,770.32,2.78,6.60,1.74,24.50,22.50,46.99,30.51,2.28,0.00,0.10,1.00,1.00,0.04,
-98.37,49.33,Wheat,17.27,534.60,3.00,770.32,2.78,6.60,1.74,24.50,22.50,46.99,30.51,2.28,0.00,0.10,1.00,1.00,0.06,
-98.37,49.33,Other crops,16.43,400.20,3.00,770.32,2.78,6.60,1.74,24.50,22.50,46.99,30.51,2.28,0.00,0.10,1.00,1.00,0.36,
-98.37,49.33,Other crops,23.06,588.15,3.00,770.32,2.78,6.60,1.74,24.50,22.50,46.99,30.51,2.86,0.00,0.13,1.00,1.00,0.18,
-98.37,49.33,Wheat,19.59,331.84,3.00,770.32,2.78,6.60,1.74,24.50,22.50,46.99,30.51,2.86,0.00,0.10,1.00,1.00,0.15,
-98.37,49.33,Other crops,21.88,590.24,3.00,770.32,2.78,6.60,1.74,24.50,22.50,46.99,30.51,2.86,0.00,0.10,1.00,1.00,0.07,
-98.37,49.33,Other crops,21.80,578.80,3.00,770.32,2.78,6.60,1.74,24.50,22.50,46.99,30.51,2.86,0.00,0.09,1.00,1.00,0.98,
-98.37,49.33,Other crops,21.30,455.40,3.00,770.32,2.78,6.60,1.74,24.50,22.50,46.99,30.51,2.86,0.00,0.06,1.00,1.00,0.06,
-98.37,49.33,Other crops,17.70,468.50,3.00,770.32,2.78,6.60,1.74,24.50,22.50,46.99,30.51,2.86,0.00,0.09,1.00,1.00,0.10,
-98.37,49.33,Other crops,16.12,550.00,3.00,770.32,2.78,6.60,1.74,24.50,22.50,46.99,30.51,2.86,0.00,0.00,1.00,1.00,0.22,
-98.37,49.33,Other crops,16.12,550.00,3.00,770.32,2.78,6.60,1.74,24.50,22.50,46.99,30.51,2.86,0.00,0.00,1.00,1.00,0.53,
-98.37,49.33,Wheat,16.12,550.00,3.00,770.32,2.78,6.60,1.74,24.50,22.50,46.99,30.51,2.86,0.00,0.06,1.00,1.00,0.07,
-98.37,49.33,Other crops,16.12,550.00,3.00,770.32,2.78,6.60,1.74,24.50,22.50,46.99,30.51,2.86,0.00,0.09,1.00,1.00,0.46,
-98.37,49.33,Wheat,16.12,550.00,3.00,770.32,2.78,6.60,1.74,24.50,22.50,46.99,30.51,2.86,0.00,0.06,1.00,1.00,0.01,
-98.37,49.33,Maize,16.12,550.00,3.00,770.32,2.78,6.60,1.74,24.50,22.50,46.99,30.51,2.86,0.00,0.08,1.00,1.00,0.48,
-98.37,49.33,Maize,5.00,407.10,3.00,770.32,2.78,6.60,1.74,24.50,22.50,46.99,30.51,2.86,0.00,0.11,1.00,1.00,0.03,
-98.37,49.33,Maize,16.12,435.60,3.00,770.32,2.78,6.60,1.74,24.50,22.50,46.99,30.51,2.86,0.00,0.11,1.00,1.00,0.09,
-98.37,49.33,Other crops,16.12,550.00,3.00,770.32,2.78,6.60,1.74,24.50,22.50,46.99,30.51,2.86,0.00,0.05,1.00,1.00,0.19,
-98.37,49.33,Other crops,16.12,550.00,3.00,770.32,2.78,6.60,1.74,24.50,22.50,46.99,30.51,2.86,0.00,0.05,1.00,1.00,0.01,
-98.37,49.33,Other crops,18.50,550.00,3.00,770.32,2.78,6.60,1.74,24.50,22.50,46.99,30.51,2.86,0.00,0.00,1.00,1.00,0.82,
-98.37,49.33,Other crops,16.12,550.00,3.00,770.32,2.78,6.60,1.74,24.50,22.50,46.99,30.51,2.86,0.00,0.00,1.00,1.00,0.93,
-98.37,49.33,Other crops,16.12,550.00,3.00,770.32,2.78,6.60,1.74,24.50,22.50,46.99,30.51,2.86,0.00,0.00,1.00,1.00,0.37,
-98.37,49.33,Other crops,16.12,550.00,3.00,770.32,2.78,6.60,1.74,24.50,22.50,46.99,30.51,2.86,0.00,0.05,1.00,1.00,0.28,
-98.37,49.33,Other crops,16.12,412.30,3.00,770.32,2.78,6.60,1.74,24.50,22.50,46.99,30.51,2.86,0.00,0.08,1.00,1.00,0.01,
-98.37,49.33,Wheat,16.12,466.20,3.00,770.32,2.78,6.60,1.74,24.50,22.50,46.99,30.51,2.86,0.00,0.02,1.00,1.00,0.01,
-98.37,49.33,Other crops,16.12,479.54,3.00,770.32,2.78,6.60,1.74,24.50,22.50,46.99,30.51,1.47,0.00,0.00,1.00,1.00,0.48,
-98.37,49.33,Other crops,16.12,348.95,3.00,770.32,2.78,6.60,1.74,24.50,22.50,46.99,30.51,1.47,0.00,0.00,1.00,1.00,0.23,
-98.37,49.33,Wheat,16.12,476.04,3.00,770.32,2.78,6.60,1.74,24.50,22.50,46.99,30.51,1.47,0.00,0.15,1.00,1.00,0.21,
-98.37,49.33,Other crops,16.12,515.24,3.00,770.32,2.78,6.60,1.74,24.50,22.50,46.99,30.51,1.47,0.00,0.17,1.00,1.00,0.04,
-98.37,49.33,Other crops,16.12,440.46,3.00,770.32,2.78,6.60,1.74,24.50,22.50,46.99,30.51,1.47,0.00,0.14,1.00,1.00,0.66,
-98.37,49.33,Other crops,16.12,324.18,3.00,770.32,2.78,6.60,1.74,24.50,22.50,46.99,30.51,1.47,0.00,0.00,1.00,1.00,0.18,
-98.37,49.33,Wheat,16.12,239.86,3.00,770.32,2.78,6.60,1.74,24.50,22.50,46.99,30.51,1.47,0.00,0.12,1.00,1.00,0.01,
-98.37,49.33,Other crops,16.12,583.60,3.00,770.32,2.78,6.60,1.74,24.50,22.50,46.99,30.51,1.47,0.00,0.16,1.00,1.00,0.40,
-98.37,49.33,Other crops,16.12,519.38,3.00,770.32,2.78,6.60,1.74,24.50,22.50,46.99,30.51,1.47,0.00,0.00,1.00,1.00,0.49,
-98.37,49.33,Other crops,16.12,147.74,3.00,770.32,2.78,6.60,1.74,24.50,22.50,46.99,30.51,1.47,0.00,0.05,1.00,1.00,0.49,
-98.37,49.33,Other crops,14.08,550.00,3.00,770.32,2.78,6.60,1.74,24.50,22.50,46.99,30.51,1.47,0.00,0.05,1.00,1.00,0.01,
-98.37,49.33,Wheat,13.92,415.74,3.00,770.32,2.78,6.60,1.74,24.50,22.50,46.99,30.51,1.47,0.00,0.04,1.00,1.00,0.27,
-98.37,49.33,Other crops,10.00,583.70,3.00,770.32,2.78,6.60,1.74,24.50,22.50,46.99,30.51,1.47,0.00,0.09,1.00,1.00,0.60,
-98.37,49.33,Wheat,9.83,302.88,3.00,770.32,2.78,6.60,1.74,24.50,22.50,46.99,30.51,1.47,0.00,0.07,1.00,1.00,0.20,
-98.37,49.33,Other crops,9.52,564.63,3.00,770.32,2.78,6.60,1.74,24.50,22.50,46.99,30.51,1.47,0.00,0.07,1.00,1.00,0.08,
-98.37,49.33,Wheat,8.80,585.50,3.00,770.32,2.78,6.60,1.74,24.50,22.50,46.99,30.51,1.47,0.00,0.04,1.00,1.00,1.26,
-98.37,49.33,Other crops,8.24,377.60,3.00,770.32,2.78,6.60,1.74,24.50,22.50,46.99,30.51,1.47,0.00,0.06,1.00,1.00,0.03,
-98.37,49.33,Other crops,9.69,515.17,3.00,770.32,2.78,6.60,1.74,24.50,22.50,46.99,30.51,1.47,0.00,0.08,1.00,1.00,0.04,
-98.37,49.33,Other crops,12.24,365.88,3.00,770.32,2.78,6.60,1.74,24.50,22.50,46.99,30.51,1.47,0.00,0.08,1.00,1.00,0.21,
-98.37,49.33,Other crops,16.12,492.54,3.00,770.32,2.78,6.60,1.74,24.50,22.50,46.99,30.51,2.86,0.00,0.00,1.00,1.00,0.73,
-98.37,49.33,Other crops,16.12,360.95,3.00,770.32,2.78,6.60,1.74,24.50,22.50,46.99,30.51,2.86,0.00,0.00,1.00,1.00,0.36,
-98.37,49.33,Wheat,16.12,497.64,3.00,770.32,2.78,6.60,1.74,24.50,22.50,46.99,30.51,2.86,0.00,0.12,1.00,1.00,0.41,
-98.37,49.33,Other crops,16.12,530.99,3.00,770.32,2.78,6.60,1.74,24.50,22.50,46.99,30.51,2.86,0.00,0.12,1.00,1.00,0.69,
-98.37,49.33,Other crops,16.12,409.46,3.00,770.32,2.78,6.60,1.74,24.50,22.50,46.99,30.51,2.86,0.00,0.12,1.00,1.00,1.69,
-98.37,49.33,Other crops,16.12,340.34,3.00,770.32,2.78,6.60,1.74,24.50,22.50,46.99,30.51,2.86,0.00,0.00,1.00,1.00,0.31,
-98.37,49.33,Wheat,16.12,257.72,3.00,770.32,2.78,6.60,1.74,24.50,22.50,46.99,30.51,2.86,0.00,0.10,1.00,1.00,0.41,
-98.37,49.33,Other crops,16.12,590.60,3.00,770.32,2.78,6.60,1.74,24.50,22.50,46.99,30.51,2.86,0.00,0.14,1.00,1.00,0.63,
-98.37,49.33,Other crops,16.12,564.38,3.00,770.32,2.78,6.60,1.74,24.50,22.50,46.99,30.51,2.86,0.00,0.00,1.00,1.00,0.77,
-98.37,49.33,Other crops,16.12,145.74,3.00,770.32,2.78,6.60,1.74,24.50,22.50,46.99,30.51,2.86,0.00,0.04,1.00,1.00,0.68,
-98.37,49.33,Wheat,20.75,275.71,3.00,770.32,2.78,6.60,1.74,24.50,22.50,46.99,30.51,2.86,0.00,0.04,1.00,1.00,0.50,
-98.37,49.33,Wheat,18.42,398.67,3.00,770.32,2.78,6.60,1.74,24.50,22.50,46.99,30.51,2.86,0.00,0.04,1.00,1.00,0.83,
-98.37,49.33,Other crops,11.83,574.93,3.00,770.32,2.78,6.60,1.74,24.50,22.50,46.99,30.51,2.86,0.00,0.07,1.00,1.00,0.19,
-98.37,49.33,Wheat,14.83,298.23,3.00,770.32,2.78,6.60,1.74,24.50,22.50,46.99,30.51,2.86,0.00,0.06,1.00,1.00,0.16,
-98.37,49.33,Other crops,11.93,562.89,3.00,770.32,2.78,6.60,1.74,24.50,22.50,46.99,30.51,2.86,0.00,0.06,1.00,1.00,0.10,
-98.37,49.33,Wheat,12.93,489.49,3.00,770.32,2.78,6.60,1.74,24.50,22.50,46.99,30.51,2.86,0.00,0.04,1.00,1.00,0.36,
-98.37,49.33,Other crops,32.13,550.00,3.00,770.32,2.78,6.60,1.74,24.50,22.50,46.99,30.51,2.78,0.00,0.05,1.00,1.00,2.50,
-98.37,49.33,Wheat,31.75,580.75,3.00,770.32,2.78,6.60,1.74,24.50,22.50,46.99,30.51,2.78,0.00,0.04,1.00,1.00,0.28,
-98.37,49.33,Other crops,27.25,323.14,3.00,770.32,2.78,6.60,1.74,24.50,22.50,46.99,30.51,2.78,0.00,0.05,1.00,1.00,1.41,
-98.37,49.33,Wheat,32.81,550.00,3.00,770.32,2.78,6.60,1.74,24.50,22.50,46.99,30.51,2.78,0.00,0.04,1.00,1.00,0.02,
-98.37,49.33,Other crops,23.50,521.70,3.00,770.32,2.78,6.60,1.74,24.50,22.50,46.99,30.51,2.78,0.00,0.05,1.00,1.00,2.47,
-98.37,49.33,Wheat,20.44,442.20,3.00,770.32,2.78,6.60,1.74,24.50,22.50,46.99,30.51,2.78,0.00,0.03,1.00,1.00,0.46,
-98.37,49.33,Other crops,40.47,550.00,3.00,770.32,2.78,6.60,1.74,24.50,22.50,46.99,30.51,2.78,0.00,0.05,1.00,1.00,0.69,
-98.37,49.33,Wheat,29.81,571.05,3.00,770.32,2.78,6.60,1.74,24.50,22.50,46.99,30.51,2.78,0.00,0.03,1.00,1.00,0.16,
-98.37,49.33,Other crops,24.44,300.14,3.00,770.32,2.78,6.60,1.74,24.50,22.50,46.99,30.51,2.78,0.00,0.05,1.00,1.00,0.53,
-98.37,49.33,Other crops,19.13,590.90,3.00,770.32,2.78,6.60,1.74,24.50,22.50,46.99,30.51,2.78,0.00,0.05,1.00,1.00,0.43,
-98.37,49.33,Wheat,16.06,437.90,3.00,770.32,2.78,6.60,1.74,24.50,22.50,46.99,30.51,2.78,0.00,0.03,1.00,1.00,0.25,
-98.37,49.33,Other crops,15.44,461.10,3.00,770.32,2.78,6.60,1.74,24.50,22.50,46.99,30.51,2.78,0.00,0.05,1.00,1.00,0.15,
-98.37,49.33,Wheat,18.79,526.92,3.00,770.32,2.78,6.60,1.74,24.50,22.50,46.99,30.51,2.78,0.00,0.05,1.00,1.00,0.16,
-98.37,49.33,Other crops,20.67,384.29,3.00,770.32,2.78,6.60,1.74,24.50,22.50,46.99,30.51,2.78,0.00,0.05,1.00,1.00,0.52,
-97.43,49.67,Maize,16.36,472.50,2.80,765.75,3.23,6.60,1.75,26.00,23.00,44.00,33.00,0.60,0.00,0.11,1.00,1.00,0.71,
-97.43,49.67,Wheat,16.36,440.60,2.80,765.75,3.23,6.60,1.75,26.00,23.00,44.00,33.00,0.60,0.00,0.10,1.00,1.00,0.95,
-97.43,49.67,Other crops,16.36,457.40,2.80,765.75,3.23,6.60,1.75,26.00,23.00,44.00,33.00,0.60,0.00,0.11,1.00,1.00,0.21,
-97.43,49.67,Maize,16.36,661.10,2.80,765.75,3.23,6.60,1.75,26.00,23.00,44.00,33.00,0.60,0.00,0.10,1.00,1.00,0.27,
-97.43,49.67,Wheat,16.36,580.00,2.80,765.75,3.23,6.60,1.75,26.00,23.00,44.00,33.00,0.60,0.00,0.12,1.00,1.00,0.04,
-82.82,42.17,Other crops,45.59,922.00,9.90,911.55,6.57,6.70,1.82,35.00,28.00,41.00,31.00,0.14,0.00,0.15,1.00,1.00,0.63,
-82.82,42.17,Other crops,45.59,823.00,9.90,911.55,6.57,6.70,1.82,35.00,28.00,41.00,31.00,0.14,0.00,0.15,1.00,1.00,1.71,
-82.82,42.17,Maize,10.00,781.00,9.90,911.55,6.57,6.70,1.82,35.00,28.00,41.00,31.00,0.14,0.00,0.14,1.00,1.00,0.40,
-82.82,42.17,Other crops,45.59,503.00,9.90,911.55,6.57,6.70,1.82,35.00,28.00,41.00,31.00,0.14,0.00,0.14,1.00,1.00,0.21,
-81.47,43.68,Maize,31.46,1270.00,6.70,743.51,1.92,6.00,1.61,16.00,15.00,45.00,40.00,1.03,0.00,0.25,1.00,1.00,0.71,
-81.47,43.68,Other crops,10.00,1182.00,6.70,743.51,1.92,6.00,1.61,16.00,15.00,45.00,40.00,1.03,0.00,0.25,1.00,1.00,0.22,
-81.47,43.68,Wheat,31.46,781.00,6.70,743.51,1.92,6.00,1.61,16.00,15.00,45.00,40.00,1.03,0.00,0.25,1.00,1.00,0.86,
-81.47,43.68,Maize,23.00,1087.00,6.70,743.51,1.92,6.00,1.61,16.00,15.00,45.00,40.00,1.03,0.00,0.25,1.00,1.00,0.72,
-81.47,43.68,Other crops,31.46,1053.00,6.70,743.51,1.92,6.00,1.61,16.00,15.00,45.00,40.00,1.03,0.00,0.25,1.00,1.00,0.40,
-81.37,43.07,Maize,29.46,1229.00,7.80,808.36,1.92,6.00,1.61,16.00,15.00,45.00,40.00,0.94,0.00,0.23,1.00,1.00,0.88,
-81.37,43.07,Other crops,16.50,1036.00,7.80,808.36,1.92,6.00,1.61,16.00,15.00,45.00,40.00,0.94,0.00,0.23,1.00,1.00,0.23,
-81.37,43.07,Wheat,29.46,833.00,7.80,808.36,1.92,6.00,1.61,16.00,15.00,45.00,40.00,0.94,0.00,0.23,1.00,1.00,0.23,
-81.37,43.07,Maize,6.00,1024.00,7.80,808.36,1.92,6.00,1.61,16.00,15.00,45.00,40.00,0.94,0.00,0.23,1.00,1.00,0.21,
-81.37,43.07,Other crops,29.46,910.00,7.80,808.36,1.92,6.00,1.61,16.00,15.00,45.00,40.00,0.94,0.00,0.23,1.00,1.00,0.31,
-73.75,5.47,Other crops,24.25,777.90,15.00,940.45,17.52,5.10,1.39,12.32,15.84,51.84,32.32,16.70,0.00,1.00,1.00,1.00,0.24,
-73.75,5.47,Other crops,24.25,777.90,15.00,940.45,49.30,5.10,1.29,12.32,27.42,66.13,6.45,16.70,0.00,1.00,1.00,1.00,0.31,
-2.76,47.88,Maize,94.60,920.00,12.47,797.65,40.60,5.90,1.71,16.78,16.00,43.00,34.00,5.71,0.00,1.00,1.00,1.00,1.89,
-2.76,47.88,Maize,94.60,921.00,12.47,797.65,40.60,5.90,1.71,16.78,16.00,43.00,34.00,5.71,0.00,1.00,1.00,1.00,1.10,
-2.76,47.88,Maize,94.60,922.00,12.47,797.65,40.60,5.90,1.71,16.78,16.00,43.00,34.00,5.71,0.00,1.00,1.00,1.00,1.47,
-2.76,47.88,Maize,94.60,923.00,12.47,797.65,40.60,5.90,1.71,16.78,16.00,43.00,34.00,5.71,0.00,1.00,1.00,1.00,0.20,
-0.96,47.45,Maize,79.83,650.00,12.91,874.79,11.60,5.28,1.71,17.86,20.00,45.00,33.00,4.00,0.00,1.00,1.00,1.00,3.26,
-0.96,47.45,Maize,79.83,651.00,12.91,874.79,11.60,5.28,1.71,17.86,20.00,45.00,33.00,4.00,0.00,1.00,1.00,1.00,4.61,
-0.96,47.45,Maize,79.83,652.00,12.91,874.79,11.60,5.28,1.71,17.86,20.00,45.00,33.00,4.00,0.00,1.00,1.00,1.00,1.76,
-0.96,47.45,Maize,79.83,653.00,12.91,874.79,11.60,5.28,1.71,17.86,20.00,45.00,33.00,4.00,0.00,1.00,1.00,1.00,0.55,
-2.93,48.56,Wheat,109.25,701.00,12.35,791.93,17.40,5.79,1.67,13.93,12.00,47.00,38.00,8.53,0.00,1.00,1.00,1.00,3.72,
-2.93,48.56,Wheat,109.25,703.00,12.35,791.93,17.40,5.79,1.67,13.93,12.00,47.00,38.00,8.53,0.00,1.00,1.00,1.00,1.92,
141.92,-37.40,Other crops,7.30,625.00,14.27,1318.24,78.00,5.10,1.10,8.76,23.65,22.59,53.76,0.92,0.00,0.32,1.00,1.00,0.03,
141.92,-37.40,Other crops,16.80,625.00,14.27,1318.24,78.00,5.10,1.10,8.76,23.65,22.59,53.76,0.92,0.00,1.92,1.00,1.00,0.05,
141.92,-37.40,Other crops,14.30,625.00,14.27,1318.24,78.00,5.10,1.10,8.76,23.65,22.59,53.76,0.92,0.00,1.85,1.00,1.00,0.23,
141.92,-37.40,Other crops,28.20,625.00,14.27,1318.24,78.00,5.10,1.10,8.76,23.65,22.59,53.76,0.92,0.00,1.79,1.00,1.00,0.03,
141.92,-37.40,Other crops,7.30,625.00,14.27,1318.24,78.00,5.10,1.10,8.76,23.65,22.59,53.76,0.92,0.00,0.21,1.00,1.00,0.03,
141.92,-37.40,Other crops,14.30,625.00,14.27,1318.24,78.00,5.10,1.10,8.76,23.65,22.59,53.76,0.92,0.00,0.81,1.00,1.00,0.25,
57.58,-20.25,Other crops,6.57,3600.00,23.62,1224.58,28.40,5.40,1.93,18.61,35.40,26.70,37.90,4.86,0.00,0.97,1.00,1.00,0.90,
57.58,-20.25,Other crops,6.57,3600.00,23.62,1224.58,28.40,5.40,1.93,18.61,35.40,26.70,37.90,4.86,0.00,1.00,1.00,1.00,0.50,
57.58,-20.25,Other crops,6.57,3600.00,23.62,1224.58,28.40,5.40,1.93,18.61,35.40,26.70,37.90,4.86,0.00,1.03,1.00,1.00,0.60,
57.58,-20.25,Other crops,6.57,3600.00,23.62,1224.58,28.40,5.40,1.93,18.61,35.40,26.70,37.90,4.86,0.00,1.07,1.00,1.00,0.77,
-1.57,51.65,Other crops,22.00,761.51,10.58,632.22,1.81,6.27,1.79,17.64,42.00,43.83,29.86,1.15,0.00,2.00,1.00,1.00,0.78,
-1.57,51.65,Other crops,22.00,761.51,10.58,632.22,1.81,6.27,1.79,17.64,42.00,43.83,29.86,1.15,0.00,1.00,1.00,1.00,0.42,
-51.21,-27.37,Other crops,5.41,1876.05,17.35,988.24,17.40,6.30,1.99,9.08,64.20,36.40,12.00,5.71,0.00,0.88,1.00,1.00,0.14,
-51.21,-27.37,Other crops,5.41,1876.05,17.35,988.24,17.40,6.30,1.99,9.08,64.20,36.40,12.00,11.31,0.00,0.88,1.00,1.00,0.86,
-51.21,-27.37,Other crops,5.41,1876.05,17.35,988.24,17.40,6.30,1.99,9.08,64.20,36.40,12.00,16.70,0.00,0.88,1.00,1.00,1.86,
-51.21,-27.37,Other crops,5.41,1876.05,17.35,988.24,17.40,6.30,1.99,9.08,64.20,36.40,12.00,11.24,0.00,0.00,1.00,1.00,0.45,
-51.21,-27.37,Other crops,5.41,1876.05,17.35,988.24,17.40,6.30,1.99,9.08,64.20,36.40,12.00,11.24,0.00,0.50,1.00,1.00,0.93,
-51.21,-27.37,Other crops,5.41,1876.05,17.35,988.24,17.40,6.30,1.99,9.08,64.20,36.40,12.00,11.24,0.00,1.00,1.00,1.00,1.30,
-51.21,-27.37,Other crops,5.41,1876.05,17.35,988.24,17.40,6.30,1.99,9.08,64.20,36.40,12.00,11.24,0.00,2.00,1.00,1.00,1.55,
-49.66,-27.19,Other crops,3.95,1659.60,19.11,992.20,12.76,5.50,1.77,19.86,22.50,44.10,33.40,14.04,0.00,0.88,1.00,1.00,0.03,
-49.66,-27.19,Other crops,3.95,1659.60,19.11,992.20,12.76,5.50,1.77,19.86,22.50,44.10,33.40,19.29,0.00,0.88,1.00,1.00,0.09,
-49.66,-27.19,Other crops,3.95,1659.60,19.11,992.20,12.76,5.50,1.77,19.86,22.50,44.10,33.40,13.95,0.00,0.00,1.00,1.00,0.04,
-49.66,-27.19,Other crops,3.95,1659.60,19.11,992.20,12.76,5.50,1.77,19.86,22.50,44.10,33.40,13.95,0.00,0.50,1.00,1.00,0.03,
-49.66,-27.19,Other crops,3.95,1659.60,19.11,992.20,12.76,5.50,1.77,19.86,22.50,44.10,33.40,13.95,0.00,1.00,1.00,1.00,0.04,
-49.66,-27.19,Other crops,3.95,1659.60,19.11,992.20,12.76,5.50,1.77,19.86,22.50,44.10,33.40,13.95,0.00,2.00,1.00,1.00,0.07,
-2.11,52.59,Wheat,104.64,700.00,10.16,582.95,2.28,6.21,1.75,19.12,24.38,35.64,39.98,4.50,0.00,1.00,1.00,1.00,0.60,
-0.98,52.59,Wheat,118.51,650.00,10.34,606.83,1.81,5.88,1.75,15.43,23.13,51.86,25.02,4.50,0.00,1.00,1.00,1.00,0.36,
3.89,7.45,Maize,9.33,1292.30,27.42,1203.22,1.00,6.43,1.44,7.61,15.23,17.16,80.00,10.00,0.00,1.00,1.00,1.00,4.85,
9.12,37.13,Other crops,10.07,1000.67,18.65,1281.35,29.00,5.20,1.08,19.12,62.60,21.80,15.80,1.81,0.00,1.00,1.00,1.00,2.05,
9.12,37.13,Other crops,10.07,1000.67,18.65,1281.35,29.00,5.20,1.08,19.12,62.60,21.80,15.80,1.81,0.00,1.00,1.00,1.00,2.33,
-76.52,3.10,Other crops,9.30,1792.00,19.41,1021.59,2.05,5.97,1.81,17.76,26.94,28.01,45.05,5.71,0.00,1.00,1.00,1.00,0.27,
-76.52,3.10,Other crops,9.30,1792.00,19.41,1021.59,2.05,5.97,1.81,17.76,26.94,28.01,45.05,5.71,0.00,1.00,1.00,1.00,0.75,
-76.52,3.10,Other crops,9.30,1792.00,19.41,1021.59,2.05,5.97,1.81,17.76,26.94,28.01,45.05,5.71,0.00,1.00,1.00,1.00,0.28,
-76.52,3.10,Other crops,9.30,1792.00,19.41,1021.59,2.05,5.97,1.81,17.76,26.94,28.01,45.05,5.71,0.00,1.00,1.00,1.00,0.05,
-76.58,2.88,Other crops,6.88,2168.00,18.13,983.58,4.42,5.02,1.89,25.69,34.51,28.38,37.11,9.09,0.00,1.00,1.00,1.00,0.27,
-76.58,2.88,Other crops,6.88,2168.00,18.13,983.58,4.42,5.02,1.89,25.69,34.51,28.38,37.11,9.09,0.00,1.00,1.00,1.00,0.12,
-76.58,2.88,Other crops,6.88,2168.00,18.13,983.58,4.42,5.02,1.89,25.69,34.51,28.38,37.11,9.09,0.00,1.00,1.00,1.00,0.03,
-76.58,2.88,Other crops,6.88,2168.00,18.13,983.58,4.42,5.02,1.89,25.69,34.51,28.38,37.11,9.09,0.00,1.00,1.00,1.00,0.03,
37.13,9.12,Other crops,7.63,1250.00,13.00,1247.96,17.50,5.68,1.91,23.06,38.09,26.16,35.75,5.14,0.00,1.00,1.00,1.00,0.35,
37.13,9.12,Other crops,8.82,1250.00,13.00,1247.96,22.30,5.68,1.91,23.06,38.09,26.16,35.75,5.14,0.00,1.00,1.00,1.00,0.48,
37.13,9.12,Other crops,8.23,1475.00,13.00,1247.96,17.30,5.68,1.91,23.06,38.09,26.16,35.75,5.14,0.00,1.00,1.00,1.00,0.86,
37.13,9.12,Other crops,10.02,1475.00,13.00,1247.96,19.70,5.68,1.91,23.06,38.09,26.16,35.75,5.14,0.00,1.00,1.00,1.00,0.91,
37.13,9.12,Other crops,8.75,1475.00,13.00,1247.96,16.60,5.68,1.91,23.06,38.09,26.16,35.75,5.14,0.00,1.00,1.00,1.00,1.22,
37.13,9.12,Other crops,9.59,1472.00,13.00,1247.96,20.80,5.68,1.91,23.06,38.09,26.16,35.75,5.14,0.00,1.00,1.00,1.00,0.57,
37.13,9.12,Other crops,8.33,1472.00,13.00,1247.96,18.50,5.68,1.91,23.06,38.09,26.16,35.75,5.14,0.00,1.00,1.00,1.00,0.90,
37.13,9.12,Other crops,10.84,1472.00,13.00,1247.96,22.50,5.68,1.91,23.06,38.09,26.16,35.75,5.14,0.00,1.00,1.00,1.00,0.91,
2.09,7.36,Maize,9.30,1100.00,27.00,1241.26,7.95,5.63,1.68,8.86,18.32,19.48,62.20,2.63,0.00,1.00,1.00,1.00,1.30,
2.09,7.36,Maize,9.30,1100.00,27.00,1241.26,7.95,5.63,1.68,8.86,18.32,19.48,62.20,2.63,0.00,1.00,1.00,1.00,0.72,
2.09,7.36,Maize,9.30,1100.00,27.00,1241.26,7.95,5.63,1.68,8.86,18.32,19.48,62.20,2.63,0.00,1.00,1.00,1.00,0.82,
2.09,7.36,Maize,9.30,1100.00,27.00,1241.26,7.95,5.63,1.68,8.86,18.32,19.48,62.20,2.63,0.00,1.00,1.00,1.00,6.10,
2.09,7.36,Maize,9.30,1100.00,27.00,1241.26,7.95,5.63,1.68,8.86,18.32,19.48,62.20,2.63,0.00,1.00,1.00,1.00,1.68,
2.09,7.36,Maize,9.30,1100.00,27.00,1241.26,7.95,5.63,1.68,8.86,18.32,19.48,62.20,2.63,0.00,1.00,1.00,1.00,0.30,
2.09,7.36,Maize,9.30,1100.00,27.00,1241.26,7.95,5.63,1.68,8.86,18.32,19.48,62.20,2.63,0.00,1.00,1.00,1.00,2.30,
2.09,7.36,Maize,9.30,1100.00,27.00,1241.26,7.95,5.63,1.68,8.86,18.32,19.48,62.20,2.63,0.00,1.00,1.00,1.00,1.70,
2.09,7.36,Maize,9.30,1100.00,27.00,1241.26,7.95,5.63,1.68,8.86,18.32,19.48,62.20,2.63,0.00,1.00,1.00,1.00,1.22,
2.09,7.36,Maize,9.30,1100.00,27.00,1241.26,7.95,5.63,1.68,8.86,18.32,19.48,62.20,2.63,0.00,1.00,1.00,1.00,1.38,
2.09,7.36,Maize,9.30,1100.00,27.00,1241.26,7.95,5.63,1.68,8.86,18.32,19.48,62.20,2.63,0.00,1.00,1.00,1.00,3.23,
2.09,7.36,Maize,9.30,1100.00,27.00,1241.26,7.95,5.63,1.68,8.86,18.32,19.48,62.20,2.63,0.00,1.00,1.00,1.00,3.15,
2.09,7.36,Maize,9.30,1100.00,27.00,1241.26,7.95,5.63,1.68,8.86,18.32,19.48,62.20,2.63,0.00,1.00,1.00,1.00,2.72,
2.09,7.36,Maize,9.30,1100.00,27.00,1241.26,7.95,5.63,1.68,8.86,18.32,19.48,62.20,2.63,0.00,1.00,1.00,1.00,7.37,
2.09,7.36,Maize,9.30,1100.00,27.00,1241.26,7.95,5.63,1.68,8.86,18.32,19.48,62.20,2.63,0.00,1.00,1.00,1.00,4.97,
2.09,7.36,Maize,9.30,1100.00,27.00,1241.26,7.95,5.63,1.68,8.86,18.32,19.48,62.20,2.63,0.00,1.00,1.00,1.00,1.02,
2.09,7.36,Maize,9.30,1100.00,27.00,1241.26,7.95,5.63,1.68,8.86,18.32,19.48,62.20,2.63,0.00,1.00,1.00,1.00,3.53,
2.09,7.36,Maize,9.30,1100.00,27.00,1241.26,7.95,5.63,1.68,8.86,18.32,19.48,62.20,2.63,0.00,1.00,1.00,1.00,5.70,
2.09,7.36,Maize,9.30,1100.00,27.00,1241.26,7.95,5.63,1.68,8.86,18.32,19.48,62.20,2.63,0.00,1.00,1.00,1.00,0.98,
2.26,7.21,Maize,11.98,1300.00,27.00,1241.32,7.19,6.40,1.78,9.99,25.26,21.29,53.44,2.86,0.00,1.00,1.00,1.00,2.10,
2.26,7.21,Maize,11.98,1300.00,27.00,1241.32,7.19,6.40,1.78,9.99,25.26,21.29,53.44,2.86,0.00,1.00,1.00,1.00,0.55,
2.26,7.21,Maize,11.98,1300.00,27.00,1241.32,7.19,6.40,1.78,9.99,25.26,21.29,53.44,2.86,0.00,1.00,1.00,1.00,0.30,
2.26,7.21,Maize,11.98,1300.00,27.00,1241.32,7.19,6.40,1.78,9.99,25.26,21.29,53.44,2.86,0.00,1.00,1.00,1.00,1.87,
2.26,7.21,Maize,11.98,1300.00,27.00,1241.32,7.19,6.40,1.78,9.99,25.26,21.29,53.44,2.86,0.00,1.00,1.00,1.00,1.72,
2.26,7.21,Maize,11.98,1300.00,27.00,1241.32,7.19,6.40,1.78,9.99,25.26,21.29,53.44,2.86,0.00,1.00,1.00,1.00,2.18,
2.26,7.21,Maize,11.98,1300.00,27.00,1241.32,7.19,6.40,1.78,9.99,25.26,21.29,53.44,2.86,0.00,1.00,1.00,1.00,0.80,
2.26,7.21,Maize,11.98,1300.00,27.00,1241.32,7.19,6.40,1.78,9.99,25.26,21.29,53.44,2.86,0.00,1.00,1.00,1.00,4.88,
2.26,7.21,Maize,11.98,1300.00,27.00,1241.32,7.19,6.40,1.78,9.99,25.26,21.29,53.44,2.86,0.00,1.00,1.00,1.00,1.97,
2.26,7.21,Maize,11.98,1300.00,27.00,1241.32,7.19,6.40,1.78,9.99,25.26,21.29,53.44,2.86,0.00,1.00,1.00,1.00,1.52,
2.26,7.21,Maize,11.98,1300.00,27.00,1241.32,7.19,6.40,1.78,9.99,25.26,21.29,53.44,2.86,0.00,1.00,1.00,1.00,0.55,
2.26,7.21,Maize,11.98,1300.00,27.00,1241.32,7.19,6.40,1.78,9.99,25.26,21.29,53.44,2.86,0.00,1.00,1.00,1.00,2.32,
2.26,7.21,Maize,11.98,1300.00,27.00,1241.32,7.19,6.40,1.78,9.99,25.26,21.29,53.44,2.86,0.00,1.00,1.00,1.00,2.35,
2.26,7.21,Maize,11.98,1300.00,27.00,1241.32,7.19,6.40,1.78,9.99,25.26,21.29,53.44,2.86,0.00,1.00,1.00,1.00,2.77,
2.26,7.21,Maize,11.98,1300.00,27.00,1241.32,7.19,6.40,1.78,9.99,25.26,21.29,53.44,2.86,0.00,1.00,1.00,1.00,4.08,
2.26,7.21,Maize,11.98,1300.00,27.00,1241.32,7.19,6.40,1.78,9.99,25.26,21.29,53.44,2.86,0.00,1.00,1.00,1.00,4.93,
2.26,7.21,Maize,11.98,1300.00,27.00,1241.32,7.19,6.40,1.78,9.99,25.26,21.29,53.44,2.86,0.00,1.00,1.00,1.00,2.13,
2.26,7.21,Maize,11.98,1300.00,27.00,1241.32,7.19,6.40,1.78,9.99,25.26,21.29,53.44,2.86,0.00,1.00,1.00,1.00,2.38,
2.26,7.21,Maize,11.98,1300.00,27.00,1241.32,7.19,6.40,1.78,9.99,25.26,21.29,53.44,2.86,0.00,1.00,1.00,1.00,0.30,
36.50,1.50,Maize,1.78,1006.00,17.60,1719.51,22.00,5.20,1.69,15.88,60.00,21.00,19.00,4.57,0.00,1.00,1.00,1.00,3.91,
36.50,1.50,Other crops,1.78,1006.00,17.60,1719.51,22.00,5.20,1.69,15.88,60.00,21.00,19.00,4.57,0.00,1.00,1.00,1.00,2.38,
36.50,1.50,Other crops,1.78,1006.00,17.60,1719.51,22.00,5.20,1.69,15.88,60.00,21.00,19.00,4.57,0.00,1.00,1.00,1.00,1.43,
36.62,11.53,Other crops,1.08,1598.00,24.65,1505.00,10.80,5.43,1.21,18.94,44.00,16.00,40.00,5.14,0.00,1.00,1.00,1.00,0.88,
36.62,11.53,Other crops,1.08,1598.00,24.65,1505.00,10.80,5.43,1.21,18.94,44.00,16.00,40.00,5.14,0.00,1.00,1.00,1.00,0.72,
36.62,11.53,Other crops,1.08,1598.00,24.65,1505.00,10.80,5.43,1.21,18.94,44.00,16.00,40.00,5.14,0.00,1.00,1.00,1.00,0.50,
36.62,11.53,Other crops,1.08,1598.00,24.65,1505.00,10.80,5.43,1.21,18.94,44.00,16.00,40.00,5.14,0.00,1.00,1.00,1.00,0.22,
36.62,11.53,Other crops,1.08,1598.00,24.65,1505.00,10.80,5.43,1.21,18.94,44.00,16.00,40.00,5.14,0.00,1.00,1.00,1.00,0.17,
36.62,11.53,Other crops,1.08,1598.00,24.65,1505.00,10.80,5.43,1.21,18.94,44.00,16.00,40.00,5.14,0.00,1.00,1.00,1.00,0.78,
36.62,11.53,Other crops,1.08,1598.00,24.65,1505.00,10.80,5.43,1.21,18.94,44.00,16.00,40.00,5.14,0.00,1.00,1.00,1.00,0.45,
36.62,11.53,Other crops,1.08,1598.00,24.65,1505.00,10.80,5.43,1.21,18.94,44.00,16.00,40.00,5.14,0.00,1.00,1.00,1.00,0.37,
36.62,11.53,Other crops,1.08,1598.00,24.65,1505.00,10.80,5.43,1.21,18.94,44.00,16.00,40.00,5.14,0.00,1.00,1.00,1.00,0.17,
36.62,11.53,Other crops,1.08,1598.00,24.65,1505.00,10.80,5.43,1.21,18.94,44.00,16.00,40.00,5.14,0.00,1.00,1.00,1.00,0.17,
36.62,11.53,Other crops,1.08,1598.00,24.65,1505.00,10.80,5.43,1.21,18.94,44.00,16.00,40.00,5.14,0.00,1.00,1.00,1.00,0.62,
36.62,11.53,Other crops,1.08,1598.00,24.65,1505.00,10.80,5.43,1.21,18.94,44.00,16.00,40.00,5.14,0.00,1.00,1.00,1.00,0.50,
36.62,11.53,Other crops,1.08,1598.00,24.65,1505.00,10.80,5.43,1.21,18.94,44.00,16.00,40.00,5.14,0.00,1.00,1.00,1.00,0.38,
36.62,11.53,Other crops,1.08,1598.00,24.65,1505.00,10.80,5.43,1.21,18.94,44.00,16.00,40.00,5.14,0.00,1.00,1.00,1.00,0.02,
36.62,11.53,Other crops,1.08,1598.00,24.65,1505.00,10.80,5.43,1.21,18.94,44.00,16.00,40.00,5.14,0.00,1.00,1.00,1.00,0.33,
39.53,13.25,Other crops,3.00,452.00,20.87,1600.72,13.00,7.39,1.28,26.45,30.40,27.80,41.80,4.06,0.00,1.00,1.00,1.00,0.33,
39.53,13.25,Other crops,3.00,452.00,20.87,1600.72,13.00,7.39,1.28,26.45,30.40,27.80,41.80,4.06,0.00,1.00,1.00,1.00,0.33,
39.25,13.23,Other crops,3.00,588.00,20.70,1597.13,16.00,6.98,1.27,11.77,40.10,32.60,27.00,3.61,0.00,1.00,1.00,1.00,0.33,
39.25,13.23,Other crops,3.00,588.00,20.70,1597.13,16.00,6.98,1.27,11.77,40.10,32.60,27.00,3.61,0.00,1.00,1.00,1.00,0.33,
38.22,13.54,Other crops,9.61,750.00,20.97,1615.97,13.30,7.63,1.27,12.74,53.30,27.40,19.30,4.07,0.00,0.61,1.00,1.00,0.06,
38.22,13.54,Other crops,3.17,750.00,20.97,1615.97,7.00,7.90,1.38,12.74,33.10,26.60,40.30,7.61,0.00,0.25,1.00,1.00,0.11,
38.22,13.54,Other crops,5.17,750.00,20.97,1615.97,9.10,7.23,1.06,12.74,46.00,44.50,9.50,8.75,0.00,0.33,1.00,1.00,0.26,
38.22,13.54,Other crops,8.83,750.00,20.97,1615.97,19.80,8.02,1.42,12.74,57.10,32.50,10.40,2.85,0.00,0.03,1.00,1.00,0.04,
38.22,13.54,Other crops,5.53,750.00,20.97,1615.97,19.50,7.78,1.07,12.74,55.30,33.90,10.80,6.42,0.00,0.06,1.00,1.00,0.09,
38.22,13.54,Other crops,2.19,750.00,20.97,1615.97,11.00,7.76,1.23,12.74,46.20,32.00,20.30,1.88,0.00,0.05,1.00,1.00,0.09,
38.22,13.54,Other crops,3.09,750.00,20.97,1615.97,22.20,7.79,1.27,12.74,32.40,35.70,31.90,8.09,0.00,0.05,1.00,1.00,0.12,
38.22,13.54,Other crops,4.54,750.00,20.97,1615.97,12.70,7.79,1.14,12.74,53.50,33.60,12.90,3.06,0.00,0.06,1.00,1.00,0.17,
38.22,13.54,Other crops,2.91,750.00,20.97,1615.97,15.70,7.87,1.01,12.74,59.10,34.50,6.40,1.94,0.00,0.02,1.00,1.00,0.07,
38.22,13.54,Other crops,2.91,750.00,20.97,1615.97,20.30,7.84,1.08,12.74,47.60,46.90,5.50,4.57,0.00,0.05,1.00,1.00,0.16,
38.22,13.54,Other crops,3.08,750.00,20.97,1615.97,16.10,7.62,1.42,12.74,52.00,42.70,5.30,3.83,0.00,0.03,1.00,1.00,0.11,
38.22,13.54,Other crops,7.92,750.00,20.97,1615.97,16.70,7.80,1.30,12.74,69.90,27.80,2.30,4.83,0.00,0.01,1.00,1.00,0.04,
-1.53,6.70,Maize,10.78,1400.00,26.00,1113.63,12.00,5.30,1.78,8.00,24.00,20.00,56.00,7.40,0.00,0.00,0.00,0.00,9.55,
-1.53,6.70,Maize,10.78,1400.00,26.00,1113.63,12.00,5.30,1.78,8.00,24.00,20.00,56.00,7.40,0.00,0.00,0.00,0.00,7.16,
-1.53,6.70,Maize,10.78,1400.00,26.00,1113.63,12.00,5.30,1.78,8.00,24.00,20.00,56.00,7.40,0.00,2.00,1.00,1.00,6.93,
-1.53,6.70,Maize,10.78,1400.00,26.00,1113.63,12.00,5.30,1.78,8.00,24.00,20.00,56.00,7.40,0.00,1.00,1.00,1.00,6.80,
-1.53,6.70,Maize,10.78,1400.00,26.00,1113.63,12.00,5.30,1.78,8.00,24.00,20.00,56.00,7.40,0.00,0.00,0.00,0.00,8.82,
-1.53,6.70,Maize,10.78,1400.00,26.00,1113.63,12.00,5.30,1.78,8.00,24.00,20.00,56.00,7.40,0.00,0.00,0.00,0.00,7.92,
-1.53,6.70,Maize,10.78,1400.00,26.00,1113.63,12.00,5.30,1.78,8.00,24.00,20.00,56.00,7.40,0.00,2.00,1.00,1.00,8.12,
-1.53,6.70,Maize,10.78,1400.00,26.00,1113.63,12.00,5.30,1.78,8.00,24.00,20.00,56.00,7.40,0.00,1.00,1.00,1.00,7.63,
-1.53,6.70,Other crops,10.78,1400.00,26.00,1113.63,12.00,5.30,1.78,8.00,24.00,20.00,56.00,7.40,0.00,0.00,0.00,0.00,7.32,
-1.53,6.70,Other crops,10.78,1400.00,26.00,1113.63,12.00,5.30,1.78,8.00,24.00,20.00,56.00,7.40,0.00,0.00,0.00,0.00,7.05,
-1.53,6.70,Other crops,10.78,1400.00,26.00,1113.63,12.00,5.30,1.78,8.00,24.00,20.00,56.00,7.40,0.00,1.33,1.00,1.00,6.17,
-1.53,6.70,Other crops,10.78,1400.00,26.00,1113.63,12.00,5.30,1.78,8.00,24.00,20.00,56.00,7.40,0.00,0.67,1.00,1.00,6.68,
-1.53,6.70,Other crops,10.78,1400.00,26.00,1113.63,12.00,5.30,1.78,8.00,24.00,20.00,56.00,7.40,0.00,0.00,0.00,0.00,6.54,
-1.53,6.70,Other crops,10.78,1400.00,26.00,1113.63,12.00,5.30,1.78,8.00,24.00,20.00,56.00,7.40,0.00,0.00,0.00,0.00,6.24,
-1.53,6.70,Other crops,10.78,1400.00,26.00,1113.63,12.00,5.30,1.78,8.00,24.00,20.00,56.00,7.40,0.00,1.33,1.00,1.00,5.65,
-1.53,6.70,Other crops,10.78,1400.00,26.00,1113.63,12.00,5.30,1.78,8.00,24.00,20.00,56.00,7.40,0.00,0.67,1.00,1.00,5.04,
37.88,-0.25,Other crops,7.30,632.50,23.00,1568.08,2.37,5.49,1.98,20.38,45.57,25.38,29.05,2.44,0.00,1.00,1.00,1.00,4.64,
37.88,-0.25,Other crops,7.30,632.50,23.00,1568.08,2.37,5.49,1.98,20.38,45.57,25.38,29.05,2.44,0.00,1.00,1.00,1.00,3.67,
37.88,-0.25,Other crops,7.30,632.50,23.00,1568.08,2.37,5.49,1.98,20.38,45.57,25.38,29.05,2.44,0.00,1.00,1.00,1.00,3.82,
37.88,-0.25,Other crops,7.30,632.50,23.00,1568.08,2.37,5.49,1.98,20.38,45.57,25.38,29.05,2.44,0.00,1.00,1.00,1.00,3.54,
37.88,-0.25,Other crops,7.30,632.50,23.00,1568.08,2.37,5.49,1.98,20.38,45.57,25.38,29.05,2.44,0.00,1.00,1.00,1.00,4.47,
37.88,-0.25,Other crops,7.30,632.50,23.00,1568.08,2.37,5.49,1.98,20.38,45.57,25.38,29.05,2.44,0.00,0.00,0.00,0.00,4.55,
30.77,-19.83,Maize,11.96,550.00,20.19,1364.37,4.64,5.10,1.51,7.40,5.00,16.43,70.93,2.58,0.00,1.00,1.00,1.00,0.75,
30.77,-19.83,Maize,11.96,550.00,20.19,1364.37,4.64,5.10,1.51,7.40,5.00,16.43,70.93,2.58,0.00,1.00,1.00,1.00,0.09,
30.77,-19.83,Maize,11.96,550.00,20.19,1364.37,4.64,5.10,1.51,7.40,5.00,16.43,70.93,0.57,0.00,1.00,1.00,1.00,0.17,
30.77,-19.83,Maize,11.96,550.00,20.19,1364.37,4.64,5.10,1.51,7.40,5.00,16.43,70.93,2.58,0.00,1.00,1.00,1.00,0.67,
38.15,9.15,Wheat,3.00,1400.00,21.00,1217.07,2.22,5.91,1.74,16.65,23.60,37.27,39.13,5.71,0.00,1.00,1.00,1.00,3.37,
38.53,8.39,Wheat,0.43,900.00,17.00,1274.84,9.70,6.39,1.87,24.57,37.14,27.17,35.69,0.86,0.00,1.00,1.00,1.00,7.50,
38.53,8.39,Wheat,0.55,900.00,17.00,1274.84,6.50,6.39,1.87,24.57,37.14,27.17,35.69,0.86,0.00,1.00,1.00,1.00,6.67,
37.63,-0.38,Maize,20.10,1451.00,20.93,1431.74,15.22,4.93,1.97,19.06,44.27,26.26,29.47,2.58,0.00,1.00,1.00,1.00,13.33,
37.63,-0.38,Maize,20.10,1451.00,20.93,1431.74,15.22,4.93,1.97,19.06,44.27,26.26,29.47,2.58,0.00,1.00,1.00,1.00,12.00,
37.63,-0.38,Maize,20.10,1451.00,20.93,1431.74,15.22,4.93,1.97,19.06,44.27,26.26,29.47,2.58,0.00,1.00,1.00,1.00,11.17,
28.11,-2.38,Maize,14.40,1411.00,22.35,1077.73,4.26,5.00,1.90,24.92,34.97,27.95,37.08,8.53,0.00,1.00,1.00,1.00,45.47,
28.11,-2.38,Other crops,14.40,1411.00,22.35,1077.73,4.26,5.00,1.90,24.92,34.97,27.95,37.08,8.53,0.00,1.00,1.00,1.00,48.10,
-1.81,41.48,Other crops,38.81,550.00,15.00,1186.11,10.44,7.80,1.65,14.37,8.60,42.70,49.40,2.53,0.00,1.00,1.00,1.00,1.43,
-1.81,41.48,Other crops,38.81,550.00,15.00,1186.11,5.22,7.80,1.65,14.37,8.60,42.70,49.40,2.53,0.00,1.00,1.00,1.00,0.90,
-1.81,41.48,Other crops,38.81,550.00,15.00,1186.11,2.32,7.54,1.65,14.37,12.00,43.00,37.00,2.53,0.00,1.00,1.00,1.00,5.04,
-1.81,41.48,Other crops,38.81,550.00,15.00,1186.11,10.44,8.20,1.65,14.37,80.00,10.00,10.00,2.53,0.00,1.00,1.00,1.00,3.20,
-1.25,36.73,Other crops,16.91,327.13,19.04,973.89,26.20,5.21,1.75,24.00,51.00,29.22,19.80,6.84,0.00,0.98,1.00,1.00,13.17,
-1.25,36.73,Other crops,16.91,327.13,19.04,973.89,26.20,5.21,1.75,24.00,51.00,29.22,19.80,6.84,0.00,0.96,1.00,1.00,13.83,
37.42,11.53,Other crops,6.90,1400.00,18.00,1360.34,1.73,6.00,1.32,25.00,39.00,25.00,36.00,2.01,1.00,0.00,1.00,1.00,0.24,
37.42,11.53,Other crops,6.90,1400.00,18.00,1360.34,1.73,6.00,1.32,25.00,39.00,25.00,36.00,2.01,1.00,0.00,1.00,1.00,0.39,
37.42,11.53,Other crops,6.90,1456.57,18.00,1360.34,1.73,6.00,1.32,25.00,39.00,25.00,36.00,2.01,1.00,0.00,1.00,1.00,0.50,
37.42,11.53,Other crops,6.90,1456.57,18.00,1360.34,1.73,6.00,1.32,25.00,39.00,25.00,36.00,2.01,1.00,0.00,1.00,1.00,0.70,
-52.50,-31.57,Other crops,64.37,1367.00,12.30,1054.12,15.60,6.40,1.78,11.15,63.40,23.59,13.01,11.86,0.00,1.00,1.00,1.00,0.70,
-52.50,-31.57,Other crops,64.37,1367.00,12.30,1054.12,15.60,6.40,1.78,11.15,63.40,23.59,13.01,11.86,0.00,1.00,1.00,1.00,1.10,
-52.50,-31.57,Other crops,64.37,1367.00,12.30,1054.12,15.60,6.40,1.78,11.15,63.40,23.59,13.01,11.86,0.00,1.00,1.00,1.00,0.90,
-52.50,-31.57,Other crops,64.37,1367.00,12.30,1054.12,15.60,6.40,1.78,11.15,63.40,23.59,13.01,11.86,0.00,1.00,1.00,1.00,0.50,
37.30,6.98,Maize,6.83,1886.00,20.63,1386.20,3.27,6.00,1.24,22.45,28.50,36.00,39.00,15.92,0.00,1.00,1.00,1.00,0.13,
37.30,6.98,Maize,6.83,1886.00,20.63,1386.20,3.27,6.00,1.24,22.45,28.50,36.00,39.00,15.92,0.00,1.00,1.00,1.00,0.01,
37.30,6.98,Maize,6.83,1886.00,20.63,1386.20,3.27,6.00,1.24,22.45,28.50,36.00,39.00,15.92,0.00,1.00,1.00,1.00,0.04,
37.30,6.98,Maize,6.83,1886.00,20.63,1386.20,3.27,6.00,1.24,22.45,28.50,36.00,39.00,15.92,0.00,1.00,1.00,1.00,0.01,
37.30,6.98,Maize,6.83,1886.00,20.63,1386.20,3.27,6.00,1.24,22.45,28.50,36.00,39.00,15.92,0.00,1.00,1.00,1.00,0.01,
37.30,6.98,Maize,6.83,1886.00,20.63,1386.20,3.27,6.00,1.24,22.45,28.50,36.00,39.00,15.92,0.00,1.00,1.00,1.00,0.01,
37.30,6.98,Maize,6.83,1886.00,20.63,1386.20,3.27,6.00,1.24,22.45,28.50,36.00,39.00,15.92,0.00,1.00,1.00,1.00,0.11,
37.30,6.98,Maize,6.83,1886.00,20.63,1386.20,3.27,6.00,1.24,22.45,28.50,36.00,39.00,15.92,0.00,1.00,1.00,1.00,0.02,
37.30,6.98,Maize,6.83,1886.00,20.63,1386.20,3.27,6.00,1.24,22.45,28.50,36.00,39.00,15.92,0.00,1.00,1.00,1.00,0.02,
-50.33,-27.82,Other crops,35.77,1600.00,16.93,962.65,5.92,5.10,1.75,27.00,22.00,34.00,44.00,5.83,0.00,1.63,0.00,0.00,0.01,
-50.33,-27.82,Other crops,196.98,1600.00,16.93,962.65,5.92,5.10,1.75,27.00,22.00,34.00,44.00,5.83,0.00,1.63,0.00,0.00,0.03,
-50.33,-27.82,Other crops,199.80,1600.00,16.93,962.65,5.92,5.10,1.75,27.00,22.00,34.00,44.00,5.83,0.00,1.63,0.00,0.00,0.04,
-50.33,-27.82,Other crops,15.09,1600.00,16.93,962.65,5.92,5.10,1.75,27.00,22.00,34.00,44.00,5.83,0.00,1.63,0.00,0.00,0.01,
-50.33,-27.82,Other crops,5.69,1600.00,16.93,962.65,5.92,5.10,1.75,27.00,22.00,34.00,44.00,5.83,0.00,1.63,0.00,0.00,0.23,
-50.33,-27.82,Wheat,64.91,1600.00,16.93,962.65,5.92,5.10,1.75,27.00,22.00,34.00,44.00,5.83,0.00,1.00,0.00,0.00,0.11,
-50.33,-27.82,Wheat,35.30,1600.00,16.93,962.65,5.92,5.10,1.75,27.00,22.00,34.00,44.00,5.83,0.00,1.00,0.00,0.00,0.18,
-50.33,-27.82,Wheat,67.73,1600.00,16.93,962.65,5.92,5.10,1.75,27.00,22.00,34.00,44.00,5.83,0.00,1.00,0.00,0.00,0.15,
-50.33,-27.82,Wheat,15.56,1600.00,16.93,962.65,5.92,5.10,1.75,27.00,22.00,34.00,44.00,5.83,0.00,1.00,0.00,0.00,0.13,
-50.33,-27.82,Wheat,18.85,1600.00,16.93,962.65,5.92,5.10,1.75,27.00,22.00,34.00,44.00,5.83,0.00,1.00,0.00,0.00,3.88,
-50.33,-27.82,Other crops,91.23,1600.00,16.93,962.65,5.92,5.10,1.75,27.00,22.00,34.00,44.00,5.83,0.00,3.42,1.00,1.00,0.04,
-50.33,-27.82,Other crops,34.36,1600.00,16.93,962.65,5.92,5.10,1.75,27.00,22.00,34.00,44.00,5.83,0.00,3.42,1.00,1.00,0.15,
-50.33,-27.82,Other crops,34.36,1600.00,16.93,962.65,5.92,5.10,1.75,27.00,22.00,34.00,44.00,5.83,0.00,3.42,1.00,1.00,0.03,
-50.33,-27.82,Other crops,15.09,1600.00,16.93,962.65,5.92,5.10,1.75,27.00,22.00,34.00,44.00,5.83,0.00,3.42,1.00,1.00,0.03,
-50.33,-27.82,Other crops,7.10,1600.00,16.93,962.65,5.92,5.10,1.75,27.00,22.00,34.00,44.00,5.83,0.00,3.42,1.00,1.00,0.30,
-50.33,-27.82,Wheat,9.92,1600.00,16.93,962.65,5.92,5.10,1.75,27.00,22.00,34.00,44.00,5.83,0.00,0.00,1.00,1.00,0.02,
-50.33,-27.82,Wheat,26.37,1600.00,16.93,962.65,5.92,5.10,1.75,27.00,22.00,34.00,44.00,5.83,0.00,0.00,1.00,1.00,0.13,
-50.33,-27.82,Wheat,8.98,1600.00,16.93,962.65,5.92,5.10,1.75,27.00,22.00,34.00,44.00,5.83,0.00,0.00,1.00,1.00,0.02,
-50.33,-27.82,Wheat,3.34,1600.00,16.93,962.65,5.92,5.10,1.75,27.00,22.00,34.00,44.00,5.83,0.00,0.00,1.00,1.00,0.04,
-49.13,-25.39,Maize,4.56,1600.00,20.00,938.85,2.28,6.00,1.30,19.12,55.40,9.00,35.60,0.84,0.00,1.00,1.00,1.00,3.00,
-49.13,-25.39,Maize,4.33,1600.00,20.00,938.85,2.28,5.90,1.20,19.12,64.60,9.80,25.60,0.84,0.00,1.00,1.00,1.00,2.20,
-49.13,-25.39,Other crops,5.03,1600.00,20.00,938.85,2.28,5.80,1.20,19.12,62.90,11.50,25.70,0.84,0.00,1.00,1.00,1.00,1.50,
-52.24,-27.63,Other crops,4.56,2092.95,19.34,1131.20,1.64,5.80,1.19,28.40,26.90,43.82,29.28,16.70,0.00,1.00,1.00,1.00,0.01,
-52.24,-27.63,Other crops,4.99,2092.95,19.34,1131.20,1.64,6.50,1.17,6.30,21.92,39.71,38.37,14.04,0.00,1.00,1.00,1.00,0.02,
-52.24,-27.63,Other crops,4.19,2092.95,19.34,1131.20,1.64,6.10,1.24,14.60,32.42,54.45,13.13,16.70,0.00,1.00,1.00,1.00,0.03,
-52.24,-27.63,Other crops,6.58,2092.95,19.34,1131.20,1.64,5.20,1.13,22.90,26.03,50.57,23.40,10.20,0.00,1.00,1.00,1.00,0.05,
-52.24,-27.63,Other crops,4.09,2092.95,19.34,1131.20,1.64,5.00,1.11,10.50,25.50,51.52,22.98,10.20,0.00,1.00,1.00,1.00,0.04,
-76.24,4.51,Other crops,9.21,1750.00,18.00,1032.91,8.11,5.40,1.74,43.00,22.00,38.00,40.00,10.49,0.00,1.00,1.00,1.00,0.03,
-76.24,4.51,Other crops,9.21,1750.00,18.00,1032.91,8.11,5.40,1.74,43.00,22.00,38.00,40.00,10.49,0.00,1.00,1.00,1.00,0.03,
-76.24,4.51,Other crops,9.21,1750.00,18.00,1032.91,8.11,5.40,1.74,43.00,22.00,38.00,40.00,10.49,0.00,1.00,1.00,1.00,0.03,
-76.24,4.51,Other crops,9.21,1750.00,18.00,1032.91,8.11,5.40,1.74,43.00,22.00,38.00,40.00,10.49,0.00,1.00,1.00,1.00,0.03,
-76.24,4.51,Other crops,9.21,1750.00,18.00,1032.91,8.11,5.40,1.74,43.00,22.00,38.00,40.00,10.49,0.00,1.00,1.00,1.00,1.00,
-76.24,4.51,Other crops,9.21,1750.00,18.00,1032.91,8.11,5.40,1.74,43.00,22.00,38.00,40.00,10.49,0.00,1.00,1.00,1.00,0.04,
-76.24,4.51,Other crops,9.21,1750.00,18.00,1032.91,8.11,5.40,1.74,43.00,22.00,38.00,40.00,10.49,0.00,1.00,1.00,1.00,0.05,
92.23,22.14,Other crops,1.37,2715.10,25.75,1196.46,2.20,5.00,1.84,19.00,29.00,29.00,42.00,10.49,0.00,2.12,1.00,1.00,0.02,
92.23,22.14,Other crops,1.37,2715.10,25.75,1196.46,2.20,5.00,1.84,19.00,29.00,29.00,42.00,10.49,0.00,2.12,1.00,1.00,0.30,
92.23,22.14,Maize,1.37,2715.10,25.75,1196.46,2.20,5.00,1.84,19.00,29.00,29.00,42.00,10.49,0.00,1.00,1.00,1.00,0.08,
92.23,22.14,Maize,1.37,2715.10,25.75,1196.46,2.20,5.00,1.84,19.00,29.00,29.00,42.00,10.49,0.00,1.00,1.00,1.00,0.82,
79.60,29.87,Other crops,16.72,1460.00,18.00,1115.29,2.64,6.39,1.43,8.68,15.00,55.00,63.00,10.49,0.00,0.00,1.00,1.00,4.14,
79.60,29.87,Other crops,16.72,1620.00,18.00,1115.29,2.64,6.16,1.15,14.56,9.00,25.00,66.00,11.36,0.00,0.00,1.00,1.00,5.67,
79.60,29.87,Other crops,16.72,1620.00,18.00,1115.29,2.64,6.16,1.15,14.56,9.00,25.00,66.00,11.36,0.00,0.00,1.00,1.00,1.69,
79.60,29.87,Other crops,16.72,1620.00,18.00,1115.29,2.64,6.16,1.15,14.56,9.00,25.00,66.00,11.36,0.00,0.00,1.00,1.00,2.20,
79.60,29.87,Other crops,16.72,1620.00,18.00,1115.29,2.64,6.16,1.15,14.56,9.00,25.00,66.00,11.36,0.00,0.00,1.00,1.00,0.95,
79.60,29.87,Other crops,10.00,1390.00,18.00,1115.29,2.64,6.24,1.05,11.79,11.00,25.00,63.00,12.68,0.00,1.00,1.00,1.00,0.96,
79.60,29.87,Other crops,10.00,1390.00,18.00,1115.29,2.64,6.24,1.05,11.79,11.00,25.00,63.00,12.68,0.00,1.00,1.00,1.00,0.39,
79.60,29.87,Other crops,10.00,1390.00,18.00,1115.29,2.64,6.24,1.05,11.79,11.00,25.00,63.00,12.68,0.00,1.00,1.00,1.00,0.49,
79.60,29.87,Other crops,10.00,1390.00,18.00,1115.29,2.64,6.24,1.05,11.79,11.00,25.00,63.00,12.68,0.00,1.00,1.00,1.00,0.14,
79.60,29.87,Other crops,5.15,1350.00,18.00,1115.29,2.64,6.84,1.31,12.16,11.00,16.00,73.00,15.64,0.00,0.00,1.00,1.00,1.95,
79.60,29.87,Other crops,5.15,1350.00,18.00,1115.29,2.64,6.84,1.31,12.16,11.00,16.00,73.00,15.64,0.00,0.00,1.00,1.00,1.43,
79.60,29.87,Other crops,5.15,1350.00,18.00,1115.29,2.64,6.84,1.31,12.16,11.00,16.00,73.00,15.64,0.00,0.00,1.00,1.00,1.62,
79.60,29.87,Other crops,5.15,1350.00,18.00,1115.29,2.64,6.84,1.31,12.16,11.00,16.00,73.00,15.64,0.00,0.00,1.00,1.00,1.34,
88.61,27.28,Other crops,3.06,3300.00,13.00,846.54,9.88,5.60,1.01,18.00,14.47,53.29,32.24,16.70,0.00,1.00,1.00,1.00,2.35,
88.61,27.28,Other crops,3.06,3300.00,13.00,846.54,13.43,5.30,1.13,18.00,15.82,52.73,31.45,16.70,0.00,1.00,1.00,1.00,1.59,
88.61,27.28,Other crops,3.06,3300.00,13.00,846.54,6.21,6.10,1.41,18.00,17.30,68.21,45.71,16.70,0.00,1.00,1.00,1.00,2.43,
84.89,27.79,Maize,17.00,1370.00,19.50,1069.71,8.70,5.80,1.71,18.00,17.00,23.30,59.60,11.07,0.00,1.00,1.00,1.00,0.37,
84.89,27.79,Maize,17.00,1370.00,19.50,1069.71,8.70,5.80,1.71,18.00,17.00,23.30,59.60,11.07,0.00,1.00,1.00,1.00,0.78,
84.89,27.79,Maize,17.00,1370.00,19.50,1069.71,8.70,5.80,1.71,18.00,17.00,23.30,59.60,11.07,0.00,1.00,1.00,1.00,0.55,
72.58,33.55,Other crops,4.52,962.17,22.76,1238.14,7.80,8.02,1.61,14.00,15.00,30.00,55.00,0.57,0.00,0.00,0.00,0.00,0.20,
72.58,33.55,Other crops,4.52,962.17,22.76,1238.14,7.80,8.02,1.61,14.00,15.00,30.00,55.00,2.86,0.00,0.00,0.00,0.00,0.32,
72.58,33.55,Other crops,4.52,962.17,22.76,1238.14,7.80,8.02,1.61,14.00,15.00,30.00,55.00,5.71,0.00,0.00,0.00,0.00,0.66,
72.58,33.55,Other crops,4.52,962.17,22.76,1238.14,7.80,8.02,1.61,14.00,15.00,30.00,55.00,0.57,0.00,2.00,1.00,1.00,0.66,
72.58,33.55,Other crops,4.52,962.17,22.76,1238.14,7.80,8.02,1.61,14.00,15.00,30.00,55.00,2.86,0.00,2.00,1.00,1.00,0.98,
72.58,33.55,Other crops,4.52,962.17,22.76,1238.14,7.80,8.02,1.61,14.00,15.00,30.00,55.00,5.71,0.00,2.00,1.00,1.00,1.12,
72.58,33.55,Other crops,4.52,962.17,22.76,1238.14,7.80,8.02,1.61,14.00,15.00,30.00,55.00,0.57,0.00,1.00,1.00,1.00,0.52,
72.58,33.55,Other crops,4.52,962.17,22.76,1238.14,7.80,8.02,1.61,14.00,15.00,30.00,55.00,2.86,0.00,1.00,1.00,1.00,0.76,
72.58,33.55,Other crops,4.52,962.17,22.76,1238.14,7.80,8.02,1.61,14.00,15.00,30.00,55.00,5.71,0.00,1.00,1.00,1.00,0.88,
72.58,33.55,Other crops,4.52,962.17,22.76,1238.14,7.80,8.02,1.61,14.00,15.00,30.00,55.00,0.57,0.00,0.00,0.00,0.00,0.22,
72.58,33.55,Other crops,4.52,962.17,22.76,1238.14,7.80,8.02,1.61,14.00,15.00,30.00,55.00,2.86,0.00,0.00,0.00,0.00,0.48,
72.58,33.55,Other crops,4.52,962.17,22.76,1238.14,7.80,8.02,1.61,14.00,15.00,30.00,55.00,5.71,0.00,0.00,0.00,0.00,0.83,
72.58,33.55,Other crops,4.52,962.17,22.76,1238.14,7.80,8.02,1.61,14.00,15.00,30.00,55.00,0.57,0.00,0.00,0.00,0.00,0.16,
72.58,33.55,Other crops,4.52,962.17,22.76,1238.14,7.80,8.02,1.61,14.00,15.00,30.00,55.00,2.86,0.00,0.00,0.00,0.00,0.20,
72.58,33.55,Other crops,4.52,962.17,22.76,1238.14,7.80,8.02,1.61,14.00,15.00,30.00,55.00,5.71,0.00,0.00,0.00,0.00,0.31,
72.58,33.55,Other crops,4.52,962.17,22.76,1238.14,7.80,8.02,1.61,14.00,15.00,30.00,55.00,0.57,0.00,2.00,1.00,1.00,0.87,
72.58,33.55,Other crops,4.52,962.17,22.76,1238.14,7.80,8.02,1.61,14.00,15.00,30.00,55.00,2.86,0.00,2.00,1.00,1.00,1.00,
72.58,33.55,Other crops,4.52,962.17,22.76,1238.14,7.80,8.02,1.61,14.00,15.00,30.00,55.00,5.71,0.00,2.00,1.00,1.00,1.12,
72.58,33.55,Other crops,4.52,962.17,22.76,1238.14,7.80,8.02,1.61,14.00,15.00,30.00,55.00,0.57,0.00,1.00,1.00,1.00,0.37,
72.58,33.55,Other crops,4.52,962.17,22.76,1238.14,7.80,8.02,1.61,14.00,15.00,30.00,55.00,2.86,0.00,1.00,1.00,1.00,0.48,
72.58,33.55,Other crops,4.52,962.17,22.76,1238.14,7.80,8.02,1.61,14.00,15.00,30.00,55.00,5.71,0.00,1.00,1.00,1.00,0.90,
72.58,33.55,Other crops,4.52,962.17,22.76,1238.14,7.80,8.02,1.61,14.00,15.00,30.00,55.00,0.57,0.00,0.00,0.00,0.00,0.28,
72.58,33.55,Other crops,4.52,962.17,22.76,1238.14,7.80,8.02,1.61,14.00,15.00,30.00,55.00,2.86,0.00,0.00,0.00,0.00,0.36,
72.58,33.55,Other crops,4.52,962.17,22.76,1238.14,7.80,8.02,1.61,14.00,15.00,30.00,55.00,5.71,0.00,0.00,0.00,0.00,0.61,
72.58,33.55,Other crops,4.52,962.17,22.76,1238.14,7.80,8.02,1.61,14.00,15.00,30.00,55.00,0.57,0.00,0.00,0.00,0.00,0.14,
72.58,33.55,Other crops,4.52,962.17,22.76,1238.14,7.80,8.02,1.61,14.00,15.00,30.00,55.00,2.86,0.00,0.00,0.00,0.00,0.18,
72.58,33.55,Other crops,4.52,962.17,22.76,1238.14,7.80,8.02,1.61,14.00,15.00,30.00,55.00,5.71,0.00,0.00,0.00,0.00,0.29,
72.58,33.55,Other crops,4.52,962.17,22.76,1238.14,7.80,8.02,1.61,14.00,15.00,30.00,55.00,0.57,0.00,2.00,1.00,1.00,0.85,
72.58,33.55,Other crops,4.52,962.17,22.76,1238.14,7.80,8.02,1.61,14.00,15.00,30.00,55.00,2.86,0.00,2.00,1.00,1.00,0.98,
72.58,33.55,Other crops,4.52,962.17,22.76,1238.14,7.80,8.02,1.61,14.00,15.00,30.00,55.00,5.71,0.00,2.00,1.00,1.00,1.10,
72.58,33.55,Other crops,4.52,962.17,22.76,1238.14,7.80,8.02,1.61,14.00,15.00,30.00,55.00,0.57,0.00,1.00,1.00,1.00,0.34,
72.58,33.55,Other crops,4.52,962.17,22.76,1238.14,7.80,8.02,1.61,14.00,15.00,30.00,55.00,2.86,0.00,1.00,1.00,1.00,0.46,
72.58,33.55,Other crops,4.52,962.17,22.76,1238.14,7.80,8.02,1.61,14.00,15.00,30.00,55.00,5.71,0.00,1.00,1.00,1.00,0.87,
72.58,33.55,Other crops,4.52,962.17,22.76,1238.14,7.80,8.02,1.61,14.00,15.00,30.00,55.00,0.57,0.00,0.00,0.00,0.00,0.26,
72.58,33.55,Other crops,4.52,962.17,22.76,1238.14,7.80,8.02,1.61,14.00,15.00,30.00,55.00,2.86,0.00,0.00,0.00,0.00,0.33,
72.58,33.55,Other crops,4.52,962.17,22.76,1238.14,7.80,8.02,1.61,14.00,15.00,30.00,55.00,5.71,0.00,0.00,0.00,0.00,0.59,
72.58,33.55,Other crops,4.52,962.17,22.76,1238.14,7.80,8.02,1.61,14.00,15.00,30.00,55.00,0.57,0.00,0.00,0.00,0.00,0.20,
72.58,33.55,Other crops,4.52,962.17,22.76,1238.14,7.80,8.02,1.61,14.00,15.00,30.00,55.00,2.86,0.00,0.00,0.00,0.00,0.28,
72.58,33.55,Other crops,4.52,962.17,22.76,1238.14,7.80,8.02,1.61,14.00,15.00,30.00,55.00,5.71,0.00,0.00,0.00,0.00,0.36,
72.58,33.55,Other crops,4.52,962.17,22.76,1238.14,7.80,8.02,1.61,14.00,15.00,30.00,55.00,0.57,0.00,2.00,1.00,1.00,0.70,
72.58,33.55,Other crops,4.52,962.17,22.76,1238.14,7.80,8.02,1.61,14.00,15.00,30.00,55.00,2.86,0.00,2.00,1.00,1.00,0.79,
72.58,33.55,Other crops,4.52,962.17,22.76,1238.14,7.80,8.02,1.61,14.00,15.00,30.00,55.00,5.71,0.00,2.00,1.00,1.00,0.91,
72.58,33.55,Other crops,4.52,962.17,22.76,1238.14,7.80,8.02,1.61,14.00,15.00,30.00,55.00,0.57,0.00,1.00,1.00,1.00,0.40,
72.58,33.55,Other crops,4.52,962.17,22.76,1238.14,7.80,8.02,1.61,14.00,15.00,30.00,55.00,2.86,0.00,1.00,1.00,1.00,0.46,
72.58,33.55,Other crops,4.52,962.17,22.76,1238.14,7.80,8.02,1.61,14.00,15.00,30.00,55.00,5.71,0.00,1.00,1.00,1.00,0.77,
72.58,33.55,Other crops,4.52,962.17,22.76,1238.14,7.80,8.02,1.61,14.00,15.00,30.00,55.00,0.57,0.00,0.00,0.00,0.00,0.32,
72.58,33.55,Other crops,4.52,962.17,22.76,1238.14,7.80,8.02,1.61,14.00,15.00,30.00,55.00,2.86,0.00,0.00,0.00,0.00,0.38,
72.58,33.55,Other crops,4.52,962.17,22.76,1238.14,7.80,8.02,1.61,14.00,15.00,30.00,55.00,5.71,0.00,0.00,0.00,0.00,0.37,
75.88,25.23,Other crops,7.80,790.50,26.89,1843.16,3.50,8.20,2.02,41.00,27.00,45.20,27.80,1.15,0.00,0.00,0.00,0.00,0.84,
75.88,25.23,Other crops,7.80,790.50,26.89,1843.16,3.50,8.20,2.02,41.00,27.00,45.20,27.80,1.15,0.00,1.00,1.00,1.00,0.73,
75.88,25.23,Other crops,7.80,790.50,26.89,1843.16,3.50,8.20,2.02,41.00,27.00,45.20,27.80,1.15,0.00,1.00,1.00,1.00,0.53,
75.88,25.23,Other crops,7.80,790.50,26.89,1843.16,3.50,8.20,2.02,41.00,27.00,45.20,27.80,1.15,0.00,1.00,1.00,1.00,0.58,
75.88,25.23,Other crops,7.80,790.50,26.89,1843.16,3.50,8.20,2.02,41.00,27.00,45.20,27.80,1.15,0.00,1.00,1.00,1.00,0.58,
75.88,25.23,Other crops,7.80,790.50,26.89,1843.16,3.50,8.20,2.02,41.00,27.00,45.20,27.80,1.15,0.00,1.00,1.00,1.00,0.52,
75.88,25.23,Other crops,7.80,790.50,26.89,1843.16,3.50,8.20,2.02,41.00,27.00,45.20,27.80,1.15,0.00,1.00,1.00,1.00,0.52,
75.88,25.23,Other crops,7.80,790.50,26.89,1843.16,3.50,8.20,2.02,41.00,27.00,45.20,27.80,1.15,0.00,1.00,1.00,1.00,0.51,
